gender,branch,cgpa,tenth_percentage,twelfth_percentage,backlogs,study_hours_per_day,attendance_percentage,projects_completed,internships_completed,coding_skill_rating,communication_skill_rating,aptitude_skill_rating,hackathons_participated,certifications_count,sleep_hours,stress_level,part_time_job,family_income_level,city_tier,internet_access,extracurricular_involvement,placement_status
Male,ECE,8.74,74.0,75.0,0,3.8,71.1,7,3,4,2,5,4,5,6.5,8,Yes,Medium,Tier 2,Yes,Medium,Placed
Female,ECE,7.8,75.3,69.7,0,6.3,69.5,5,1,3,4,3,4,1,7.1,8,Yes,Medium,Tier 3,Yes,Low,Placed
Female,IT,6.95,62.8,68.3,0,1.5,62.5,8,2,5,1,4,6,3,6.1,2,No,Low,Tier 2,Yes,High,Placed
Male,ECE,7.46,57.9,51.4,1,4.7,64.6,6,2,3,1,4,2,2,7.3,7,No,Medium,Tier 1,Yes,Low,Placed
Male,IT,6.86,61.3,73.5,2,5.2,75.9,3,3,2,5,3,2,1,6.0,7,No,Medium,Tier 1,Yes,Medium,Placed
Male,CSE,7.46,70.5,70.4,3,3.6,81.7,5,3,3,5,4,2,2,8.8,10,Yes,High,Tier 1,Yes,Medium,Placed
Male,CE,8.26,81.2,74.8,0,1.8,59.6,4,1,3,1,3,4,4,5.7,8,No,Low,Tier 1,No,High,Placed
Female,IT,7.01,63.9,61.2,0,2.4,64.7,7,1,4,1,4,4,5,4.2,10,No,Medium,Tier 2,Yes,Low,Placed
Female,CSE,7.97,71.4,73.8,1,7.6,75.5,7,2,4,5,4,5,7,5.4,10,No,Medium,Tier 2,Yes,Medium,Placed
Female,ECE,8.79,70.1,77.1,0,5.9,77.2,7,4,4,1,4,4,3,7.5,10,Yes,Medium,Tier 1,Yes,Low,Placed
Male,CSE,6.77,62.6,61.7,0,5.2,76.7,4,0,3,1,3,3,4,6.9,3,No,High,Tier 1,Yes,Low,Placed
Female,CE,9.62,83.4,86.8,0,8.3,75.1,8,3,5,4,5,5,7,7.9,8,No,Medium,Tier 1,Yes,High,Placed
Female,ECE,8.17,72.1,71.3,0,2.4,70.7,7,1,4,1,5,4,4,7.6,4,No,High,Tier 3,Yes,High,Placed
Male,ME,8.94,84.9,81.7,0,4.0,70.8,2,3,2,3,4,2,1,6.2,2,Yes,Medium,Tier 2,Yes,Medium,Placed
Male,CSE,8.13,75.9,70.3,0,4.1,71.3,8,1,5,3,4,4,7,6.4,8,Yes,Medium,Tier 3,Yes,Low,Placed
Male,CSE,8.57,79.5,79.0,1,6.5,74.2,7,3,5,4,4,6,3,6.5,3,No,Low,Tier 3,Yes,High,Placed
Male,CSE,8.97,76.3,84.0,0,0.7,62.5,7,4,5,1,4,6,2,9.0,4,No,Low,Tier 2,Yes,,Placed
Male,ECE,8.14,66.2,83.0,0,4.2,80.7,2,2,1,4,4,1,1,7.8,3,No,Low,Tier 3,No,,Placed
Male,ME,9.06,78.0,82.3,0,4.0,76.1,8,2,5,1,5,6,4,9.0,6,No,Low,Tier 1,Yes,Medium,Placed
Male,IT,9.44,78.7,96.4,0,5.6,81.1,7,3,5,1,4,4,6,8.0,10,No,Low,Tier 2,Yes,Low,Placed
Female,ME,7.22,70.4,67.8,1,3.1,62.8,3,1,3,1,5,2,3,6.9,2,Yes,Low,Tier 1,Yes,High,Not Placed
Male,ECE,7.75,70.7,70.9,2,6.4,91.2,3,2,2,3,4,1,1,5.8,10,No,Low,Tier 3,Yes,Low,Not Placed
Male,IT,7.6,77.7,64.1,0,4.8,72.0,8,2,5,3,5,3,2,7.2,7,No,High,Tier 1,Yes,Low,Placed
Male,CE,7.56,70.3,67.0,0,2.4,70.3,7,3,5,2,4,5,6,6.9,10,No,Low,Tier 3,Yes,Medium,Placed
Male,IT,8.59,84.4,82.7,0,5.2,76.3,5,3,4,4,4,4,5,6.9,8,No,Medium,Tier 1,Yes,Medium,Placed
Female,ECE,7.57,70.3,62.5,2,3.8,72.2,6,1,4,5,4,4,1,6.7,3,No,Low,Tier 3,Yes,Low,Not Placed
Male,CSE,7.37,71.9,62.6,0,5.0,79.4,4,0,2,4,4,2,2,4.5,10,No,High,Tier 2,Yes,Low,Placed
Male,CSE,7.91,71.3,71.1,0,1.6,70.2,2,1,2,4,3,3,5,8.5,2,No,High,Tier 2,Yes,Medium,Placed
Male,CE,8.98,87.1,80.5,0,3.5,62.6,7,3,5,3,4,5,3,6.9,10,Yes,Medium,Tier 2,Yes,Low,Placed
Male,CSE,7.85,75.0,76.3,0,6.0,70.9,8,1,5,1,4,3,0,5.3,10,No,Medium,Tier 2,Yes,,Placed
Female,ECE,8.74,71.7,84.8,0,6.8,79.8,2,1,2,4,4,1,0,7.6,9,No,Low,Tier 2,Yes,Medium,Placed
Male,ECE,8.19,78.2,67.9,0,4.9,77.2,5,2,3,4,4,5,1,6.0,5,No,High,Tier 3,Yes,,Placed
Male,ME,8.2,77.2,77.9,0,3.5,70.8,3,1,2,4,4,1,2,7.7,6,No,High,Tier 1,Yes,High,Placed
Female,ME,7.77,60.3,67.5,0,2.9,64.0,8,2,5,2,5,6,5,8.1,2,No,High,Tier 3,Yes,Medium,Placed
Female,CSE,5.81,51.6,53.8,0,2.6,71.9,3,0,2,3,3,3,2,8.2,5,No,Medium,Tier 2,Yes,High,Placed
Female,ECE,7.49,72.7,67.0,0,2.6,75.5,3,2,2,3,4,2,2,6.8,6,No,Medium,Tier 3,Yes,Low,Placed
Male,ME,8.35,64.3,79.1,0,2.3,66.2,5,3,3,2,4,2,1,6.5,5,No,High,Tier 2,Yes,High,Placed
Male,IT,8.45,79.4,65.9,0,3.8,73.9,8,2,5,2,4,5,3,6.2,4,No,Low,Tier 2,Yes,,Placed
Female,CE,8.72,80.3,76.8,0,2.8,60.5,8,4,5,2,5,3,4,6.1,8,No,Medium,Tier 3,Yes,,Placed
Male,IT,7.24,65.4,72.7,0,5.1,73.5,4,2,2,2,4,3,2,7.0,2,No,Low,Tier 2,Yes,,Placed
Male,CE,9.06,97.4,81.1,0,4.7,77.4,7,3,5,3,4,5,4,6.7,1,No,High,Tier 2,Yes,Low,Placed
Male,ME,8.28,78.1,62.8,1,6.2,79.2,2,2,2,2,4,4,4,6.0,2,No,Low,Tier 1,Yes,,Not Placed
Male,CSE,7.68,66.4,65.6,1,5.1,71.3,8,2,5,3,4,6,3,5.6,6,No,Low,Tier 1,Yes,Medium,Placed
Female,ME,9.32,82.4,89.1,0,5.7,75.5,5,3,3,1,5,1,1,6.9,2,Yes,Medium,Tier 2,Yes,Low,Placed
Male,ME,8.68,82.6,72.6,0,2.4,71.5,7,3,4,4,4,4,1,6.5,10,Yes,Medium,Tier 3,Yes,Low,Placed
Female,ME,9.68,90.2,84.5,0,5.0,73.5,5,3,5,5,5,3,2,5.6,4,Yes,Medium,Tier 2,Yes,Medium,Placed
Male,ECE,9.03,80.0,84.2,0,4.5,70.8,8,2,4,3,4,5,1,8.0,6,Yes,Low,Tier 1,Yes,,Placed
Male,ECE,7.66,74.0,70.4,0,0.1,62.3,4,1,3,3,3,2,3,9.0,8,No,Low,Tier 2,Yes,Medium,Placed
Male,ECE,6.77,55.7,54.3,1,3.9,71.4,8,2,5,5,3,6,1,8.2,9,No,Medium,Tier 2,Yes,Medium,Placed
Male,ECE,8.7,82.8,69.5,0,2.0,71.1,7,2,5,1,4,6,1,6.1,9,No,High,Tier 2,No,High,Placed
Female,CSE,8.02,69.9,68.8,0,1.0,60.3,3,2,3,1,3,2,4,6.9,8,No,High,Tier 3,Yes,Low,Placed
Female,IT,7.43,70.2,68.1,0,3.4,72.2,6,1,4,4,3,5,3,8.8,6,No,Medium,Tier 3,Yes,High,Placed
Female,CSE,8.2,82.9,75.2,0,2.7,61.9,6,3,3,2,4,3,3,5.6,8,No,High,Tier 1,Yes,Medium,Placed
Female,CSE,6.56,50.0,65.3,1,2.5,68.2,6,1,4,4,3,6,1,7.9,9,No,Medium,Tier 3,Yes,High,Not Placed
Male,ECE,9.28,81.8,74.0,0,1.1,70.4,7,3,5,5,5,4,8,5.3,4,No,Medium,Tier 2,Yes,,Placed
Female,ME,8.29,63.7,77.0,0,7.6,71.9,8,2,5,2,3,6,4,9.0,4,Yes,Medium,Tier 3,No,Medium,Placed
Male,ECE,6.85,64.8,59.1,0,1.5,66.7,8,1,5,2,3,6,5,6.5,6,No,Medium,Tier 1,Yes,High,Placed
Male,CSE,9.53,91.6,85.0,0,3.3,68.1,7,3,5,5,5,4,3,9.0,8,No,Medium,Tier 2,Yes,,Placed
Male,ME,6.89,58.7,65.0,0,5.4,76.0,7,4,5,3,3,6,3,9.0,7,No,Medium,Tier 1,No,Medium,Placed
Male,ECE,8.47,78.4,83.4,0,6.0,76.2,3,2,2,4,5,1,1,6.9,9,Yes,Medium,Tier 2,Yes,High,Placed
Male,IT,8.11,74.6,72.8,0,1.8,65.6,7,4,4,5,4,5,2,6.1,6,Yes,Low,Tier 1,Yes,Medium,Placed
Male,IT,6.84,63.3,62.1,0,3.6,73.3,1,2,2,5,3,1,2,7.2,9,No,Low,Tier 1,Yes,,Placed
Female,ECE,8.1,76.2,75.9,0,5.1,68.5,6,2,4,4,4,4,3,6.8,6,No,Medium,Tier 1,Yes,Medium,Placed
Male,ECE,6.32,59.6,58.1,0,4.6,76.6,2,1,1,5,2,1,2,6.5,10,No,Low,Tier 1,Yes,,Placed
Male,CE,7.64,66.5,72.4,0,4.8,82.4,5,3,3,3,4,5,2,5.0,4,No,Low,Tier 1,No,High,Placed
Male,CSE,6.09,53.0,65.5,0,1.6,63.6,5,1,3,4,2,3,4,6.4,6,No,Medium,Tier 2,Yes,,Placed
Male,ECE,8.92,72.8,95.3,0,2.3,64.0,6,4,4,5,4,2,4,5.7,6,No,Medium,Tier 1,Yes,,Placed
Female,ECE,7.76,59.2,69.6,0,3.7,70.1,5,2,4,2,4,4,2,7.7,5,No,Medium,Tier 2,Yes,Low,Placed
Male,IT,7.16,64.3,73.9,1,3.4,71.5,6,0,4,4,3,3,2,8.2,5,No,Medium,Tier 1,Yes,Medium,Placed
Female,CSE,8.9,88.6,78.2,1,4.3,69.1,8,2,5,5,5,6,4,7.9,1,No,High,Tier 3,Yes,High,Placed
Female,ME,6.1,50.0,51.2,0,1.9,68.6,1,0,1,3,4,1,2,7.4,10,No,High,Tier 3,Yes,,Placed
Male,CE,7.86,67.8,60.2,1,6.0,87.8,5,2,4,2,4,3,2,6.0,6,Yes,High,Tier 1,Yes,,Placed
Male,ECE,8.53,77.1,77.8,0,1.6,73.2,7,4,5,3,4,5,3,7.2,10,No,Medium,Tier 2,Yes,Low,Placed
Female,CSE,6.92,60.6,61.1,0,4.5,78.3,4,2,2,5,3,4,3,8.0,9,No,Medium,Tier 1,Yes,High,Placed
Female,IT,7.69,69.1,69.6,0,2.4,71.9,4,2,3,2,4,5,8,6.3,8,No,High,Tier 3,Yes,Low,Placed
Female,ECE,7.34,67.8,66.7,1,3.5,76.4,3,3,1,4,4,2,1,7.1,8,No,Low,Tier 2,Yes,Low,Not Placed
Female,ME,5.97,54.8,54.3,1,1.1,63.4,2,0,1,2,2,0,1,6.8,3,No,Low,Tier 1,Yes,Medium,Not Placed
Male,CSE,7.09,59.0,64.8,0,3.7,64.0,3,0,2,3,5,2,3,9.0,9,No,Medium,Tier 2,Yes,Low,Not Placed
Male,ECE,7.74,64.4,59.3,2,5.3,80.8,1,3,2,1,5,1,3,8.0,9,No,Low,Tier 1,Yes,Low,Not Placed
Male,ECE,8.8,80.3,73.5,0,6.5,72.1,8,3,5,5,5,6,0,7.7,10,No,High,Tier 2,Yes,Low,Placed
Female,CSE,9.44,78.2,85.8,0,3.8,68.6,5,3,5,1,4,4,4,4.9,9,No,Medium,Tier 2,Yes,High,Placed
Female,CSE,7.98,77.2,64.3,0,1.6,67.5,1,2,2,5,4,3,1,7.2,6,No,Medium,Tier 2,Yes,High,Placed
Male,IT,8.54,78.3,79.7,0,5.6,72.5,5,3,4,1,4,3,2,6.8,9,No,Medium,Tier 2,Yes,Medium,Placed
Male,CSE,9.2,88.4,80.4,0,4.7,83.8,8,1,5,2,5,5,3,6.8,6,No,Medium,Tier 1,Yes,Low,Placed
Male,CSE,8.68,80.7,76.6,1,3.7,69.0,8,3,5,2,4,5,1,5.1,5,No,Low,Tier 1,Yes,Medium,Placed
Male,ECE,7.35,65.8,67.5,2,2.9,62.5,6,1,4,4,3,4,3,5.7,8,No,Medium,Tier 1,Yes,,Placed
Female,CE,7.94,76.5,75.7,1,3.8,72.9,8,4,5,2,4,6,4,6.9,2,No,Medium,Tier 3,Yes,Medium,Not Placed
Female,CSE,9.2,82.7,85.6,0,4.1,68.6,8,0,5,2,5,5,3,8.3,2,No,Medium,Tier 1,Yes,Medium,Placed
Female,ME,9.0,79.0,80.0,0,5.6,74.7,1,2,2,1,4,2,2,6.3,7,No,Medium,Tier 2,Yes,High,Not Placed
Male,CSE,8.17,65.3,75.8,0,2.3,69.6,6,1,4,5,4,4,0,6.5,8,No,Low,Tier 2,Yes,Low,Placed
Male,CSE,7.56,67.3,64.7,1,2.6,71.7,7,2,5,2,4,5,6,9.0,7,No,Low,Tier 1,Yes,Medium,Placed
Female,CSE,9.93,85.4,81.8,0,3.5,73.3,7,3,5,2,5,6,3,6.6,5,No,Low,Tier 2,Yes,Medium,Placed
Female,IT,7.23,61.4,57.2,0,1.3,63.4,8,1,5,3,4,3,3,6.8,4,No,Medium,Tier 2,Yes,Low,Placed
Male,CSE,8.35,72.6,74.1,0,5.4,69.3,4,3,3,1,4,4,3,6.9,8,No,High,Tier 2,Yes,Medium,Placed
Female,CSE,9.66,89.5,88.2,0,5.2,78.2,7,4,5,2,5,4,1,5.4,10,No,High,Tier 2,Yes,High,Placed
Male,ECE,8.55,71.8,73.7,2,4.6,74.3,8,2,5,2,5,4,3,7.7,7,No,Medium,Tier 2,Yes,High,Not Placed
Male,IT,9.22,76.4,78.5,0,8.8,87.0,5,1,4,4,4,3,3,6.2,1,No,Medium,Tier 2,Yes,Medium,Placed
Male,CSE,8.95,71.6,77.4,0,5.4,73.0,8,1,5,3,5,6,3,7.0,4,No,Medium,Tier 2,Yes,,Placed
Male,ECE,7.84,72.7,67.5,1,6.7,81.3,2,1,1,5,4,2,2,7.5,4,No,Low,Tier 2,No,High,Placed
Male,CSE,8.17,76.9,69.0,1,4.1,69.4,5,0,4,1,3,2,2,9.0,10,No,Low,Tier 1,Yes,Medium,Not Placed
Male,ECE,8.44,73.3,77.3,1,2.9,70.0,3,3,1,5,5,1,4,5.4,6,Yes,High,Tier 2,No,Low,Placed
Female,ME,9.0,78.6,81.3,0,1.1,54.4,4,3,2,2,4,2,2,8.0,4,No,Medium,Tier 1,Yes,,Not Placed
Male,ME,9.94,93.8,100.0,0,4.6,81.7,7,3,4,4,5,4,2,8.0,9,No,High,Tier 1,Yes,,Placed
Male,ECE,7.93,70.6,69.6,0,5.1,76.3,4,3,3,3,4,1,3,6.2,2,Yes,Medium,Tier 2,Yes,,Placed
Female,ECE,10.0,91.9,87.7,0,5.9,75.7,8,4,5,1,5,5,1,7.7,2,No,Medium,Tier 3,Yes,Medium,Placed
Male,CSE,8.85,80.8,84.3,0,3.0,67.2,6,3,5,3,5,6,3,9.0,7,No,Low,Tier 3,Yes,Low,Placed
Male,ECE,9.38,79.4,83.1,0,5.3,82.4,4,4,2,3,4,2,1,6.1,10,Yes,Low,Tier 1,Yes,,Placed
Female,CSE,6.59,61.4,52.9,0,1.4,59.2,5,1,4,3,3,4,3,7.3,7,No,Medium,Tier 2,Yes,Low,Placed
Male,CE,7.9,71.9,75.1,0,4.2,69.7,6,3,5,5,4,4,3,7.5,1,No,Medium,Tier 2,Yes,Low,Placed
Male,IT,8.68,75.3,76.1,0,5.1,69.5,6,3,4,3,5,4,3,7.6,8,Yes,Low,Tier 1,Yes,,Placed
Male,IT,8.9,78.4,86.6,0,5.3,76.6,7,0,5,2,5,6,2,7.9,6,No,Low,Tier 3,No,,Placed
Male,IT,8.42,68.9,80.4,0,5.6,79.6,3,2,2,2,4,2,3,7.2,1,No,Low,Tier 3,Yes,,Placed
Female,ME,8.42,79.8,86.9,1,5.1,76.4,5,2,3,2,4,4,7,7.6,1,No,Medium,Tier 3,Yes,Medium,Placed
Female,CE,7.36,67.2,63.4,0,4.2,75.0,3,1,2,4,3,1,1,5.9,4,No,Medium,Tier 1,Yes,,Not Placed
Female,CSE,8.18,74.3,73.6,0,6.5,84.8,8,3,5,4,4,5,3,7.2,7,Yes,Low,Tier 1,Yes,Medium,Placed
Female,ME,8.02,72.6,68.3,0,3.9,71.0,6,1,4,3,4,4,2,6.4,4,No,Low,Tier 3,Yes,,Placed
Female,ECE,7.85,72.6,68.6,0,4.0,67.6,6,1,4,1,4,4,3,5.5,7,Yes,Low,Tier 2,Yes,,Placed
Male,ECE,7.9,63.6,70.3,0,7.2,77.0,0,2,1,4,4,3,2,6.4,6,No,Medium,Tier 3,Yes,Low,Placed
Female,CE,9.54,99.6,75.3,0,0.0,56.1,7,4,5,5,5,5,0,7.3,9,No,Low,Tier 1,Yes,,Placed
Male,CSE,9.83,92.1,91.8,0,5.2,81.4,3,3,3,2,5,4,4,7.5,1,No,Medium,Tier 2,Yes,,Placed
Female,ECE,9.22,84.8,84.9,0,5.2,79.3,2,3,2,3,4,1,3,5.5,4,No,Low,Tier 2,Yes,Low,Placed
Female,IT,8.72,87.7,91.4,2,3.2,57.2,7,2,5,5,4,6,2,5.9,10,No,Low,Tier 1,No,Low,Placed
Male,CSE,8.47,78.0,77.8,0,4.0,73.3,8,4,5,5,4,5,3,7.9,8,No,High,Tier 2,No,Medium,Placed
Male,ECE,10.0,99.6,81.3,0,4.0,74.5,7,4,4,1,5,5,3,7.6,6,No,Medium,Tier 2,Yes,,Placed
Male,IT,7.54,78.5,71.3,0,3.6,67.2,4,3,3,2,4,3,3,8.1,6,No,Low,Tier 1,Yes,High,Placed
Male,ME,6.03,61.1,53.3,0,3.9,69.7,3,4,1,2,3,0,2,8.6,8,No,High,Tier 1,Yes,High,Not Placed
Female,ECE,7.81,70.3,68.2,0,4.8,69.5,2,3,1,4,4,2,1,7.6,2,No,Medium,Tier 2,Yes,Medium,Not Placed
Female,CSE,6.47,57.9,57.7,0,2.8,62.2,7,0,5,4,2,4,5,6.5,2,No,High,Tier 2,Yes,Low,Placed
Male,ECE,7.37,64.5,71.6,2,4.0,69.4,3,1,1,5,4,1,1,7.1,1,No,Medium,Tier 3,Yes,High,Placed
Male,IT,7.38,70.5,68.2,0,1.3,72.0,3,1,2,5,4,1,4,9.0,7,Yes,Medium,Tier 2,Yes,,Placed
Male,ME,8.13,68.0,84.7,0,2.8,65.0,4,1,3,5,5,1,3,9.0,6,No,High,Tier 1,Yes,,Placed
Male,ECE,9.12,81.3,79.5,0,1.8,64.2,2,2,2,2,4,2,2,7.6,6,No,Low,Tier 3,Yes,,Placed
Male,CSE,10.0,79.1,92.0,0,4.3,68.4,6,3,4,5,5,6,3,7.6,2,No,Medium,Tier 3,Yes,High,Placed
Male,CSE,8.33,69.8,75.7,1,1.9,56.0,4,3,3,2,4,2,1,7.9,7,No,Medium,Tier 1,Yes,Low,Placed
Female,IT,6.81,61.8,55.7,0,1.2,62.7,5,2,4,4,4,3,3,7.0,4,Yes,Low,Tier 3,Yes,High,Placed
Male,ECE,7.69,72.1,65.3,0,1.2,68.3,6,2,5,1,4,5,7,8.4,2,Yes,Low,Tier 1,Yes,Low,Placed
Male,ME,8.05,77.5,76.7,2,1.9,67.7,5,4,3,4,4,3,3,8.2,1,No,Low,Tier 1,Yes,High,Placed
Female,CSE,8.11,73.4,71.5,0,6.1,75.7,4,1,3,2,4,2,2,7.4,9,No,Medium,Tier 1,Yes,High,Placed
Male,ME,7.6,65.6,71.5,0,7.1,83.9,6,0,3,2,4,2,4,6.6,3,No,Medium,Tier 1,Yes,High,Placed
Female,IT,9.24,80.2,82.9,0,3.3,67.9,8,1,5,4,4,5,2,5.2,10,No,Medium,Tier 3,Yes,Low,Placed
Female,ME,6.2,52.5,52.0,0,1.0,56.3,7,0,4,4,3,3,2,7.9,10,Yes,Low,Tier 3,Yes,High,Placed
Male,CSE,7.69,79.4,65.7,0,3.4,59.4,8,2,5,2,4,6,0,7.3,7,No,Medium,Tier 3,Yes,High,Placed
Male,ME,9.06,79.4,75.7,0,6.8,79.3,6,4,4,3,5,3,2,6.1,2,No,High,Tier 3,Yes,Low,Placed
Male,CE,8.63,79.6,82.7,0,4.5,85.1,3,2,2,4,4,2,1,5.6,4,No,Medium,Tier 2,Yes,Low,Not Placed
Male,ECE,7.6,67.2,66.8,2,1.1,57.4,6,1,3,5,5,2,1,7.8,5,Yes,Medium,Tier 2,Yes,Medium,Placed
Male,IT,9.15,85.3,77.6,0,7.6,79.0,8,2,5,4,4,5,8,5.1,5,Yes,Medium,Tier 3,Yes,Low,Placed
Female,ME,6.85,56.8,58.7,0,3.3,74.4,4,2,3,1,4,2,4,7.4,5,No,Medium,Tier 3,No,Medium,Not Placed
Male,IT,7.93,68.7,63.6,1,2.9,63.5,4,1,3,2,4,4,2,8.0,10,No,Medium,Tier 3,Yes,,Not Placed
Male,ME,7.33,68.2,68.3,0,6.3,79.7,8,1,5,1,4,5,3,7.7,8,Yes,High,Tier 3,Yes,Medium,Placed
Male,CSE,7.69,65.9,71.2,0,4.6,69.0,3,1,3,1,4,3,2,6.5,3,Yes,Medium,Tier 1,Yes,,Placed
Female,ECE,9.44,88.3,88.8,0,6.6,72.2,7,1,5,3,5,5,5,5.5,10,No,High,Tier 3,Yes,Low,Placed
Male,CSE,8.36,77.9,73.0,0,3.7,64.9,7,1,5,4,4,4,3,7.7,1,No,Low,Tier 3,Yes,Low,Placed
Male,IT,8.42,75.8,72.7,0,3.9,71.8,3,2,3,5,4,5,2,8.4,2,No,Low,Tier 3,Yes,High,Placed
Male,CE,7.62,67.5,69.2,0,3.0,78.2,5,2,3,4,3,4,1,6.3,7,No,Low,Tier 1,Yes,,Placed
Female,ME,7.8,69.3,69.3,0,4.3,72.1,8,4,5,2,4,4,4,7.6,5,No,Medium,Tier 2,Yes,High,Placed
Male,ECE,8.7,82.4,72.4,0,3.9,76.2,3,3,2,4,4,1,0,8.9,1,No,Medium,Tier 2,Yes,Medium,Not Placed
Female,CSE,10.0,92.6,96.4,0,2.6,63.6,4,2,4,3,5,4,6,7.4,4,No,Low,Tier 1,Yes,Low,Placed
Female,CE,6.3,64.6,54.4,0,0.6,61.7,2,2,2,5,3,1,2,6.5,8,No,Low,Tier 2,Yes,Low,Placed
Male,ECE,7.63,62.4,76.0,1,5.0,68.3,5,2,3,2,4,3,2,8.2,5,No,High,Tier 1,Yes,Low,Placed
Female,CSE,7.65,61.7,62.1,2,4.6,72.6,7,1,4,2,4,4,4,6.1,2,No,High,Tier 2,Yes,Low,Placed
Male,ME,5.77,50.2,56.9,1,3.5,67.9,8,0,5,1,3,3,4,5.4,10,No,Medium,Tier 2,Yes,,Not Placed
Female,CSE,8.41,74.6,75.7,1,5.9,83.6,4,4,3,2,4,2,6,8.0,1,No,Medium,Tier 2,No,Medium,Placed
Female,ECE,8.4,75.2,76.3,0,4.3,71.5,4,3,3,3,4,2,0,6.5,1,No,Medium,Tier 2,Yes,High,Placed
Male,ECE,7.63,76.3,82.6,0,4.9,74.4,5,1,2,1,4,3,0,6.6,10,Yes,Medium,Tier 2,Yes,,Placed
Male,CSE,9.01,82.8,77.7,0,4.0,78.0,4,2,3,4,5,3,2,6.2,5,No,High,Tier 1,Yes,Medium,Placed
Female,IT,7.23,66.2,68.1,0,0.8,65.7,4,1,3,5,4,4,2,6.4,9,No,Low,Tier 1,Yes,High,Placed
Male,CSE,8.65,75.1,83.2,0,6.6,83.3,8,3,5,5,4,4,4,8.7,6,No,Medium,Tier 1,Yes,High,Placed
Male,CSE,8.78,78.3,83.4,0,4.8,67.2,4,1,3,2,4,3,3,9.0,5,No,Medium,Tier 1,Yes,High,Placed
Male,CSE,7.68,69.8,68.8,0,1.3,70.3,3,2,2,5,3,2,4,9.0,6,No,Medium,Tier 2,Yes,High,Placed
Male,CE,9.93,88.6,87.3,0,3.1,76.6,8,3,5,4,5,5,3,8.3,7,Yes,Medium,Tier 3,Yes,Low,Placed
Female,ECE,7.6,69.2,69.5,0,5.1,80.3,5,2,3,5,4,4,1,7.6,9,No,Medium,Tier 1,No,High,Placed
Male,ME,9.17,84.6,87.3,0,7.0,84.4,4,3,2,1,5,1,4,5.3,10,No,Low,Tier 1,Yes,High,Placed
Male,CSE,8.36,79.8,79.4,0,4.6,76.0,8,2,5,2,4,6,7,6.8,6,Yes,Medium,Tier 3,Yes,Low,Placed
Male,CSE,8.75,83.4,76.2,0,5.5,84.1,7,3,5,3,5,4,3,9.0,4,No,Low,Tier 2,Yes,Low,Placed
Female,ECE,9.94,91.3,88.4,0,7.3,82.0,5,2,4,5,5,4,3,6.5,1,No,Low,Tier 3,Yes,Low,Placed
Male,IT,8.61,83.8,77.5,0,7.2,86.6,4,3,4,5,4,5,4,8.8,6,No,Low,Tier 3,Yes,Low,Placed
Female,IT,8.33,76.6,77.4,0,4.5,77.3,4,3,3,2,4,4,2,7.1,7,No,Medium,Tier 2,Yes,Low,Placed
Male,CSE,8.49,72.5,78.9,1,5.3,78.0,4,1,3,1,4,1,6,4.0,9,No,Medium,Tier 1,Yes,Medium,Placed
Female,ECE,7.75,61.7,68.6,0,2.0,71.3,2,1,1,2,4,0,2,7.8,1,No,Medium,Tier 2,Yes,Medium,Placed
Male,IT,8.9,87.0,86.2,0,3.9,72.3,8,1,5,3,5,5,6,8.5,6,No,Medium,Tier 1,Yes,Low,Placed
Male,ECE,9.47,82.4,82.5,0,4.8,79.1,7,3,5,2,5,6,0,6.9,8,No,Medium,Tier 1,No,,Placed
Male,IT,7.6,73.0,74.5,1,3.2,73.7,8,3,5,2,3,3,4,8.5,3,No,Medium,Tier 1,Yes,Medium,Placed
Female,CSE,6.95,70.0,64.3,1,1.3,62.8,6,2,4,5,3,2,2,5.0,3,No,Medium,Tier 3,No,,Placed
Female,IT,6.66,55.3,65.2,2,3.9,74.4,7,2,5,3,3,6,4,5.3,9,No,Medium,Tier 2,No,,Placed
Male,CE,9.74,83.5,94.2,0,0.5,53.7,8,3,5,4,5,6,1,7.2,4,No,Medium,Tier 1,Yes,Medium,Placed
Female,IT,9.48,90.0,81.6,0,7.0,84.2,7,4,4,1,5,4,4,7.6,5,No,Medium,Tier 2,Yes,Low,Placed
Female,ME,7.33,68.1,60.9,0,3.9,58.9,3,3,1,2,4,1,2,8.6,2,No,High,Tier 2,Yes,,Placed
Male,ECE,7.16,63.2,72.8,0,6.1,84.9,2,2,1,4,4,1,2,7.8,7,No,High,Tier 2,Yes,Low,Not Placed
Male,IT,8.79,80.6,87.4,1,2.2,59.4,8,3,5,5,4,3,5,5.6,3,No,Low,Tier 1,Yes,Medium,Placed
Male,CSE,10.0,93.7,91.8,0,3.0,67.9,8,3,5,3,4,5,6,7.3,4,No,Low,Tier 2,Yes,Medium,Placed
Male,ECE,8.4,79.9,75.7,0,5.2,81.7,4,3,2,3,4,0,4,7.7,8,No,Medium,Tier 3,Yes,Low,Placed
Female,CE,7.06,70.9,56.2,0,7.0,83.6,6,0,4,5,3,3,3,4.8,9,No,Medium,Tier 1,Yes,,Placed
Female,CE,6.71,57.2,59.0,0,4.4,70.2,4,1,2,5,4,2,3,6.9,7,No,Low,Tier 1,Yes,Medium,Placed
Female,IT,7.62,74.6,66.2,1,2.3,65.1,3,2,2,1,4,2,3,6.6,8,Yes,High,Tier 1,Yes,High,Placed
Male,CSE,7.21,74.7,68.8,0,5.7,81.4,4,1,2,4,4,3,2,6.2,5,No,Low,Tier 1,Yes,Medium,Placed
Male,CE,7.61,71.2,70.6,0,1.9,61.6,3,2,2,2,4,0,4,7.6,10,No,High,Tier 2,Yes,High,Placed
Female,CE,9.19,90.4,91.4,1,6.6,80.6,6,4,4,5,5,6,4,5.6,6,Yes,Medium,Tier 3,Yes,Medium,Placed
Female,CSE,8.76,77.9,68.7,1,6.1,75.2,6,2,3,3,5,3,2,7.5,10,No,Medium,Tier 3,Yes,Medium,Placed
Female,ECE,8.55,77.9,80.0,1,2.5,70.0,8,2,5,5,5,4,0,7.7,7,No,Low,Tier 1,Yes,High,Placed
Female,CSE,8.14,75.9,70.2,0,3.8,74.0,8,2,4,5,4,5,3,8.3,8,No,Low,Tier 2,No,Medium,Placed
Female,ECE,8.71,79.3,78.2,0,3.0,67.1,5,2,3,3,5,3,2,5.7,9,No,Medium,Tier 2,Yes,High,Placed
Male,IT,8.03,68.8,77.3,1,4.8,69.9,8,2,4,3,5,3,1,5.2,8,No,Low,Tier 2,Yes,Low,Placed
Male,ME,8.45,70.6,75.0,0,4.9,71.9,7,1,4,3,3,3,5,7.3,9,No,Medium,Tier 2,Yes,High,Placed
Female,CE,9.13,87.1,98.3,0,0.6,55.4,7,2,4,5,5,5,0,6.7,6,No,Medium,Tier 1,Yes,Medium,Placed
Female,IT,9.44,89.5,83.2,0,5.0,68.0,5,2,4,2,5,3,2,9.0,5,No,Low,Tier 2,Yes,High,Placed
Male,ECE,7.04,55.0,61.3,0,3.8,75.9,5,0,4,3,3,3,3,7.6,7,Yes,Low,Tier 2,Yes,,Placed
Male,IT,6.99,66.4,54.1,0,1.6,66.8,8,1,5,1,3,5,2,7.1,10,No,Medium,Tier 3,Yes,Medium,Placed
Female,ECE,7.34,68.0,68.0,0,5.2,72.2,7,1,5,1,3,4,3,6.8,4,No,Low,Tier 3,Yes,High,Placed
Male,IT,8.45,73.4,76.4,0,7.2,88.3,4,0,2,2,5,4,2,5.5,8,No,Low,Tier 1,Yes,,Placed
Male,CSE,5.23,50.0,50.0,1,4.2,75.6,5,0,4,2,3,4,6,7.7,4,No,Medium,Tier 1,Yes,Medium,Not Placed
Male,IT,9.41,79.9,82.6,0,6.8,82.8,6,4,4,5,4,4,2,6.9,5,No,High,Tier 3,Yes,High,Placed
Female,CSE,7.59,66.3,71.7,0,5.6,82.2,8,2,5,1,3,4,6,6.9,7,Yes,Medium,Tier 2,Yes,Low,Placed
Female,ECE,7.07,59.6,57.7,0,5.7,81.9,8,2,5,2,4,4,2,7.1,1,No,Low,Tier 3,Yes,Low,Placed
Male,CE,10.0,94.5,86.2,0,4.9,78.1,6,2,4,4,5,5,1,7.3,6,No,Medium,Tier 1,Yes,Medium,Placed
Female,ECE,7.31,64.2,66.8,3,3.6,70.4,2,1,2,1,4,1,3,4.9,9,Yes,High,Tier 2,Yes,Medium,Not Placed
Male,ME,6.65,57.5,62.7,1,2.5,67.5,3,1,2,5,4,1,1,8.0,2,Yes,Medium,Tier 2,Yes,,Placed
Male,ECE,8.57,73.7,83.7,0,10.0,81.3,7,3,5,2,5,4,2,6.0,7,No,Medium,Tier 3,Yes,,Placed
Female,CE,9.76,91.6,100.0,0,4.3,74.5,8,3,5,5,4,4,7,6.8,10,No,Medium,Tier 1,Yes,,Placed
Female,CSE,5.17,50.0,50.0,0,4.3,75.8,6,0,4,4,3,4,6,8.5,5,No,Medium,Tier 1,Yes,Low,Not Placed
Female,CSE,9.27,81.6,74.2,1,6.2,78.3,5,4,5,3,5,4,2,9.0,8,No,Low,Tier 2,No,Low,Placed
Female,CSE,5.86,55.0,50.0,1,0.2,50.3,5,0,4,4,3,4,2,5.0,7,No,Medium,Tier 3,Yes,Medium,Placed
Male,ECE,8.8,64.7,94.8,0,5.2,65.0,4,3,2,1,5,3,1,7.0,10,No,Medium,Tier 3,Yes,Medium,Placed
Male,CSE,7.7,65.1,68.4,0,6.7,69.0,6,3,4,3,4,4,4,7.3,5,No,High,Tier 3,Yes,Medium,Placed
Male,ECE,8.78,85.0,87.4,0,6.6,72.3,6,3,3,1,4,5,4,5.2,4,No,Low,Tier 3,Yes,,Placed
Male,ECE,8.16,72.3,77.4,0,5.1,76.1,0,0,1,2,4,0,1,8.0,4,No,Low,Tier 1,Yes,Low,Placed
Male,CSE,8.47,70.6,69.4,0,2.0,66.1,7,2,4,2,5,3,2,7.1,4,No,Medium,Tier 1,Yes,Low,Placed
Female,ME,9.0,89.8,77.3,0,5.8,77.4,8,3,5,5,5,6,8,7.2,10,No,Medium,Tier 1,Yes,High,Placed
Male,IT,8.27,66.3,85.8,0,1.8,63.7,6,1,5,1,5,5,5,5.9,10,No,Medium,Tier 2,Yes,Medium,Placed
Female,CSE,7.99,65.8,68.6,0,7.0,76.9,8,1,5,3,3,5,1,7.5,8,No,Low,Tier 3,Yes,High,Placed
Female,ME,8.66,73.6,79.9,0,5.6,74.1,4,1,2,3,4,2,4,8.0,3,No,Low,Tier 3,No,,Placed
Female,ME,9.42,81.1,84.9,0,3.2,68.7,3,3,2,3,4,1,1,7.2,1,No,Medium,Tier 1,Yes,Medium,Placed
Male,ECE,8.36,82.0,63.8,0,6.2,82.0,3,3,1,2,5,0,1,6.4,7,No,Medium,Tier 2,Yes,Medium,Not Placed
Male,CE,8.25,73.3,85.0,0,3.7,74.9,4,1,3,4,4,4,1,6.5,10,Yes,High,Tier 3,Yes,High,Placed
Male,ECE,7.26,77.0,58.5,1,4.2,73.0,1,2,2,2,4,3,1,7.3,6,No,Medium,Tier 2,Yes,Medium,Placed
Male,ECE,9.05,71.7,81.5,0,5.4,67.0,4,3,2,3,5,1,1,7.1,2,No,Medium,Tier 1,Yes,Medium,Placed
Female,CSE,7.95,76.6,66.8,1,3.9,70.8,4,1,3,5,4,2,3,8.1,2,No,Medium,Tier 2,Yes,,Placed
Male,ME,8.3,72.7,79.8,0,3.6,71.8,2,2,1,3,4,0,2,6.4,1,No,Medium,Tier 2,Yes,Medium,Not Placed
Male,ME,7.97,69.8,72.5,0,2.7,63.9,6,3,4,3,4,3,3,5.5,8,No,Medium,Tier 2,Yes,Low,Placed
Female,CSE,8.7,76.0,85.7,0,5.9,87.5,8,2,5,4,4,6,7,7.4,9,Yes,High,Tier 2,Yes,,Placed
Male,ECE,8.17,72.1,84.6,2,4.1,69.1,3,2,3,5,5,2,2,6.4,1,No,Low,Tier 1,Yes,,Not Placed
Female,IT,10.0,94.5,95.5,0,6.1,76.4,8,4,5,5,5,6,5,7.9,1,No,Medium,Tier 3,Yes,High,Placed
Female,ECE,7.47,63.9,69.8,1,2.9,67.2,6,2,4,4,4,3,2,7.0,1,No,Low,Tier 2,Yes,Low,Placed
Female,ECE,5.91,53.2,50.1,0,2.1,59.8,4,0,2,1,3,3,2,7.8,10,Yes,Medium,Tier 2,No,High,Not Placed
Male,IT,7.3,71.2,63.4,0,6.2,69.8,5,2,5,4,3,6,5,5.8,7,No,Medium,Tier 3,Yes,High,Placed
Male,CE,6.92,51.7,66.6,3,1.9,62.9,6,1,3,3,3,5,1,7.2,8,Yes,Low,Tier 1,Yes,High,Not Placed
Female,ME,8.25,84.5,74.4,0,2.9,53.7,0,3,1,2,5,0,1,6.2,4,No,High,Tier 1,Yes,High,Placed
Male,CE,10.0,96.1,97.8,0,5.2,76.4,8,3,5,3,5,4,6,5.5,3,No,Low,Tier 3,Yes,High,Placed
Female,IT,9.47,87.7,93.1,1,7.6,80.5,6,4,5,5,4,4,5,6.0,1,No,Medium,Tier 1,Yes,Low,Placed
Female,ECE,7.95,73.6,73.3,0,4.7,70.9,7,3,5,4,4,6,1,6.3,10,No,High,Tier 3,Yes,,Placed
Female,ECE,7.55,69.2,63.9,0,1.9,67.8,6,2,4,5,3,3,7,8.5,3,No,Low,Tier 1,Yes,Medium,Placed
Male,ECE,9.25,80.3,82.4,0,2.2,62.9,6,3,4,5,5,4,3,6.3,5,No,Medium,Tier 1,Yes,Low,Placed
Male,IT,7.12,68.4,68.9,0,4.0,67.4,4,2,3,3,4,3,1,5.5,7,No,Low,Tier 2,Yes,,Placed
Female,ME,6.81,60.4,55.5,0,5.3,67.0,6,3,5,5,4,5,3,7.2,9,No,Low,Tier 1,Yes,Medium,Placed
Male,CSE,7.02,58.3,68.3,0,2.1,58.8,6,2,3,1,4,4,0,7.0,9,No,Medium,Tier 3,Yes,Medium,Placed
Male,IT,7.35,72.6,62.1,1,2.2,71.4,8,1,5,3,3,5,4,6.4,9,No,High,Tier 2,Yes,High,Placed
Male,ECE,8.8,74.9,76.3,1,3.9,68.1,8,3,5,2,5,6,4,6.8,8,No,Low,Tier 3,Yes,Medium,Placed
Female,CSE,9.26,87.9,79.7,0,5.4,75.4,8,4,5,3,5,6,1,8.2,9,No,Medium,Tier 3,Yes,Medium,Placed
Female,ECE,8.02,71.4,66.1,0,1.4,61.5,1,1,1,5,5,1,2,7.8,8,No,Medium,Tier 1,No,Low,Not Placed
Male,ECE,5.39,51.4,55.7,0,0.0,63.1,2,0,1,2,2,1,0,7.7,9,Yes,High,Tier 3,Yes,Low,Not Placed
Male,IT,8.05,67.7,74.2,1,3.8,67.0,8,3,5,3,3,6,3,5.6,10,No,Low,Tier 2,Yes,High,Placed
Female,CSE,9.2,77.9,78.7,0,9.4,83.2,8,2,5,5,5,6,0,9.0,8,No,Medium,Tier 2,Yes,,Placed
Female,IT,8.72,82.3,75.9,0,3.1,61.1,7,2,5,1,4,4,3,8.3,5,No,Medium,Tier 3,Yes,Low,Placed
Male,ME,7.01,70.8,70.3,0,6.4,80.2,2,0,1,5,4,2,1,7.6,10,No,Medium,Tier 2,Yes,Medium,Placed
Male,CSE,7.2,70.9,63.6,1,2.0,69.7,4,1,3,1,4,3,5,5.6,5,No,High,Tier 2,No,Low,Placed
Female,IT,8.07,74.3,76.4,0,4.2,75.3,7,2,4,4,5,4,3,8.1,4,No,High,Tier 2,Yes,Low,Placed
Female,ECE,9.33,78.5,82.9,0,6.2,83.3,5,3,3,5,5,0,3,6.4,10,Yes,Low,Tier 1,Yes,Low,Placed
Female,CSE,8.26,63.5,78.4,0,3.7,71.5,5,2,4,5,4,5,3,6.8,7,No,Medium,Tier 1,Yes,Low,Placed
Female,ECE,6.99,72.4,58.9,0,1.6,67.4,7,0,3,1,4,3,2,5.0,10,Yes,Medium,Tier 2,Yes,Low,Not Placed
Male,IT,6.25,53.6,51.4,0,4.1,76.4,6,1,4,1,3,4,1,5.5,10,Yes,Medium,Tier 1,Yes,High,Not Placed
Male,ECE,7.14,70.9,63.9,0,5.6,71.5,7,4,5,3,4,4,7,7.5,8,No,Medium,Tier 1,Yes,Medium,Placed
Female,CSE,9.7,90.2,90.9,0,7.9,89.5,4,3,3,1,5,2,1,8.2,3,No,Medium,Tier 1,Yes,Low,Placed
Female,CSE,5.65,50.0,50.0,0,1.3,66.0,8,0,5,2,3,4,4,7.8,8,No,Medium,Tier 2,Yes,Low,Placed
Female,CSE,6.62,58.8,58.6,1,4.7,78.9,6,1,5,5,4,4,7,7.8,4,No,High,Tier 2,Yes,,Placed
Female,CE,8.44,78.3,76.8,0,2.3,70.6,6,2,4,2,4,5,1,6.9,6,No,Low,Tier 3,No,High,Placed
Male,ECE,9.24,74.8,80.4,0,4.3,64.9,4,4,2,4,4,1,5,6.5,1,No,High,Tier 2,Yes,Low,Placed
Male,CSE,6.93,60.4,59.0,0,2.3,70.6,6,1,5,4,4,4,0,7.3,2,No,Medium,Tier 2,Yes,High,Placed
Female,CSE,7.86,65.4,71.7,0,2.7,69.3,7,2,5,2,5,6,4,8.0,7,No,Medium,Tier 2,Yes,Low,Placed
Female,ECE,10.0,97.1,96.6,0,7.2,79.3,7,4,5,4,5,6,4,7.0,6,No,High,Tier 2,Yes,High,Placed
Female,IT,8.26,70.3,70.8,1,4.1,74.8,5,3,3,5,4,3,2,8.5,10,No,Medium,Tier 2,Yes,Low,Placed
Female,ECE,8.33,77.2,73.6,3,1.4,67.3,2,2,1,5,4,3,3,6.7,5,No,Medium,Tier 3,Yes,,Placed
Female,IT,9.57,82.0,88.4,0,3.7,78.2,5,4,4,3,5,5,5,5.8,9,No,Medium,Tier 3,Yes,,Placed
Male,ECE,10.0,86.7,91.1,0,5.3,84.6,3,4,2,3,5,3,5,7.0,2,No,Medium,Tier 3,No,Medium,Placed
Male,CSE,8.22,73.2,81.0,1,4.4,75.8,8,1,5,1,4,6,2,7.1,10,No,High,Tier 3,Yes,Low,Placed
Male,IT,9.99,90.4,89.8,0,4.9,77.0,8,4,5,1,5,6,3,6.9,4,No,High,Tier 2,Yes,Low,Placed
Male,ECE,9.86,89.0,81.9,0,7.8,86.9,3,4,3,4,5,2,0,8.5,6,Yes,Low,Tier 2,Yes,High,Placed
Male,CE,8.09,64.4,66.9,0,5.9,75.0,1,2,1,3,4,0,5,8.0,8,No,Low,Tier 3,Yes,Low,Not Placed
Male,IT,8.95,85.1,86.9,1,6.8,85.2,5,2,5,1,4,5,1,5.3,8,No,Medium,Tier 2,Yes,Low,Placed
Male,CSE,6.75,68.5,54.7,1,4.8,71.5,8,1,5,3,3,6,4,8.8,6,No,Low,Tier 3,Yes,High,Placed
Male,CSE,8.98,81.7,80.1,0,5.8,76.4,7,3,5,4,3,4,3,4.0,7,No,Medium,Tier 3,Yes,Low,Placed
Male,CE,7.49,66.8,62.0,0,2.6,65.0,2,4,2,4,3,2,3,9.0,10,No,Low,Tier 3,Yes,High,Placed
Male,CSE,7.73,75.1,69.7,0,5.5,72.7,6,2,5,4,4,4,3,6.7,6,Yes,Medium,Tier 2,Yes,Low,Placed
Male,CSE,10.0,92.8,91.4,0,7.1,86.1,8,3,4,3,5,4,3,6.8,1,No,Low,Tier 3,Yes,Low,Placed
Female,CSE,7.46,67.1,68.8,1,4.4,73.7,8,0,5,1,4,5,5,6.9,4,No,Medium,Tier 2,Yes,,Placed
Male,CSE,8.05,70.3,71.9,0,3.2,71.9,5,1,4,4,4,3,1,7.5,9,No,Medium,Tier 2,No,High,Placed
Male,CE,9.86,88.9,81.9,0,6.7,82.5,3,4,2,1,4,3,2,7.0,2,No,Medium,Tier 2,Yes,High,Placed
Male,CSE,7.62,59.7,65.8,0,2.4,61.9,8,1,5,3,4,5,1,6.8,6,No,High,Tier 3,Yes,High,Placed
Female,ECE,9.47,86.7,82.2,0,8.6,79.3,7,3,5,2,5,4,4,8.6,2,No,High,Tier 3,Yes,Low,Placed
Male,ME,7.55,75.5,72.9,1,4.7,82.8,3,2,2,1,4,3,5,7.7,9,No,Medium,Tier 1,Yes,High,Not Placed
Female,ECE,6.81,51.0,58.4,0,0.8,58.6,1,2,1,2,4,1,0,5.8,7,No,Low,Tier 2,Yes,Low,Placed
Male,CSE,8.13,61.8,63.7,1,4.9,76.3,8,2,5,2,4,6,3,7.9,9,No,High,Tier 2,Yes,Low,Placed
Male,CE,10.0,94.3,94.3,0,6.8,79.5,6,3,4,4,4,5,3,7.6,10,No,High,Tier 3,Yes,High,Placed
Male,CSE,10.0,100.0,92.4,0,6.3,78.6,7,3,5,1,5,5,6,6.3,5,No,High,Tier 2,Yes,,Placed
Male,CE,7.72,79.5,66.3,0,4.1,75.6,6,2,4,1,3,4,3,8.0,9,No,Low,Tier 1,Yes,Low,Placed
Female,IT,8.43,74.9,69.6,1,4.3,68.2,4,4,3,4,5,5,0,6.8,2,No,High,Tier 2,Yes,Low,Placed
Female,ECE,8.18,77.0,71.3,0,6.2,76.7,6,3,4,3,4,3,4,6.7,7,No,Low,Tier 2,Yes,Medium,Placed
Female,ECE,6.28,62.8,56.5,0,0.1,66.6,3,2,2,1,3,1,2,6.7,9,Yes,Medium,Tier 1,Yes,Low,Placed
Male,ECE,7.33,58.9,68.9,0,2.9,68.5,1,4,1,2,3,1,1,4.1,5,No,High,Tier 2,Yes,Low,Placed
Male,ECE,7.86,61.8,79.6,0,2.6,74.5,7,3,4,5,4,2,2,6.4,1,No,Low,Tier 3,Yes,High,Placed
Female,IT,6.36,56.3,58.8,1,5.7,80.3,7,0,4,5,3,4,5,7.9,2,No,High,Tier 3,Yes,Low,Placed
Male,IT,7.56,63.7,71.4,1,2.2,70.3,6,0,5,2,3,5,0,7.0,10,No,Medium,Tier 1,Yes,Low,Placed
Male,ECE,8.72,80.2,70.5,0,2.6,69.5,8,4,5,2,4,4,4,5.5,7,No,High,Tier 3,Yes,Medium,Placed
Male,ME,10.0,88.3,84.5,0,3.1,83.6,7,4,4,1,4,5,7,8.2,10,Yes,Low,Tier 2,Yes,High,Placed
Male,IT,8.66,87.2,83.5,0,2.4,63.7,8,1,5,3,4,6,6,6.6,5,No,High,Tier 1,Yes,,Placed
Female,IT,7.43,70.6,60.3,1,6.1,70.1,8,1,5,3,3,3,0,5.5,3,No,Low,Tier 1,No,Medium,Not Placed
Female,ECE,7.56,67.4,64.2,0,3.1,65.0,5,2,3,1,3,4,1,9.0,1,No,Medium,Tier 1,Yes,,Placed
Female,ECE,8.41,65.6,77.6,1,5.1,74.1,5,3,3,4,4,4,0,5.7,5,Yes,Medium,Tier 3,Yes,Medium,Placed
Male,CSE,8.49,78.8,78.3,0,3.0,81.8,7,2,5,5,5,5,2,8.1,2,Yes,Medium,Tier 1,Yes,Low,Placed
Male,IT,8.08,74.4,68.1,0,4.0,75.8,2,1,2,2,3,1,1,6.1,8,No,Low,Tier 1,Yes,Low,Placed
Male,CSE,9.61,85.5,94.3,0,3.6,76.4,8,3,5,3,5,5,7,7.2,3,Yes,Medium,Tier 3,Yes,Low,Placed
Male,ME,7.57,65.4,62.5,0,0.3,50.1,3,1,3,4,4,3,4,5.9,10,No,Low,Tier 2,No,High,Placed
Male,CSE,8.29,72.1,76.1,0,1.6,62.6,8,3,5,5,4,4,3,5.5,8,Yes,Medium,Tier 3,Yes,Medium,Placed
Female,CSE,8.59,84.9,86.1,0,1.5,67.8,8,2,5,2,5,6,2,7.6,1,No,Low,Tier 3,Yes,High,Placed
Female,ECE,8.12,80.0,74.8,2,6.2,79.5,3,2,1,1,4,2,1,7.5,4,No,High,Tier 1,Yes,Medium,Not Placed
Male,IT,7.36,64.7,58.1,0,6.6,71.9,7,0,5,4,4,6,5,8.4,2,No,Low,Tier 3,Yes,,Placed
Female,CSE,8.07,74.9,77.3,1,3.0,70.9,6,3,4,2,4,3,5,7.0,6,No,Low,Tier 1,Yes,Low,Placed
Female,ME,7.98,74.4,70.9,0,4.9,71.0,8,2,4,1,4,3,3,9.0,5,No,Low,Tier 2,Yes,High,Not Placed
Male,CSE,8.59,71.2,80.8,0,2.6,69.5,5,3,5,2,5,4,2,7.3,10,Yes,Medium,Tier 2,Yes,Medium,Placed
Female,CSE,7.99,68.6,79.0,0,4.6,67.2,8,2,5,1,4,6,1,7.7,4,Yes,Low,Tier 1,Yes,High,Placed
Male,ECE,9.22,89.9,75.0,0,3.3,69.7,1,2,2,1,5,3,2,5.4,8,Yes,Medium,Tier 3,Yes,,Placed
Male,ECE,8.61,72.7,79.7,0,3.0,75.5,8,3,5,5,4,5,1,6.3,10,No,High,Tier 2,Yes,Low,Placed
Male,CSE,10.0,87.4,96.2,0,5.2,73.7,6,4,4,4,5,3,0,7.6,8,Yes,Medium,Tier 1,Yes,Low,Placed
Female,ECE,9.86,88.0,90.5,0,4.6,80.8,4,4,3,3,5,3,1,6.9,9,No,Medium,Tier 3,Yes,Low,Placed
Male,CSE,9.02,80.3,88.7,0,2.5,61.6,8,2,5,5,5,6,4,7.2,3,No,Low,Tier 2,Yes,Low,Placed
Male,ECE,7.76,65.4,70.9,2,7.4,80.1,5,1,3,3,4,3,5,6.0,4,No,Medium,Tier 2,Yes,Low,Not Placed
Male,IT,8.72,76.9,86.9,0,7.7,85.4,8,2,5,5,5,6,4,7.1,1,No,Low,Tier 2,Yes,Medium,Placed
Male,IT,7.88,61.4,62.7,0,4.2,69.3,8,0,3,1,4,3,3,7.1,2,No,Medium,Tier 3,Yes,Low,Placed
Female,ECE,8.62,80.9,82.1,0,5.2,74.0,7,1,5,5,4,4,2,5.6,5,No,Low,Tier 1,Yes,,Placed
Female,ME,9.35,83.8,71.5,0,8.7,80.2,6,2,4,1,5,3,1,7.8,10,No,Medium,Tier 1,Yes,Medium,Placed
Male,IT,7.97,64.7,73.5,1,5.2,67.2,7,2,5,4,4,6,4,5.0,9,No,Medium,Tier 2,Yes,Low,Placed
Male,CSE,8.1,70.1,67.1,0,1.3,65.5,5,1,3,2,4,4,2,7.2,7,No,High,Tier 1,No,Medium,Placed
Male,IT,7.66,58.3,73.0,0,4.1,70.6,4,1,3,1,4,4,1,9.0,1,No,Low,Tier 3,No,Low,Placed
Male,IT,5.84,50.0,50.5,1,3.3,75.7,5,0,5,3,4,4,9,7.8,9,No,Medium,Tier 2,Yes,High,Placed
Male,CSE,8.62,69.1,78.1,0,3.1,63.6,7,3,5,1,4,4,3,7.8,3,No,Low,Tier 1,Yes,Medium,Placed
Male,CSE,8.2,85.4,70.7,0,4.9,72.5,5,1,3,1,5,2,2,5.9,5,No,Medium,Tier 1,Yes,High,Placed
Male,IT,8.63,79.1,86.8,1,3.0,65.4,5,2,4,3,4,4,0,9.0,2,No,High,Tier 3,Yes,Medium,Placed
Female,ECE,9.62,86.9,85.6,0,5.7,72.3,6,3,3,1,4,3,0,8.7,3,No,Medium,Tier 3,Yes,Low,Placed
Female,CSE,7.87,66.3,66.5,1,2.7,74.7,7,2,4,1,3,4,3,6.0,6,No,Medium,Tier 2,Yes,Low,Placed
Male,CSE,6.57,60.6,51.7,0,1.8,60.4,4,2,3,3,3,2,0,6.4,10,No,High,Tier 2,Yes,Medium,Placed
Male,ECE,7.91,72.1,66.7,1,6.5,79.5,1,0,1,2,4,3,1,8.5,4,No,Medium,Tier 1,No,Medium,Not Placed
Female,ME,9.99,93.9,84.8,0,3.5,71.4,6,4,3,4,5,3,3,9.0,2,No,Medium,Tier 2,Yes,Medium,Placed
Male,CE,8.75,76.4,78.8,1,5.6,71.7,8,2,5,1,4,6,1,5.5,10,No,Medium,Tier 1,Yes,Low,Not Placed
Female,IT,9.32,81.0,82.5,0,2.1,70.4,4,4,3,1,5,1,3,5.8,3,No,Medium,Tier 2,Yes,Medium,Placed
Female,CSE,7.6,65.3,57.5,0,3.6,65.1,8,2,5,2,4,5,3,6.8,10,No,Low,Tier 2,Yes,Medium,Placed
Male,ECE,8.95,79.4,78.5,0,5.3,81.5,8,1,5,2,4,6,1,4.4,10,No,High,Tier 3,Yes,Medium,Placed
Male,ECE,8.89,80.9,68.7,0,2.5,64.1,8,3,5,4,5,5,2,7.0,2,No,Medium,Tier 2,No,Low,Placed
Female,ECE,6.82,68.0,65.6,0,4.9,76.8,3,2,2,1,3,1,1,8.4,10,Yes,Low,Tier 3,Yes,High,Not Placed
Male,CSE,8.87,86.1,78.8,0,6.4,89.9,6,3,4,4,5,5,3,5.3,7,Yes,Medium,Tier 2,Yes,Low,Placed
Male,IT,8.76,77.9,72.2,1,4.7,79.1,7,2,4,2,3,4,5,7.2,4,No,Medium,Tier 3,Yes,,Placed
Female,IT,6.93,74.9,61.1,3,2.9,62.3,7,0,5,2,3,6,3,6.3,7,No,Low,Tier 2,Yes,High,Placed
Male,ECE,7.26,67.9,70.3,0,2.8,55.5,4,1,1,1,4,0,0,9.0,3,No,Medium,Tier 2,Yes,Low,Not Placed
Male,ME,9.53,88.7,84.5,0,2.5,74.5,4,2,3,3,4,2,1,6.3,10,No,High,Tier 3,No,Medium,Placed
Female,CSE,8.49,80.6,76.8,0,2.2,67.7,4,1,3,5,5,2,1,8.8,3,No,High,Tier 1,Yes,,Placed
Male,ECE,9.93,95.8,93.6,0,5.7,84.8,3,3,2,2,5,3,2,6.3,4,No,High,Tier 1,Yes,,Placed
Male,ME,8.25,79.2,71.3,0,2.1,70.5,2,2,1,1,4,1,0,7.9,10,No,High,Tier 1,No,,Not Placed
Female,ECE,8.48,73.6,71.8,1,3.4,70.1,6,0,2,3,4,2,4,7.3,3,No,Low,Tier 3,Yes,Low,Placed
Male,IT,7.19,63.0,60.3,0,4.4,79.4,8,1,5,4,4,5,5,6.8,10,No,Medium,Tier 1,Yes,,Placed
Female,ME,8.35,68.7,79.3,1,3.3,68.1,3,3,2,4,4,3,6,6.1,8,No,High,Tier 3,No,,Placed
Female,ECE,8.02,75.1,73.2,1,2.6,76.4,3,0,2,4,3,4,3,7.4,9,No,Medium,Tier 2,Yes,Medium,Not Placed
Male,CE,8.9,85.0,82.8,0,6.4,76.9,8,1,5,3,5,6,2,6.5,5,No,Medium,Tier 1,Yes,Medium,Placed
Male,CSE,8.55,82.1,70.6,1,2.8,66.3,7,4,5,5,4,5,5,6.2,3,No,Medium,Tier 2,Yes,High,Placed
Male,ECE,8.8,80.6,87.6,1,4.4,76.1,4,3,3,3,4,3,3,8.8,7,No,Medium,Tier 1,Yes,High,Not Placed
Male,ECE,8.93,83.7,85.6,1,3.0,67.4,8,1,5,3,4,6,5,7.7,3,No,High,Tier 2,Yes,Low,Placed
Male,ECE,7.3,57.6,60.4,0,2.8,72.2,6,3,3,2,4,4,0,7.8,6,No,Medium,Tier 2,Yes,High,Placed
Female,CE,8.72,76.4,81.1,1,1.3,62.7,8,2,5,1,4,5,5,6.5,4,No,Medium,Tier 2,Yes,Medium,Placed
Male,ECE,8.97,78.2,76.1,0,4.0,74.3,8,3,5,3,4,6,3,6.8,8,Yes,High,Tier 1,Yes,Low,Placed
Male,CE,8.15,80.7,65.5,0,1.4,70.6,8,3,4,4,4,3,2,6.7,6,No,Medium,Tier 2,Yes,Medium,Placed
Female,ME,9.01,82.9,83.1,0,4.6,74.4,4,3,2,2,4,0,2,7.4,7,No,Low,Tier 3,Yes,Low,Placed
Male,ECE,9.84,90.2,89.7,0,3.4,69.1,3,2,2,4,5,0,7,7.8,4,No,Medium,Tier 3,Yes,Medium,Placed
Female,IT,8.91,73.5,83.1,1,2.1,65.2,8,1,5,1,4,4,4,7.0,6,No,High,Tier 3,Yes,Low,Placed
Male,CSE,6.61,53.2,64.1,2,1.7,69.1,3,1,2,2,4,2,2,6.0,10,Yes,Medium,Tier 1,Yes,,Not Placed
Male,CSE,7.16,63.5,68.5,1,0.0,65.7,6,1,3,1,3,4,1,7.9,8,Yes,Medium,Tier 3,Yes,,Not Placed
Female,ECE,8.16,77.3,73.9,0,5.3,66.9,5,2,4,3,5,5,3,7.0,10,No,Medium,Tier 2,Yes,,Placed
Female,CSE,7.46,62.8,66.8,0,3.9,75.0,8,1,5,2,4,4,2,5.3,10,No,Low,Tier 1,Yes,High,Placed
Female,CSE,6.68,67.5,66.7,1,4.3,67.7,2,0,2,1,4,2,1,4.4,10,No,High,Tier 3,Yes,High,Not Placed
Female,ME,9.31,79.9,82.1,0,5.0,72.6,1,2,2,4,5,3,2,7.4,9,No,High,Tier 3,Yes,Low,Placed
Female,ECE,8.14,76.0,78.7,0,7.2,81.8,5,3,4,3,4,5,3,6.0,3,No,Low,Tier 2,Yes,Low,Placed
Male,ECE,8.97,77.4,70.9,1,2.1,66.2,8,2,5,2,5,4,1,7.5,5,No,Low,Tier 1,No,Low,Placed
Male,IT,6.31,63.1,54.0,0,2.8,67.7,6,0,5,3,3,5,2,6.1,10,No,High,Tier 1,Yes,High,Placed
Female,ME,9.05,91.1,81.2,0,5.1,76.8,7,3,5,2,5,4,5,7.2,3,No,High,Tier 2,No,Low,Placed
Female,IT,9.46,88.3,88.3,0,5.5,73.7,5,2,4,2,4,4,4,6.5,5,No,High,Tier 3,Yes,High,Placed
Female,CSE,8.85,76.6,83.7,0,4.1,75.0,6,2,5,5,5,6,2,9.0,3,Yes,High,Tier 1,Yes,Medium,Placed
Male,ME,7.7,64.9,74.6,0,0.0,59.1,6,1,5,2,3,3,2,8.1,3,No,Medium,Tier 3,Yes,High,Placed
Male,IT,7.77,66.4,71.0,0,0.0,61.7,3,1,2,1,4,2,2,8.6,7,No,Medium,Tier 1,Yes,Medium,Placed
Female,ME,8.24,71.9,73.5,1,3.8,69.1,5,4,3,1,4,3,1,7.0,8,No,Medium,Tier 3,Yes,Medium,Placed
Male,CE,9.24,80.3,88.9,0,6.2,74.3,8,3,5,1,5,6,5,8.0,5,No,Low,Tier 3,Yes,Medium,Placed
Female,ECE,8.76,85.3,79.6,0,6.9,75.5,8,2,5,3,4,6,3,7.1,3,No,Medium,Tier 2,Yes,High,Placed
Female,CSE,8.0,72.6,78.3,0,0.6,60.0,4,2,4,5,3,5,3,8.8,4,No,Medium,Tier 2,Yes,High,Placed
Male,ECE,8.97,83.6,83.4,0,4.9,69.6,8,2,5,1,5,4,6,6.9,3,No,Medium,Tier 3,Yes,Medium,Placed
Female,ECE,8.48,70.1,76.4,0,4.9,79.4,4,1,3,4,4,4,3,5.3,5,No,Medium,Tier 2,Yes,Medium,Placed
Female,IT,6.98,61.2,67.4,1,2.9,71.0,6,1,4,3,4,3,1,4.6,10,No,Medium,Tier 2,Yes,High,Placed
Male,CSE,7.81,73.4,71.7,2,4.3,67.1,7,2,5,5,4,5,4,9.0,4,No,Low,Tier 2,Yes,High,Placed
Female,IT,8.23,71.9,75.3,0,3.5,61.8,4,3,3,3,4,4,0,7.6,6,No,Low,Tier 1,Yes,Medium,Placed
Male,IT,6.01,55.7,50.0,1,1.7,69.2,6,0,5,5,2,5,2,7.7,4,Yes,Low,Tier 3,No,,Placed
Female,CSE,8.02,70.2,71.2,0,2.8,71.4,4,1,3,3,4,3,2,8.8,8,No,Low,Tier 1,Yes,,Placed
Male,ECE,9.02,87.2,78.7,0,8.0,77.5,8,2,5,3,5,6,3,5.0,6,No,High,Tier 3,Yes,High,Placed
Female,IT,8.23,74.2,75.4,1,4.6,70.9,4,3,3,1,4,1,2,6.6,8,No,Low,Tier 1,Yes,,Placed
Male,IT,8.23,71.1,75.0,0,1.6,68.1,7,2,5,1,4,6,4,6.7,2,No,Low,Tier 3,No,Low,Placed
Male,ECE,8.12,74.7,72.2,0,1.8,53.1,6,1,4,1,4,3,5,7.9,9,No,Medium,Tier 1,Yes,Low,Placed
Female,ECE,9.83,90.1,87.8,0,7.1,76.1,7,3,5,4,4,4,8,6.2,2,No,Medium,Tier 2,Yes,Medium,Placed
Male,ECE,8.34,79.9,77.3,0,3.0,66.0,6,1,3,2,5,1,3,5.6,5,No,Low,Tier 2,Yes,Medium,Placed
Male,ME,10.0,83.9,81.2,0,3.3,73.8,3,2,2,2,5,3,1,5.5,6,Yes,Medium,Tier 3,Yes,Low,Placed
Female,CSE,8.74,74.1,71.4,0,5.6,75.3,8,1,5,5,4,4,1,8.4,5,No,Medium,Tier 2,Yes,Low,Placed
Female,CE,9.11,83.2,81.1,0,3.3,73.8,8,2,5,4,5,6,3,6.1,3,No,Low,Tier 3,Yes,Medium,Placed
Male,CSE,7.86,68.0,76.9,0,2.9,65.0,8,3,5,5,4,4,3,6.3,8,No,Low,Tier 2,Yes,High,Placed
Female,CSE,8.29,75.4,81.8,1,4.4,75.2,3,2,2,5,5,2,0,7.8,10,No,High,Tier 2,Yes,,Not Placed
Male,ECE,7.1,65.1,56.6,1,2.6,68.6,8,1,5,4,4,5,6,6.2,7,No,High,Tier 3,Yes,,Placed
Male,ECE,8.16,68.9,89.2,0,3.1,65.1,8,1,5,4,3,4,1,5.0,3,No,Medium,Tier 1,Yes,Medium,Placed
Male,ECE,7.41,68.1,62.2,0,7.2,79.3,3,0,3,4,4,3,1,5.1,8,No,Low,Tier 2,No,High,Placed
Female,ECE,9.45,82.4,80.1,0,2.4,69.0,7,2,5,2,5,4,5,6.9,2,No,Medium,Tier 2,Yes,Medium,Placed
Female,ECE,8.39,67.6,63.9,1,3.5,70.5,7,1,5,5,4,5,3,7.6,8,No,Medium,Tier 2,Yes,Medium,Placed
Female,CSE,9.36,84.2,81.0,0,8.3,87.0,8,2,5,2,4,5,3,6.8,10,No,Low,Tier 2,Yes,High,Placed
Female,ECE,5.93,51.3,51.7,1,0.0,64.1,6,3,5,4,3,5,5,7.5,8,No,Medium,Tier 2,Yes,Low,Placed
Male,IT,7.05,60.3,71.1,0,7.8,82.2,3,1,2,4,3,1,2,5.1,9,No,Medium,Tier 1,Yes,,Placed
Male,ECE,7.9,71.6,75.2,0,5.1,61.6,2,1,3,3,4,3,2,5.1,10,Yes,Medium,Tier 3,Yes,Medium,Not Placed
Male,ECE,7.01,65.6,68.6,0,4.9,68.8,6,1,4,3,4,5,1,9.0,1,No,Medium,Tier 3,No,High,Placed
Male,ME,5.59,50.0,59.8,0,4.9,67.0,8,0,5,2,3,6,0,8.5,9,Yes,High,Tier 2,Yes,Medium,Placed
Male,IT,9.26,87.6,94.5,0,3.1,61.9,4,3,3,3,5,3,2,7.9,2,Yes,Medium,Tier 2,Yes,High,Placed
Female,CSE,8.43,71.2,85.7,0,2.0,65.2,5,3,3,3,4,3,0,6.2,4,Yes,High,Tier 1,Yes,Medium,Placed
Male,ME,7.62,65.8,70.4,1,3.9,73.8,4,3,3,3,4,2,2,6.7,4,No,Low,Tier 3,Yes,Medium,Placed
Male,CE,8.59,84.8,75.3,1,3.8,65.1,7,2,4,1,4,3,2,7.0,3,No,High,Tier 1,Yes,,Not Placed
Male,ME,10.0,86.1,95.1,0,4.5,77.2,8,3,5,5,4,4,1,8.6,2,No,Low,Tier 2,No,,Not Placed
Female,CSE,7.46,67.1,63.4,1,3.4,74.2,8,1,5,5,4,5,5,7.5,4,Yes,Low,Tier 3,Yes,Medium,Placed
Female,ME,9.4,80.8,87.7,1,5.7,86.9,6,3,4,5,4,5,5,7.6,9,No,Medium,Tier 2,Yes,,Placed
Male,CSE,8.32,82.1,73.8,0,5.6,81.4,8,3,5,5,4,6,4,6.8,2,No,Medium,Tier 3,Yes,,Placed
Male,ME,7.4,62.4,63.8,0,1.1,68.5,7,3,5,4,3,6,5,8.0,5,No,High,Tier 2,Yes,High,Placed
Female,CE,6.76,69.3,52.5,1,0.6,62.7,3,1,1,3,4,0,0,7.4,3,No,Medium,Tier 1,Yes,High,Not Placed
Male,CSE,8.11,78.4,75.3,1,2.4,62.5,4,2,2,4,4,0,2,7.1,9,No,Low,Tier 3,Yes,Low,Placed
Female,IT,8.66,80.0,73.2,1,1.3,62.5,4,1,3,5,4,2,2,6.1,7,No,Medium,Tier 1,Yes,Medium,Not Placed
Female,CSE,8.77,83.2,82.0,0,6.1,83.6,8,2,5,5,4,5,4,6.9,10,No,Medium,Tier 3,Yes,,Placed
Male,IT,7.92,81.1,70.6,1,2.7,67.2,5,3,4,2,3,2,6,5.7,5,No,Medium,Tier 1,Yes,Low,Placed
Male,ECE,8.05,69.8,72.3,1,5.0,76.0,3,3,3,2,4,2,5,7.0,2,No,Medium,Tier 3,Yes,Medium,Placed
Female,CSE,10.0,90.8,89.3,0,3.7,75.4,8,4,5,2,5,5,4,7.1,2,No,Medium,Tier 1,Yes,Medium,Placed
Male,CSE,7.87,70.8,63.8,1,5.8,78.0,6,1,5,4,4,6,3,4.1,7,No,High,Tier 2,Yes,,Placed
Male,IT,7.48,63.4,63.8,0,3.1,68.1,7,2,4,3,3,5,4,6.7,9,No,High,Tier 2,Yes,Low,Placed
Female,CSE,6.35,55.1,52.8,1,0.9,59.5,7,0,5,3,3,6,9,5.6,4,No,Low,Tier 2,Yes,Low,Placed
Female,CSE,10.0,91.4,85.6,0,2.6,78.0,4,4,3,2,5,2,1,7.6,2,No,Medium,Tier 2,Yes,High,Placed
Female,ECE,6.0,65.3,50.0,0,0.0,61.8,3,1,2,5,3,2,3,7.8,8,No,Medium,Tier 2,Yes,Medium,Placed
Female,ME,8.98,75.5,75.9,0,1.0,57.4,8,2,5,5,5,5,5,6.5,3,No,Medium,Tier 2,Yes,Low,Placed
Male,ECE,9.19,82.6,78.7,0,4.7,70.5,4,3,2,5,5,0,0,7.7,4,Yes,Medium,Tier 2,Yes,,Placed
Male,CSE,7.56,66.2,64.4,0,4.4,73.1,2,2,2,1,4,1,1,7.7,6,No,High,Tier 2,No,Medium,Not Placed
Female,CSE,8.4,78.4,78.3,0,2.9,71.8,7,3,5,4,4,5,3,6.7,6,No,Medium,Tier 2,Yes,Medium,Placed
Male,CSE,8.46,79.1,77.1,0,3.7,70.4,8,3,5,1,5,6,3,8.8,6,No,High,Tier 1,No,High,Placed
Male,CSE,10.0,83.4,85.2,0,0.8,54.8,6,4,4,4,5,3,2,6.1,5,No,High,Tier 3,Yes,Low,Placed
Female,ECE,10.0,90.9,87.9,0,5.4,66.7,4,3,3,5,5,3,4,8.8,4,No,High,Tier 2,Yes,High,Placed
Male,CE,8.86,69.4,70.5,0,3.6,61.9,8,1,5,4,5,4,6,6.7,9,No,High,Tier 1,Yes,Low,Placed
Male,CSE,8.77,84.6,79.7,0,5.1,77.8,8,1,5,4,4,6,3,6.0,5,Yes,Medium,Tier 2,Yes,Low,Placed
Male,ECE,9.38,75.8,83.1,0,4.9,75.5,2,3,2,3,4,2,1,6.6,1,No,Low,Tier 3,Yes,Low,Placed
Male,ECE,8.41,71.1,71.0,0,4.6,70.3,1,1,1,4,4,1,1,5.7,10,No,Medium,Tier 1,Yes,Medium,Not Placed
Male,IT,8.32,77.1,85.4,0,2.1,76.3,4,2,4,3,4,4,4,7.9,9,Yes,Low,Tier 2,Yes,High,Placed
Male,IT,7.74,66.4,68.3,0,4.6,73.5,3,2,2,5,3,0,1,5.1,5,No,Medium,Tier 2,Yes,Medium,Placed
Male,IT,8.35,77.0,77.4,0,4.9,66.5,5,4,3,1,4,3,3,8.7,9,No,Medium,Tier 1,Yes,Medium,Placed
Female,CSE,8.68,87.2,76.4,0,2.7,67.3,4,2,4,3,5,4,3,5.9,10,Yes,Medium,Tier 3,Yes,,Placed
Female,CSE,8.5,81.9,70.8,0,4.6,75.9,8,2,5,1,4,5,3,8.0,7,No,High,Tier 2,Yes,,Placed
Male,ECE,8.46,73.7,77.1,2,1.1,60.7,1,3,1,3,4,1,0,7.0,5,No,High,Tier 1,Yes,Medium,Not Placed
Female,CSE,7.76,68.7,67.3,1,5.1,74.4,2,1,2,2,4,0,0,7.3,3,No,Low,Tier 3,No,Medium,Not Placed
Male,ECE,8.16,67.5,76.9,0,4.6,76.8,1,0,1,1,3,1,2,6.3,10,No,Medium,Tier 2,Yes,Medium,Not Placed
Male,CE,7.58,73.5,66.7,1,7.0,82.0,3,3,2,3,4,3,2,7.4,6,Yes,Medium,Tier 3,Yes,Low,Not Placed
Female,IT,9.87,91.3,87.5,0,7.8,86.5,4,3,4,3,5,5,2,7.2,3,No,Medium,Tier 2,Yes,,Placed
Male,IT,6.48,54.2,63.4,0,3.5,74.0,8,0,5,2,4,4,5,5.3,5,No,Medium,Tier 3,Yes,Low,Placed
Female,ECE,9.07,83.2,82.3,1,5.0,67.2,7,2,4,3,4,6,7,5.8,3,No,Medium,Tier 3,Yes,High,Placed
Male,ME,7.11,56.2,64.9,1,4.7,76.9,2,2,1,3,4,3,2,6.4,5,Yes,Medium,Tier 1,Yes,Medium,Not Placed
Female,ECE,7.13,66.0,65.4,1,3.5,73.6,7,0,5,5,4,5,2,6.1,9,No,High,Tier 3,Yes,Low,Not Placed
Male,CSE,6.9,68.5,66.7,2,0.4,62.4,7,2,5,3,3,4,4,8.5,6,No,High,Tier 2,Yes,Low,Not Placed
Female,CE,8.86,83.3,92.2,0,1.7,66.7,2,2,2,2,4,2,4,7.0,6,No,Low,Tier 1,Yes,,Placed
Male,CSE,6.93,63.8,60.1,1,2.9,64.2,5,1,2,1,4,2,1,6.1,6,No,Medium,Tier 2,Yes,Low,Not Placed
Female,ECE,8.26,79.6,73.7,0,4.5,81.1,7,3,5,5,3,5,1,6.4,5,No,Medium,Tier 1,Yes,Medium,Placed
Male,ECE,8.47,74.0,72.8,1,6.8,83.3,7,3,3,4,5,0,1,6.4,3,Yes,Low,Tier 3,Yes,High,Placed
Male,ME,8.1,62.1,71.5,0,3.8,74.8,5,2,4,1,4,4,4,6.7,5,No,Low,Tier 2,Yes,Medium,Placed
Female,CE,9.15,89.3,84.1,0,6.1,85.2,8,3,5,3,5,5,4,5.7,10,No,Medium,Tier 3,Yes,,Placed
Male,ECE,8.71,82.8,80.9,0,6.9,84.9,8,3,5,4,4,6,4,6.0,4,Yes,Medium,Tier 1,Yes,Medium,Placed
Female,IT,7.89,72.7,76.7,1,2.9,73.1,5,1,3,2,5,5,1,7.9,10,No,Low,Tier 2,Yes,Medium,Not Placed
Female,CSE,7.18,65.2,62.8,0,1.2,51.4,7,1,4,4,3,3,4,7.2,3,Yes,Medium,Tier 1,Yes,,Placed
Male,ECE,7.45,71.2,69.0,0,4.1,58.0,1,2,1,2,4,2,2,6.8,5,Yes,Medium,Tier 2,Yes,High,Not Placed
Female,CE,6.34,61.2,52.5,1,1.3,63.1,6,2,3,1,3,2,3,7.0,10,No,Low,Tier 3,Yes,High,Placed
Male,ME,8.38,74.6,71.4,0,7.6,84.1,4,4,3,1,4,2,1,6.9,9,No,Low,Tier 3,Yes,Low,Placed
Female,IT,10.0,96.6,94.4,0,6.3,80.6,7,3,5,5,5,6,6,6.7,7,No,High,Tier 3,Yes,Medium,Placed
Male,CSE,8.78,82.9,77.5,0,6.8,81.8,7,1,5,5,4,6,1,7.6,10,No,Low,Tier 3,Yes,Medium,Placed
Male,ME,7.76,66.9,66.4,0,0.5,62.9,4,2,3,3,4,3,3,7.5,9,No,High,Tier 1,Yes,Medium,Placed
Female,ME,6.64,71.3,52.1,0,3.3,70.6,4,1,2,3,3,2,5,5.1,5,No,Medium,Tier 2,Yes,,Placed
Female,IT,9.67,83.2,91.9,0,4.1,68.5,8,4,5,3,5,5,2,6.8,2,No,Medium,Tier 2,Yes,,Placed
Male,CSE,9.38,74.7,75.8,0,4.8,67.3,8,2,5,4,5,6,7,5.2,10,No,Low,Tier 2,No,,Placed
Female,CE,7.4,60.0,58.8,0,3.3,69.2,0,3,1,5,4,1,1,7.8,7,Yes,Low,Tier 1,Yes,Medium,Placed
Male,ME,6.62,65.6,62.5,1,0.0,56.8,5,3,3,1,3,4,1,7.9,10,No,Low,Tier 2,Yes,Low,Placed
Male,CSE,9.99,96.1,88.8,0,4.9,72.6,8,4,5,5,5,5,4,6.3,4,No,Low,Tier 2,Yes,Medium,Placed
Male,ECE,9.31,79.0,85.7,0,7.5,74.1,7,4,5,5,5,5,3,6.9,5,Yes,Medium,Tier 2,Yes,Medium,Placed
Male,ECE,9.94,86.5,88.0,0,8.0,83.1,7,3,5,5,5,6,2,4.5,10,No,Low,Tier 3,No,Low,Placed
Male,ME,9.31,80.9,88.2,0,3.5,71.7,7,2,5,1,5,6,2,8.2,10,No,Medium,Tier 2,Yes,Medium,Placed
Male,IT,6.5,62.8,64.5,0,4.2,65.4,5,2,4,1,4,3,3,7.9,6,No,Medium,Tier 1,Yes,Low,Placed
Female,ME,9.66,81.1,93.5,0,2.0,68.1,7,3,5,1,4,4,1,8.4,7,No,Low,Tier 1,Yes,Low,Placed
Female,ME,8.4,80.5,74.5,0,4.2,65.8,5,0,2,1,4,2,1,8.8,10,No,Low,Tier 3,Yes,Low,Placed
Female,ECE,8.11,73.9,67.4,0,3.1,71.7,7,1,3,3,4,3,0,5.5,7,No,Low,Tier 3,Yes,High,Placed
Male,CSE,8.19,71.0,73.6,0,3.0,65.0,7,3,5,3,4,3,4,8.1,8,No,Low,Tier 2,Yes,Medium,Placed
Male,CSE,7.71,67.2,65.2,0,1.0,68.2,7,1,5,2,4,4,4,8.8,10,No,Medium,Tier 2,Yes,,Placed
Female,ECE,7.35,65.0,63.3,0,7.1,77.4,4,1,3,3,4,3,1,5.2,3,No,Medium,Tier 3,Yes,High,Placed
Female,ECE,9.9,88.1,98.6,0,3.5,65.2,3,3,3,1,5,3,5,6.8,1,No,Medium,Tier 2,Yes,Medium,Placed
Male,CSE,7.73,66.2,73.8,1,3.0,68.7,3,0,2,2,4,0,4,6.6,4,No,Medium,Tier 3,Yes,,Not Placed
Female,ECE,8.05,82.9,71.0,0,4.4,74.9,4,0,3,2,4,3,3,8.0,8,No,Medium,Tier 3,Yes,,Not Placed
Female,ECE,8.4,78.5,75.1,0,2.8,73.1,5,3,5,5,5,6,6,4.1,10,Yes,Medium,Tier 2,Yes,Low,Placed
Female,CSE,9.55,90.5,83.5,0,0.0,62.9,3,4,3,4,5,4,3,9.0,7,Yes,Medium,Tier 2,Yes,Medium,Placed
Female,ECE,8.7,79.1,79.2,0,6.6,74.8,8,0,5,5,4,5,2,6.9,5,No,Low,Tier 1,Yes,Medium,Placed
Female,CSE,8.42,77.2,73.6,0,4.1,73.5,7,3,4,2,5,5,4,8.1,10,No,Low,Tier 1,Yes,Low,Placed
Male,IT,9.79,86.6,93.5,0,5.6,70.7,8,3,5,3,5,4,1,6.9,10,No,Medium,Tier 3,Yes,Low,Placed
Female,IT,8.81,85.0,79.2,0,4.4,78.1,4,4,3,4,5,4,1,7.6,2,No,Medium,Tier 3,No,Low,Placed
Female,CE,8.91,80.6,75.7,0,5.9,84.3,4,1,3,2,4,3,3,4.2,7,No,Medium,Tier 3,Yes,,Placed
Male,CSE,5.69,50.0,58.4,1,5.4,76.7,7,0,5,4,3,6,5,6.5,5,No,Medium,Tier 2,Yes,Medium,Placed
Male,CE,7.65,55.5,71.2,1,0.0,58.4,4,3,3,2,4,3,4,8.0,3,Yes,Medium,Tier 1,Yes,Low,Placed
Male,IT,8.57,72.8,79.1,0,4.9,82.5,3,3,3,5,4,4,3,7.3,8,No,Medium,Tier 1,Yes,Medium,Placed
Female,CE,7.54,67.0,58.7,0,2.2,73.3,2,3,1,4,4,3,0,5.0,10,No,Medium,Tier 2,No,High,Not Placed
Female,CSE,8.65,78.1,77.6,0,2.2,56.6,8,3,5,2,5,6,2,7.1,5,No,Medium,Tier 2,No,,Placed
Male,ME,6.62,53.7,56.0,0,0.6,64.1,6,1,3,4,4,2,1,6.0,5,No,Medium,Tier 2,Yes,,Placed
Male,IT,7.96,60.9,57.5,0,7.6,81.5,8,2,5,2,4,5,1,5.9,3,No,Medium,Tier 1,Yes,,Placed
Male,ME,9.34,95.1,83.6,1,3.7,63.3,3,2,4,2,5,5,1,5.2,3,No,Medium,Tier 3,Yes,Low,Placed
Female,ME,9.6,86.4,85.7,0,3.2,77.3,7,4,4,4,5,3,3,7.7,1,No,High,Tier 2,Yes,Medium,Placed
Female,ECE,7.06,61.9,69.8,0,2.5,62.8,2,0,1,3,4,3,1,8.3,8,No,Medium,Tier 3,Yes,Medium,Not Placed
Female,ECE,9.22,83.9,80.1,1,8.7,90.4,7,3,5,2,5,5,4,9.0,10,No,Medium,Tier 2,Yes,Low,Placed
Male,CSE,8.37,70.0,71.3,0,6.0,74.6,7,2,5,3,4,4,9,5.2,5,Yes,Medium,Tier 1,Yes,Low,Placed
Male,ME,6.65,65.3,56.4,0,0.0,53.5,7,2,5,2,4,5,4,7.9,8,No,Medium,Tier 3,No,Low,Placed
Male,CSE,7.21,62.5,66.1,0,6.7,80.3,6,1,5,2,4,4,3,8.0,6,No,Low,Tier 3,No,Low,Placed
Male,ECE,6.75,57.1,66.5,0,2.2,58.2,7,1,5,2,3,5,5,6.3,6,Yes,High,Tier 2,No,Medium,Placed
Female,CSE,7.57,65.2,68.1,1,5.3,85.9,7,1,5,3,3,5,5,5.9,8,No,Low,Tier 2,Yes,,Placed
Female,ECE,9.7,83.9,84.4,0,3.1,72.3,6,3,5,2,5,4,1,5.7,6,No,Medium,Tier 1,Yes,Medium,Placed
Female,CSE,8.44,70.3,75.0,0,0.5,58.3,3,2,2,3,4,2,1,6.4,3,No,Medium,Tier 2,Yes,Medium,Placed
Female,ME,8.59,79.5,80.6,0,3.0,68.1,8,1,5,5,4,4,2,7.2,4,No,High,Tier 3,Yes,Low,Placed
Male,CE,7.19,67.6,70.5,2,4.5,68.6,7,0,5,4,3,5,3,8.6,10,Yes,Low,Tier 1,Yes,Medium,Placed
Female,CSE,9.71,80.8,93.3,0,4.5,74.7,8,3,5,3,5,4,1,8.3,8,No,Medium,Tier 1,Yes,High,Placed
Female,CSE,9.39,83.1,84.0,0,3.3,62.7,6,1,4,1,5,4,4,5.1,10,No,Medium,Tier 3,Yes,,Placed
Female,CSE,8.82,80.0,81.7,0,4.1,64.3,5,2,3,2,4,4,2,6.1,1,No,Medium,Tier 1,Yes,,Placed
Male,IT,8.66,75.4,82.0,0,4.3,73.8,5,1,3,4,5,3,2,8.6,5,No,Low,Tier 2,Yes,Low,Placed
Male,ECE,8.71,82.4,78.0,0,5.8,85.1,3,1,2,4,4,3,4,6.1,6,No,Medium,Tier 2,Yes,Medium,Placed
Male,ECE,9.33,91.8,87.4,0,6.6,75.1,4,4,3,5,5,3,4,6.9,9,No,Medium,Tier 2,Yes,Low,Placed
Female,CSE,6.59,61.7,63.1,3,4.0,68.1,8,1,5,4,3,5,4,5.0,10,No,Low,Tier 2,Yes,High,Not Placed
Female,ME,6.77,60.9,63.6,2,1.4,61.8,7,3,5,4,3,6,8,8.4,10,No,Medium,Tier 1,Yes,Medium,Placed
Male,IT,7.13,60.3,68.2,0,5.3,72.8,1,0,2,1,4,2,1,4.7,8,No,Medium,Tier 1,No,High,Placed
Female,IT,8.14,65.9,83.6,1,5.4,74.4,4,3,3,1,4,1,5,5.0,3,No,Medium,Tier 3,Yes,Low,Placed
Female,ME,9.19,78.7,78.6,0,5.8,79.2,4,3,3,1,5,2,3,8.3,2,Yes,High,Tier 3,Yes,High,Placed
Male,CSE,9.13,85.9,88.7,0,2.1,64.6,7,4,5,1,5,6,7,9.0,7,No,Medium,Tier 2,Yes,Low,Placed
Male,CSE,9.66,82.0,87.9,1,5.6,68.0,7,2,5,3,4,6,3,6.7,3,No,High,Tier 2,Yes,Low,Placed
Female,CSE,6.81,67.5,61.0,3,4.6,71.7,8,2,5,1,2,4,1,6.9,7,No,High,Tier 1,Yes,High,Not Placed
Male,CSE,10.0,88.1,87.2,0,5.2,77.2,7,2,5,4,5,6,4,8.1,5,No,Low,Tier 1,No,,Placed
Female,CSE,10.0,84.3,91.4,0,2.5,63.2,7,4,5,1,4,4,2,7.3,1,No,Low,Tier 3,No,High,Placed
Male,CSE,9.3,84.8,81.1,0,0.2,62.8,5,2,3,2,4,1,3,6.6,8,No,Medium,Tier 2,Yes,Low,Placed
Female,ECE,7.03,58.9,62.5,1,1.3,68.4,2,1,1,4,3,1,0,6.4,10,Yes,Medium,Tier 2,Yes,High,Not Placed
Male,IT,7.93,75.7,64.1,0,5.8,78.6,7,0,5,3,5,5,1,5.1,8,No,Medium,Tier 1,Yes,Medium,Placed
Male,ME,7.5,63.4,68.0,2,7.4,77.8,7,2,5,1,4,4,3,7.3,2,No,Medium,Tier 1,Yes,Medium,Placed
Female,IT,8.67,67.9,73.5,0,5.6,83.8,7,0,5,4,3,5,1,6.9,10,Yes,Medium,Tier 2,Yes,,Placed
Male,CE,8.42,73.2,74.9,1,1.5,69.6,8,3,4,1,4,4,4,6.5,2,No,Medium,Tier 3,Yes,Low,Not Placed
Male,CSE,7.81,62.4,70.3,1,3.9,72.7,2,1,2,2,4,2,4,5.8,8,No,Low,Tier 3,Yes,Medium,Not Placed
Male,CE,7.27,69.3,60.8,2,4.6,71.7,1,1,1,1,4,1,0,5.9,10,No,High,Tier 3,Yes,Medium,Not Placed
Female,CSE,8.72,83.7,73.8,0,4.1,77.3,8,3,5,2,4,6,4,7.7,4,No,Medium,Tier 3,Yes,,Placed
Female,ME,8.28,71.6,72.3,0,4.3,74.3,6,2,2,4,4,3,5,8.1,6,No,High,Tier 3,Yes,Low,Placed
Female,ECE,8.5,84.3,73.1,0,1.9,70.5,4,1,3,2,5,5,2,6.6,4,No,Low,Tier 2,Yes,Low,Placed
Male,IT,9.54,81.6,86.5,0,1.0,61.4,8,2,5,2,5,5,3,6.5,4,Yes,High,Tier 1,Yes,,Placed
Male,CSE,8.57,75.6,76.4,1,2.0,63.8,6,1,5,5,3,4,5,6.0,8,No,Low,Tier 3,Yes,Low,Placed
Male,CSE,8.32,69.5,79.5,0,1.5,56.0,3,1,3,4,4,2,2,8.1,5,No,Low,Tier 1,Yes,High,Placed
Male,IT,8.83,71.1,79.9,0,4.2,80.4,8,2,5,3,4,6,6,7.0,1,No,Low,Tier 1,Yes,Low,Placed
Male,CSE,7.31,67.7,67.4,3,4.5,79.9,8,2,5,2,3,2,3,7.4,8,No,Medium,Tier 1,Yes,Low,Not Placed
Male,ME,8.05,79.9,72.0,1,1.2,60.4,2,2,2,4,4,2,4,7.4,3,No,High,Tier 2,Yes,High,Not Placed
Male,CE,8.71,76.1,70.6,1,3.8,72.1,7,4,5,2,4,3,1,6.6,4,No,Medium,Tier 2,Yes,,Placed
Female,IT,9.56,86.1,85.5,1,7.7,86.4,6,3,5,5,4,6,3,5.6,10,No,High,Tier 1,Yes,Medium,Placed
Male,IT,9.06,75.3,71.5,1,4.3,76.0,5,3,3,3,4,2,2,5.8,5,No,Medium,Tier 2,Yes,Medium,Placed
Male,IT,8.08,69.8,70.4,1,3.1,70.7,8,2,5,3,4,5,4,8.4,5,No,Medium,Tier 3,Yes,Medium,Placed
Female,CSE,9.83,80.8,91.3,0,5.7,74.7,5,3,3,2,5,3,3,6.1,8,No,High,Tier 2,Yes,Medium,Placed
Male,IT,7.1,71.4,58.2,1,8.8,84.8,3,1,2,4,4,3,0,6.5,6,No,Low,Tier 3,Yes,Medium,Placed
Female,ME,8.96,74.6,69.9,1,4.4,73.2,8,3,5,1,5,5,0,5.6,5,No,Medium,Tier 1,Yes,,Placed
Female,ME,6.54,58.9,55.1,1,2.8,66.5,6,0,4,1,5,3,2,5.5,10,Yes,High,Tier 1,No,Medium,Not Placed
Female,CSE,9.87,96.7,89.6,0,4.2,82.0,7,4,5,4,5,6,6,6.1,6,Yes,High,Tier 2,Yes,Medium,Placed
Male,ME,9.86,89.3,86.5,0,6.8,79.7,7,3,5,4,5,6,0,9.0,6,No,High,Tier 2,Yes,,Placed
Female,IT,7.0,62.5,56.5,0,3.9,70.9,2,3,2,4,4,3,2,7.8,4,Yes,High,Tier 2,Yes,,Placed
Male,IT,7.23,66.7,62.5,1,4.1,70.6,8,1,5,2,4,6,2,6.4,8,No,Low,Tier 3,Yes,High,Placed
Male,ECE,7.2,58.4,67.3,1,6.8,74.7,6,2,5,4,3,6,6,8.3,4,No,High,Tier 3,Yes,Medium,Placed
Male,CSE,8.93,71.3,78.7,1,4.2,76.7,7,2,5,1,5,5,2,6.8,10,Yes,Medium,Tier 3,Yes,Low,Placed
Female,ECE,9.44,86.1,89.0,0,7.4,73.6,6,3,5,3,5,5,1,8.6,5,No,High,Tier 2,Yes,High,Placed
Male,IT,9.14,82.9,79.5,0,1.2,65.3,8,3,5,3,4,6,4,9.0,2,Yes,Medium,Tier 1,Yes,Medium,Placed
Male,CE,5.73,53.1,50.0,0,4.9,68.1,4,1,2,4,3,3,3,8.2,9,No,Medium,Tier 2,Yes,High,Not Placed
Female,ECE,8.02,59.5,80.5,0,7.9,85.9,1,3,1,1,5,0,1,7.1,8,No,Medium,Tier 1,Yes,High,Placed
Male,CSE,9.91,82.5,91.1,1,8.9,92.0,6,3,4,4,5,5,3,7.8,5,No,Medium,Tier 1,Yes,Low,Placed
Male,ECE,9.61,87.1,93.2,0,3.2,72.7,5,3,3,4,5,3,1,7.0,4,Yes,Low,Tier 1,Yes,Medium,Placed
Male,ECE,7.62,67.7,68.1,0,3.5,66.7,0,1,1,4,4,0,0,4.8,10,No,High,Tier 2,Yes,Medium,Placed
Male,IT,9.08,86.3,80.3,0,7.9,78.7,6,4,4,4,5,4,1,6.2,8,Yes,High,Tier 1,Yes,High,Placed
Male,ME,8.77,80.4,86.0,1,3.3,69.4,8,4,5,5,4,4,8,5.9,10,No,Low,Tier 1,Yes,Medium,Placed
Male,ECE,9.86,94.7,96.4,0,3.0,63.3,8,4,5,2,4,6,5,6.2,3,No,Medium,Tier 2,Yes,,Placed
Female,ECE,6.74,66.3,54.0,1,3.0,65.2,5,1,3,1,3,3,4,9.0,6,No,Medium,Tier 2,Yes,Low,Placed
Male,CSE,8.03,75.3,69.2,1,2.2,64.4,5,1,4,4,3,3,4,8.3,4,No,Medium,Tier 3,Yes,Low,Placed
Male,IT,6.69,59.6,55.7,1,1.9,68.5,8,2,5,2,4,5,7,7.5,3,No,Low,Tier 2,Yes,High,Placed
Female,ECE,8.9,81.7,83.3,0,3.6,81.7,8,3,5,5,3,4,0,8.0,4,No,High,Tier 1,Yes,High,Placed
Male,ECE,6.39,59.6,53.7,1,0.7,62.9,6,1,4,2,3,4,5,4.7,4,No,Medium,Tier 1,Yes,Low,Placed
Female,ECE,8.21,79.9,76.4,0,2.8,65.3,3,3,2,5,4,3,1,7.9,6,Yes,Medium,Tier 1,Yes,Medium,Placed
Male,ME,8.9,78.3,84.2,0,7.2,87.3,6,2,4,4,4,4,3,8.1,8,No,Medium,Tier 3,Yes,High,Not Placed
Male,ME,7.23,67.2,74.4,0,5.8,82.5,3,3,3,5,4,2,0,4.3,7,No,Low,Tier 3,No,Low,Placed
Male,CE,8.98,73.8,75.3,0,2.9,72.7,7,3,4,3,5,4,3,7.9,3,Yes,Medium,Tier 1,No,,Placed
Male,CSE,8.37,73.4,81.2,2,4.5,78.7,3,3,2,4,3,1,1,5.3,10,Yes,Low,Tier 2,Yes,Low,Not Placed
Male,ECE,8.05,73.6,71.3,0,3.8,80.6,5,0,3,5,5,2,1,4.6,10,No,Low,Tier 3,Yes,High,Not Placed
Male,CSE,7.21,66.8,74.5,0,2.5,55.1,4,2,2,4,3,2,2,8.6,4,No,Medium,Tier 2,No,Medium,Placed
Male,ME,7.54,71.0,73.1,0,0.0,59.4,7,2,5,5,3,5,4,5.8,5,No,High,Tier 3,Yes,Low,Placed
Male,CSE,7.03,59.7,68.0,1,2.2,60.9,4,2,2,2,4,3,2,6.1,8,No,Medium,Tier 1,Yes,,Not Placed
Male,ME,7.81,70.6,66.6,1,3.4,72.8,0,2,1,1,3,2,2,8.2,10,No,Low,Tier 1,Yes,Medium,Not Placed
Male,IT,9.29,81.1,82.6,0,9.0,88.8,7,2,5,3,5,6,6,6.6,2,No,Medium,Tier 3,Yes,High,Placed
Male,IT,10.0,99.2,92.0,0,5.3,77.8,6,4,4,4,4,2,2,6.8,7,No,High,Tier 2,Yes,Medium,Placed
Male,ECE,8.03,64.7,69.5,0,3.8,69.0,5,1,4,2,4,4,1,6.8,10,No,Medium,Tier 2,Yes,Low,Placed
Female,ECE,7.71,80.0,72.8,1,5.0,76.6,6,2,3,5,4,0,2,7.4,8,No,High,Tier 2,Yes,,Placed
Male,CSE,7.17,67.9,73.5,0,4.5,75.9,8,1,5,3,4,4,4,6.7,5,No,Medium,Tier 2,Yes,High,Placed
Female,ME,8.73,65.1,75.4,0,2.6,65.7,4,2,3,1,5,3,5,7.1,7,No,Medium,Tier 3,Yes,Low,Placed
Female,IT,6.71,57.9,56.8,1,3.9,66.3,3,1,2,4,3,2,2,6.4,9,No,Low,Tier 1,No,Low,Not Placed
Male,CSE,8.5,77.7,73.6,0,3.3,77.4,3,3,2,5,5,3,1,7.4,9,Yes,Medium,Tier 2,Yes,High,Placed
Female,ECE,9.35,83.9,91.6,0,1.0,67.1,7,3,5,3,4,5,3,7.4,5,No,Medium,Tier 3,Yes,High,Placed
Female,IT,9.14,74.2,81.3,0,2.9,50.0,6,3,5,3,4,3,5,9.0,4,No,Medium,Tier 2,Yes,Medium,Placed
Male,IT,7.46,61.3,75.3,0,3.8,65.7,4,1,3,1,4,3,2,6.5,4,Yes,High,Tier 2,Yes,Medium,Placed
Male,CSE,8.26,74.9,78.2,0,4.9,72.5,5,2,3,5,4,4,1,6.8,7,Yes,High,Tier 3,No,Low,Placed
Female,ME,9.77,81.0,90.2,0,4.1,75.8,8,4,5,5,5,5,5,7.3,4,No,Low,Tier 3,Yes,,Placed
Female,CSE,9.13,86.3,91.6,0,5.9,67.8,7,3,4,2,5,5,4,8.2,4,No,Low,Tier 2,Yes,,Placed
Male,CSE,7.87,69.5,67.1,0,3.6,64.4,7,2,5,5,3,3,3,5.7,9,No,Medium,Tier 2,Yes,Medium,Placed
Male,IT,9.44,87.9,76.2,0,6.6,78.6,8,3,5,1,4,4,2,7.1,10,No,Low,Tier 3,Yes,,Placed
Male,IT,8.71,72.9,74.9,0,4.4,74.0,8,3,5,2,4,4,7,4.0,7,No,Medium,Tier 3,Yes,High,Placed
Male,CE,8.86,73.0,78.7,0,4.9,71.3,7,1,5,5,4,5,5,6.7,1,No,High,Tier 3,Yes,,Placed
Female,CSE,9.18,87.8,84.0,0,4.6,75.3,8,4,5,3,4,5,1,8.3,6,Yes,High,Tier 2,Yes,Medium,Placed
Male,IT,8.41,75.4,79.5,2,3.1,66.6,5,2,4,1,5,5,0,6.1,7,Yes,Medium,Tier 2,Yes,Medium,Placed
Male,ECE,7.94,63.2,73.4,0,5.3,68.3,4,2,2,4,4,1,1,7.2,1,No,High,Tier 2,No,Medium,Placed
Female,ECE,8.09,68.6,75.3,0,2.8,69.9,3,2,1,4,5,0,0,6.4,3,No,Medium,Tier 3,No,Low,Placed
Male,ECE,7.36,67.2,66.0,0,2.1,69.6,8,1,5,1,4,5,6,6.0,6,No,Low,Tier 3,No,High,Placed
Male,CSE,9.2,75.4,86.0,0,4.6,78.6,7,4,5,1,5,5,6,8.2,7,No,Medium,Tier 1,No,Low,Placed
Female,CE,7.8,56.0,71.8,0,3.9,65.4,1,2,1,4,4,1,2,5.7,10,Yes,Medium,Tier 2,Yes,Medium,Placed
Female,ME,7.83,62.9,76.9,0,2.5,70.3,5,3,2,4,4,3,3,7.4,7,No,Medium,Tier 2,Yes,Medium,Placed
Male,CSE,9.07,85.5,84.4,0,4.2,74.4,3,2,3,4,4,3,2,7.4,9,No,Low,Tier 3,Yes,,Placed
Male,CSE,8.48,67.6,80.2,0,5.4,85.3,2,3,2,2,4,1,0,6.0,2,No,Medium,Tier 2,Yes,Medium,Placed
Male,CSE,8.55,81.7,90.2,0,3.6,65.6,6,3,4,1,5,4,2,7.2,3,No,Medium,Tier 2,Yes,Medium,Placed
Male,CSE,8.28,75.9,73.0,1,7.2,82.1,8,2,5,2,4,4,2,5.9,9,No,High,Tier 1,Yes,High,Placed
Male,ME,7.54,64.1,72.9,0,6.3,78.7,5,1,4,5,4,6,2,7.6,6,No,Medium,Tier 2,No,High,Placed
Male,IT,8.0,77.8,72.5,0,3.2,61.4,5,2,4,2,3,4,4,5.4,3,No,Medium,Tier 1,Yes,,Placed
Male,CSE,7.17,57.8,63.3,0,1.7,71.9,6,2,5,3,3,4,4,6.6,10,Yes,Medium,Tier 3,Yes,,Placed
Male,CSE,10.0,86.9,89.4,0,3.8,66.9,7,4,5,1,5,5,4,6.7,8,Yes,Low,Tier 3,Yes,Low,Placed
Male,ME,8.42,75.4,79.8,0,4.9,70.5,6,1,5,5,4,6,3,8.3,3,Yes,Medium,Tier 2,Yes,High,Placed
Male,IT,7.47,64.9,66.5,1,0.6,60.9,6,2,3,4,4,4,2,7.2,4,No,High,Tier 2,Yes,,Placed
Male,ECE,8.71,78.6,69.9,1,0.6,57.7,5,3,4,3,4,4,4,8.1,7,No,Medium,Tier 3,Yes,Medium,Placed
Male,ECE,8.92,83.1,78.0,0,1.5,67.4,6,4,3,5,5,3,1,7.7,4,No,High,Tier 1,Yes,Medium,Placed
Male,ME,7.82,67.3,77.5,0,6.3,78.9,3,1,1,5,3,1,0,7.7,6,No,Low,Tier 1,Yes,Medium,Placed
Female,CSE,8.83,86.9,83.0,0,6.8,70.4,6,3,4,3,4,2,4,6.6,9,No,Low,Tier 3,Yes,Low,Placed
Male,CSE,7.88,66.2,59.7,0,1.9,56.7,2,2,3,1,4,4,4,8.2,5,No,High,Tier 3,Yes,Low,Placed
Female,CE,8.3,73.2,71.2,2,1.2,66.0,3,3,2,5,4,4,3,6.6,4,Yes,High,Tier 3,Yes,Low,Not Placed
Female,ME,7.95,73.7,66.1,0,4.5,69.8,3,1,1,2,4,0,0,4.9,8,No,High,Tier 1,Yes,,Placed
Male,ME,6.42,56.8,50.0,0,4.3,72.6,5,1,4,2,3,4,3,6.7,4,No,Medium,Tier 1,Yes,,Not Placed
Male,CE,8.41,68.4,75.4,0,1.6,66.4,4,1,3,2,5,4,1,7.5,9,No,High,Tier 1,Yes,,Placed
Male,ME,8.51,76.4,82.7,1,2.0,60.4,8,3,5,1,4,4,1,5.1,4,No,High,Tier 1,Yes,Medium,Placed
Male,CSE,6.67,55.1,55.2,1,2.7,61.6,4,1,3,4,4,3,3,5.9,10,Yes,High,Tier 3,Yes,Low,Placed
Female,ECE,9.09,90.3,79.0,0,3.1,72.4,6,1,3,5,5,4,2,5.5,7,No,Medium,Tier 1,Yes,Low,Placed
Male,CSE,9.33,91.1,82.4,0,4.6,71.8,7,4,5,2,4,5,3,7.9,9,No,Medium,Tier 3,Yes,Low,Placed
Male,CSE,8.85,80.2,70.7,0,0.0,66.0,8,2,5,1,5,6,3,9.0,10,No,High,Tier 1,Yes,Low,Placed
Male,ME,7.31,64.2,76.6,0,7.8,86.5,2,2,1,4,4,0,1,6.7,7,No,Medium,Tier 2,Yes,Low,Not Placed
Male,IT,9.38,89.7,88.7,0,4.7,75.8,6,4,5,5,4,5,2,7.6,5,No,Medium,Tier 3,Yes,Low,Placed
Female,IT,7.41,72.6,67.6,1,4.2,82.2,3,2,2,4,4,1,3,7.6,9,Yes,Medium,Tier 1,Yes,Medium,Not Placed
Male,ME,7.18,66.9,61.3,0,2.7,65.3,5,0,4,2,4,4,2,8.9,3,Yes,Medium,Tier 2,Yes,,Placed
Male,CSE,7.64,75.7,62.3,0,2.3,64.5,2,3,2,4,4,3,1,6.2,4,No,Medium,Tier 2,Yes,High,Placed
Female,CSE,7.82,72.1,66.5,0,2.4,70.4,4,2,3,1,3,2,4,6.7,7,Yes,Low,Tier 1,Yes,,Placed
Female,IT,7.62,69.2,74.1,1,3.0,68.8,7,2,5,2,4,6,7,6.6,7,No,High,Tier 2,Yes,High,Placed
Male,ME,9.56,87.4,82.8,0,4.8,70.8,4,2,3,5,5,2,4,7.1,8,No,Medium,Tier 2,Yes,High,Placed
Male,ME,7.46,64.2,66.8,1,6.3,75.6,1,3,1,3,3,2,0,9.0,4,No,Medium,Tier 2,No,Medium,Not Placed
Male,CE,8.75,82.6,79.0,0,1.2,57.0,3,1,3,5,5,3,0,7.0,9,No,Low,Tier 3,Yes,High,Placed
Male,CE,7.64,67.6,85.3,2,3.1,69.8,7,2,4,5,5,6,4,6.0,8,Yes,Low,Tier 2,Yes,,Not Placed
Male,IT,8.52,78.1,73.7,0,4.3,76.4,7,3,5,5,4,3,6,5.6,4,No,Low,Tier 1,Yes,,Placed
Male,CSE,8.06,71.0,66.9,0,4.4,72.8,8,2,5,1,4,3,3,8.5,9,No,Medium,Tier 2,Yes,Low,Placed
Male,CE,7.26,67.5,56.2,0,2.8,72.3,8,3,5,2,4,6,4,6.0,7,No,Low,Tier 1,Yes,Low,Placed
Male,IT,7.5,68.6,64.2,0,3.3,69.6,8,3,5,5,3,6,1,7.8,5,No,High,Tier 2,Yes,Low,Placed
Female,CSE,7.02,68.1,74.9,0,3.5,69.0,7,1,5,1,4,4,2,6.2,4,Yes,Low,Tier 2,Yes,Medium,Placed
Male,ME,6.32,54.0,59.7,0,1.6,66.4,1,1,2,1,4,1,6,5.5,10,No,Low,Tier 1,Yes,,Not Placed
Male,ECE,7.88,67.8,78.3,0,2.1,65.1,6,2,4,2,5,4,5,7.7,7,No,Low,Tier 3,Yes,Low,Placed
Male,IT,9.26,86.8,85.6,0,0.2,60.3,5,3,3,1,5,3,3,6.2,3,No,Low,Tier 3,Yes,Low,Placed
Female,CSE,7.64,77.1,67.1,2,6.2,78.1,4,0,3,2,3,4,8,7.5,5,No,Medium,Tier 3,Yes,Medium,Not Placed
Male,ME,8.87,78.4,83.3,1,5.1,68.7,6,2,4,1,5,4,2,7.6,3,No,High,Tier 2,Yes,High,Placed
Male,CSE,7.93,74.4,66.7,0,1.3,65.3,8,2,5,2,4,6,2,7.7,4,Yes,Medium,Tier 2,Yes,Medium,Placed
Female,CE,9.25,78.8,86.5,0,1.8,59.7,8,4,5,4,4,6,5,6.7,7,No,Low,Tier 3,Yes,Low,Placed
Female,CSE,8.31,72.3,79.9,1,1.3,62.0,7,1,5,5,4,5,3,7.8,9,No,Low,Tier 2,Yes,Low,Placed
Female,CSE,7.31,66.0,70.8,0,2.1,76.7,5,2,3,2,2,2,3,5.9,7,No,Medium,Tier 3,Yes,Medium,Placed
Male,ECE,7.09,65.3,62.8,0,4.5,78.9,7,1,4,2,4,5,3,4.1,6,No,High,Tier 1,Yes,,Placed
Male,IT,7.37,67.5,72.4,0,9.7,85.5,5,0,2,4,3,1,3,7.8,5,Yes,Low,Tier 1,Yes,High,Placed
Female,CSE,7.61,67.3,62.9,1,3.1,64.5,7,1,4,5,4,3,4,7.2,3,No,Medium,Tier 3,Yes,Low,Placed
Female,CSE,10.0,82.7,93.7,0,4.9,72.8,7,3,5,3,5,6,1,6.3,8,No,Medium,Tier 3,Yes,Low,Placed
Male,CE,7.44,60.5,68.4,0,3.8,72.5,6,1,2,2,3,2,2,5.2,10,No,Low,Tier 3,Yes,High,Placed
Male,ECE,6.57,65.6,55.6,1,4.5,64.5,1,1,1,5,3,2,1,4.6,3,No,Medium,Tier 3,Yes,High,Not Placed
Male,IT,6.77,58.9,55.4,1,3.4,68.2,8,1,5,1,3,4,1,7.1,3,No,Low,Tier 1,Yes,Medium,Placed
Female,CSE,10.0,89.8,89.6,0,6.3,84.8,8,3,5,5,5,6,3,9.0,3,Yes,Medium,Tier 1,Yes,,Placed
Male,ME,8.02,73.1,72.5,0,5.2,74.1,8,1,5,2,4,4,5,6.8,7,No,Low,Tier 3,Yes,Medium,Placed
Male,CSE,8.73,90.1,75.4,0,4.0,67.1,8,2,5,4,3,5,6,6.6,6,No,Medium,Tier 1,Yes,Low,Placed
Male,CSE,8.71,77.0,71.9,0,5.3,69.8,6,1,4,3,5,5,3,7.0,1,No,Low,Tier 2,No,Low,Placed
Male,ME,8.26,79.3,78.6,0,5.9,71.5,7,2,5,1,5,5,2,9.0,3,No,High,Tier 2,Yes,,Placed
Male,ME,7.41,61.8,71.5,2,2.6,74.2,3,2,2,4,4,2,3,7.9,4,No,Low,Tier 1,No,Medium,Not Placed
Male,CE,7.29,63.0,76.1,0,4.9,75.8,5,3,4,2,4,3,0,5.9,10,No,High,Tier 1,Yes,Medium,Not Placed
Female,ECE,6.68,62.5,56.8,0,5.7,76.8,6,2,3,4,3,2,4,7.0,8,Yes,High,Tier 2,Yes,Low,Placed
Male,ECE,9.68,90.2,87.4,0,4.9,78.9,7,4,5,1,4,6,4,7.4,3,No,High,Tier 3,Yes,High,Placed
Male,ECE,9.3,85.6,88.5,0,5.4,80.2,8,2,5,5,5,5,2,5.7,6,No,Medium,Tier 3,Yes,,Placed
Male,IT,7.96,71.8,76.9,0,4.2,72.2,4,4,2,4,3,3,2,7.9,7,No,Medium,Tier 2,No,,Placed
Male,CSE,8.64,77.4,79.6,0,5.1,77.9,8,2,5,1,4,5,3,6.0,4,No,Medium,Tier 2,Yes,Medium,Placed
Male,CSE,9.51,91.9,89.2,0,7.1,75.0,6,4,3,4,4,2,2,5.2,10,No,Low,Tier 1,Yes,High,Placed
Male,ECE,5.72,59.0,50.0,0,2.0,65.5,5,1,4,2,2,4,3,7.1,7,Yes,Medium,Tier 1,Yes,High,Not Placed
Male,ME,9.06,81.0,82.1,0,4.0,71.4,8,2,5,3,4,4,1,6.9,2,No,Low,Tier 2,Yes,Medium,Placed
Male,CSE,9.01,80.9,76.7,1,2.5,60.5,7,4,5,3,4,4,4,7.0,1,No,High,Tier 1,No,,Placed
Male,IT,9.92,87.9,92.6,0,2.8,66.4,8,3,5,3,5,6,4,6.1,8,No,Low,Tier 1,Yes,High,Placed
Female,CSE,9.14,79.8,87.7,0,5.0,84.9,8,1,5,1,5,6,2,6.2,3,No,Medium,Tier 2,No,High,Placed
Male,IT,9.46,89.0,100.0,1,0.6,64.0,8,3,4,3,4,5,3,8.4,7,No,Medium,Tier 2,Yes,,Placed
Female,CSE,7.88,70.1,78.3,1,1.8,64.9,5,3,2,1,4,3,2,7.5,5,Yes,Medium,Tier 1,Yes,Medium,Placed
Male,ME,8.72,79.6,69.9,1,6.4,73.7,3,2,3,2,5,3,3,5.9,5,No,Medium,Tier 2,Yes,Medium,Placed
Female,IT,6.42,59.8,52.6,1,1.3,72.6,6,1,4,1,3,3,4,4.7,10,No,Low,Tier 2,No,Low,Not Placed
Female,CSE,8.02,56.4,79.6,0,6.9,85.7,8,1,5,3,3,5,4,5.9,8,No,Medium,Tier 1,Yes,High,Placed
Male,IT,9.25,80.1,86.1,1,4.0,75.3,4,2,3,3,5,2,1,7.2,7,Yes,Low,Tier 3,Yes,,Placed
Male,ECE,8.68,78.5,78.7,0,3.9,69.6,4,2,3,3,4,3,3,6.2,7,Yes,High,Tier 1,Yes,Medium,Placed
Male,IT,8.72,82.2,78.2,0,2.6,56.6,6,2,4,4,5,4,2,6.1,4,Yes,Medium,Tier 3,Yes,Low,Placed
Male,ME,6.68,67.9,55.3,0,3.3,76.6,4,1,2,3,3,1,0,6.3,6,No,High,Tier 1,Yes,Medium,Not Placed
Female,ECE,9.02,81.3,71.3,0,4.5,80.4,8,3,5,3,4,6,5,6.9,4,No,Low,Tier 3,Yes,Medium,Placed
Female,CSE,9.91,81.8,84.6,0,3.6,70.7,7,4,5,1,4,3,1,7.9,2,No,Low,Tier 1,Yes,Low,Placed
Female,ECE,8.68,80.9,77.1,0,2.2,60.0,3,2,3,5,5,4,2,7.0,3,No,Low,Tier 3,Yes,Low,Placed
Male,CSE,7.68,68.6,70.2,0,5.2,77.4,3,1,3,4,3,3,4,7.1,4,No,Low,Tier 2,Yes,High,Placed
Female,CSE,8.92,90.3,78.9,0,6.5,78.4,6,3,4,5,4,3,3,6.7,1,No,Low,Tier 3,Yes,Medium,Placed
Female,CSE,9.16,88.6,76.0,0,0.8,70.3,8,2,5,1,5,4,7,6.4,8,Yes,Medium,Tier 2,Yes,Medium,Placed
Male,ECE,9.38,78.0,81.7,0,8.4,85.1,5,4,3,3,5,3,1,8.1,6,Yes,Low,Tier 1,Yes,Low,Placed
Male,CE,9.21,79.6,83.5,0,4.6,73.2,3,4,2,3,4,3,1,7.9,9,No,Medium,Tier 3,No,Low,Placed
Female,CSE,10.0,97.4,91.2,0,5.0,72.6,7,4,5,5,5,5,4,9.0,6,No,High,Tier 1,Yes,Medium,Placed
Male,CSE,8.55,77.5,74.9,0,7.0,79.3,6,1,5,3,4,6,5,7.7,8,No,Medium,Tier 3,Yes,High,Placed
Female,ME,6.46,61.0,56.3,2,0.0,54.5,3,0,2,3,3,1,3,6.4,10,Yes,Medium,Tier 1,Yes,Low,Not Placed
Male,CSE,7.22,63.7,69.0,2,0.8,67.6,8,0,5,4,3,5,4,5.9,8,No,Medium,Tier 2,Yes,Medium,Not Placed
Female,CSE,9.64,95.8,88.0,0,0.0,53.6,7,3,5,3,5,6,6,8.1,8,Yes,Medium,Tier 3,Yes,,Placed
Male,CSE,8.32,75.6,73.0,0,1.5,63.9,4,2,4,3,4,5,5,6.0,7,Yes,Low,Tier 2,No,,Placed
Male,IT,8.83,83.5,81.2,0,5.2,77.3,8,3,5,5,4,4,3,8.0,6,No,Medium,Tier 1,Yes,Medium,Placed
Male,IT,8.82,72.2,69.3,0,1.5,56.4,4,3,3,1,4,1,4,6.1,2,No,Medium,Tier 3,No,Low,Placed
Female,ECE,7.69,63.1,67.7,1,2.1,63.5,2,1,1,3,3,1,2,7.4,5,No,High,Tier 3,Yes,,Not Placed
Female,ME,7.64,79.1,68.0,0,2.5,68.4,8,2,5,4,3,4,4,5.7,8,No,Medium,Tier 3,Yes,Medium,Placed
Male,ECE,7.45,61.3,66.9,0,3.7,70.8,3,1,1,1,4,2,1,7.9,10,No,Medium,Tier 2,Yes,Low,Placed
Male,ME,10.0,93.1,85.6,0,3.6,70.7,6,3,4,4,5,3,3,5.5,7,No,Medium,Tier 2,Yes,Medium,Placed
Female,ME,8.42,80.4,79.0,0,2.4,60.2,8,1,5,5,5,6,5,7.3,4,No,Low,Tier 2,Yes,Medium,Placed
Male,ME,7.93,72.8,65.1,1,1.9,59.5,4,2,3,1,5,3,4,6.8,6,No,Medium,Tier 1,Yes,Medium,Placed
Female,CSE,8.44,80.9,67.5,1,3.4,73.3,4,2,3,2,4,3,2,7.1,7,Yes,Medium,Tier 3,Yes,Low,Placed
Male,CSE,8.14,64.1,72.3,0,4.0,76.9,4,2,3,4,4,2,1,6.5,8,No,Low,Tier 2,Yes,Low,Placed
Male,ECE,7.8,76.3,67.2,0,6.8,86.2,3,2,1,2,4,0,0,6.5,8,No,Low,Tier 2,Yes,Medium,Not Placed
Male,IT,8.95,68.7,74.0,0,2.0,65.7,8,4,5,4,3,4,3,7.2,10,Yes,Low,Tier 2,Yes,Low,Placed
Male,ME,6.72,64.8,62.6,1,3.7,74.1,7,3,5,1,3,5,2,5.8,3,No,Medium,Tier 3,Yes,High,Placed
Female,IT,7.96,85.1,71.4,4,0.0,52.2,8,1,5,4,4,5,1,5.8,5,Yes,Low,Tier 3,Yes,Medium,Placed
Male,IT,9.15,88.7,87.1,0,6.2,72.2,5,2,3,5,5,2,3,6.6,1,No,Medium,Tier 2,No,Low,Placed
Male,CSE,6.56,59.5,60.6,0,3.7,69.3,6,0,4,4,3,6,0,6.5,10,No,Medium,Tier 2,Yes,Medium,Placed
Female,ME,8.45,74.9,75.4,0,5.6,76.3,0,2,1,3,4,3,0,5.8,9,No,Medium,Tier 3,No,High,Placed
Male,ME,8.17,73.5,67.8,0,6.4,76.9,8,3,5,4,4,6,5,8.1,9,Yes,High,Tier 2,Yes,,Placed
Male,IT,6.98,57.4,57.0,0,4.9,73.1,5,0,3,1,4,3,2,6.6,3,No,High,Tier 1,Yes,,Placed
Female,IT,8.7,77.4,76.6,0,4.2,66.4,7,3,5,1,3,4,3,6.7,3,No,Medium,Tier 1,Yes,High,Placed
Female,ME,8.43,68.5,73.6,0,0.2,57.6,1,3,1,5,4,0,1,5.4,10,Yes,Low,Tier 1,Yes,,Placed
Male,CSE,10.0,85.7,93.9,0,3.6,64.0,8,4,4,5,5,4,4,9.0,8,No,Medium,Tier 2,Yes,,Placed
Female,CE,7.76,74.3,73.8,0,2.0,71.7,6,2,4,3,4,5,2,9.0,6,No,Medium,Tier 3,Yes,Low,Placed
Female,CSE,8.37,79.4,67.4,0,1.8,60.1,7,1,4,3,4,3,5,6.1,8,No,Medium,Tier 2,Yes,Low,Placed
Male,CE,8.92,82.3,74.3,0,0.1,63.7,7,1,5,3,4,6,3,8.5,3,Yes,Medium,Tier 2,Yes,Medium,Placed
Male,IT,8.36,76.1,66.7,0,3.5,70.2,8,3,5,1,4,4,1,6.9,7,No,Low,Tier 3,Yes,Medium,Placed
Female,ECE,8.91,71.5,76.7,0,2.2,69.2,7,1,5,4,5,5,4,8.9,6,Yes,Medium,Tier 3,Yes,High,Placed
Female,ME,7.7,67.4,74.9,0,2.4,67.5,4,4,3,2,4,3,2,7.4,6,No,Low,Tier 2,Yes,Medium,Placed
Male,ECE,7.41,66.3,68.5,0,1.9,63.3,0,1,1,3,3,0,2,7.1,7,No,Medium,Tier 1,No,High,Not Placed
Female,ECE,7.13,56.2,65.0,0,6.6,77.7,5,3,3,5,4,4,1,4.0,10,No,Medium,Tier 1,Yes,Low,Placed
Female,ECE,7.39,59.5,66.0,1,1.8,70.2,4,1,3,5,3,3,4,5.9,10,Yes,Medium,Tier 1,Yes,,Placed
Male,CE,6.82,66.2,57.9,0,3.1,65.5,5,1,4,3,4,4,2,7.0,1,No,Low,Tier 1,Yes,High,Placed
Male,IT,6.8,62.8,65.5,0,3.6,69.3,8,1,5,1,3,5,4,7.2,5,No,Medium,Tier 1,Yes,,Placed
Male,IT,9.08,76.0,84.4,0,3.5,78.9,8,2,4,5,5,3,3,5.5,6,No,Medium,Tier 2,Yes,Medium,Placed
Female,CSE,7.44,73.8,71.8,0,7.5,81.0,8,1,5,2,3,6,7,6.1,8,No,Low,Tier 1,Yes,,Placed
Male,IT,8.67,83.0,73.3,0,0.0,60.1,8,3,5,4,4,3,5,7.7,7,No,Medium,Tier 1,Yes,Medium,Placed
Male,CE,8.17,72.9,72.0,0,4.4,64.6,8,2,5,5,4,6,3,5.3,6,No,Medium,Tier 1,Yes,High,Placed
Female,CSE,8.16,67.1,67.0,0,5.7,75.8,7,2,5,2,4,3,5,7.2,4,Yes,Medium,Tier 2,No,Low,Placed
Female,CSE,7.76,77.8,65.6,0,4.5,72.9,5,0,3,4,4,4,4,8.5,6,No,Medium,Tier 2,Yes,Low,Placed
Male,CSE,8.89,88.4,76.2,0,8.3,83.5,7,1,4,1,5,4,5,7.5,8,No,Medium,Tier 2,Yes,Low,Placed
Female,IT,10.0,95.8,92.5,0,6.6,82.0,5,4,3,2,5,2,2,7.4,3,No,Medium,Tier 1,Yes,Low,Placed
Male,ME,7.25,70.8,67.3,1,2.6,67.1,7,2,5,3,4,6,3,4.6,7,No,Medium,Tier 2,Yes,,Not Placed
Female,CE,7.69,68.9,75.1,0,3.6,67.1,8,2,5,4,4,5,1,6.0,10,No,Medium,Tier 1,Yes,Medium,Placed
Male,CSE,9.71,87.9,76.2,0,5.5,74.1,7,3,5,1,4,5,4,9.0,1,No,Medium,Tier 1,Yes,Low,Placed
Male,CE,6.91,69.0,60.8,1,3.7,73.3,8,2,5,5,3,6,6,6.3,10,No,Low,Tier 3,Yes,Low,Placed
Female,CSE,6.95,63.8,78.1,0,3.8,64.9,8,2,5,1,4,5,3,8.5,10,No,Low,Tier 3,Yes,Low,Placed
Male,ECE,8.32,70.7,77.8,0,8.0,82.7,2,2,1,2,4,0,2,6.3,9,Yes,Low,Tier 2,No,Medium,Not Placed
Male,ME,9.78,83.4,87.0,0,6.0,78.5,6,3,4,3,4,5,5,6.7,7,No,Medium,Tier 3,Yes,,Placed
Female,CSE,8.81,84.8,83.2,1,8.1,91.0,7,2,5,3,4,4,1,7.6,8,No,Medium,Tier 2,Yes,Medium,Placed
Female,IT,8.25,84.8,70.0,0,3.8,79.1,5,3,4,5,5,4,3,7.1,2,No,Medium,Tier 1,Yes,High,Placed
Female,CSE,7.94,74.2,66.1,0,4.3,75.3,2,2,2,2,5,3,0,7.5,7,No,Low,Tier 3,No,Low,Not Placed
Female,ME,8.42,86.9,75.5,0,4.7,73.6,8,2,5,4,4,5,2,6.0,4,No,High,Tier 1,Yes,,Placed
Male,ECE,7.94,61.6,72.9,1,5.4,82.2,8,3,5,2,4,4,1,5.6,4,No,Medium,Tier 2,Yes,Medium,Placed
Male,ME,8.94,74.3,84.0,0,3.4,75.1,5,2,4,5,4,4,2,5.9,10,Yes,High,Tier 1,Yes,,Placed
Male,CSE,8.32,72.3,78.7,0,2.2,68.5,3,3,2,5,4,0,6,6.4,5,No,Medium,Tier 2,Yes,,Placed
Male,CSE,7.48,57.4,63.1,0,2.4,71.3,3,2,2,3,4,4,2,6.7,8,Yes,Medium,Tier 2,Yes,Medium,Placed
Female,IT,8.54,75.8,78.5,0,3.8,69.5,8,4,5,4,5,5,3,8.2,4,No,Low,Tier 2,Yes,Low,Placed
Male,CSE,7.33,71.9,71.0,3,0.7,55.1,7,2,4,2,4,4,4,7.1,10,Yes,Low,Tier 1,Yes,,Not Placed
Male,IT,7.16,54.3,68.6,1,4.7,78.3,7,2,5,1,5,6,7,7.6,4,No,Low,Tier 2,Yes,High,Placed
Male,IT,10.0,94.6,93.3,0,0.0,58.7,4,3,3,3,4,4,6,7.2,3,No,Medium,Tier 2,Yes,Low,Placed
Female,CSE,8.1,66.8,75.6,0,0.9,62.9,4,2,3,1,4,3,1,5.7,3,No,Medium,Tier 3,Yes,High,Placed
Male,CSE,7.91,67.1,73.4,1,6.4,79.9,3,2,2,1,5,1,3,7.0,2,No,Medium,Tier 3,Yes,,Not Placed
Male,ME,7.09,63.1,63.7,0,4.2,77.3,6,1,5,1,3,5,3,7.2,9,No,Medium,Tier 2,Yes,High,Placed
Male,IT,7.28,65.2,74.4,0,4.8,71.1,4,1,4,2,4,4,5,7.9,1,No,High,Tier 1,Yes,Medium,Placed
Female,IT,7.59,73.3,72.5,1,4.6,66.5,8,1,5,1,5,5,5,5.7,7,No,Low,Tier 3,Yes,,Placed
Male,ECE,7.73,68.6,68.1,0,7.9,84.9,3,1,2,1,4,3,3,4.6,4,No,Low,Tier 1,Yes,Medium,Not Placed
Female,CE,8.6,80.9,69.0,1,6.4,85.2,3,2,2,1,5,2,2,7.2,4,No,Medium,Tier 1,Yes,High,Not Placed
Female,CSE,10.0,95.3,100.0,0,7.4,75.3,7,2,4,5,5,2,1,7.4,7,No,Medium,Tier 2,No,,Placed
Male,IT,7.52,68.3,63.7,1,2.9,69.6,1,1,2,1,3,1,2,6.8,5,No,Medium,Tier 3,Yes,Medium,Placed
Female,IT,10.0,100.0,82.8,0,3.8,72.8,8,3,5,3,5,5,3,7.0,1,No,Medium,Tier 1,Yes,Low,Placed
Female,CSE,8.78,75.9,83.9,0,1.1,72.3,6,2,4,1,5,4,2,8.1,3,No,Low,Tier 1,Yes,Medium,Placed
Female,CSE,10.0,85.9,90.0,0,5.9,80.3,8,3,5,4,4,5,6,6.4,10,No,Medium,Tier 2,Yes,Medium,Placed
Male,CSE,7.11,60.1,66.8,0,5.5,71.0,8,0,5,2,4,5,4,6.7,9,No,High,Tier 1,Yes,,Placed
Male,CSE,7.69,80.4,62.9,0,2.6,69.9,6,2,5,1,4,5,1,7.1,1,No,Low,Tier 2,Yes,,Placed
Female,IT,7.26,69.5,69.5,3,2.9,69.4,4,0,3,5,4,2,3,5.5,10,No,High,Tier 2,Yes,Low,Not Placed
Male,ECE,8.5,82.5,84.0,0,4.9,76.4,3,2,1,3,4,1,1,6.8,4,No,High,Tier 2,Yes,High,Placed
Female,CSE,9.02,84.6,81.1,0,3.6,62.4,8,4,5,3,5,5,2,6.9,5,No,Low,Tier 1,Yes,Low,Placed
Female,ECE,6.12,54.6,52.1,0,2.6,61.9,7,1,5,5,2,4,3,9.0,10,No,Low,Tier 1,No,Medium,Placed
Female,IT,9.18,83.4,78.3,0,3.2,64.4,6,1,5,5,4,4,1,6.6,4,Yes,Medium,Tier 3,Yes,,Placed
Male,ME,7.69,64.3,73.1,0,3.2,78.8,3,1,3,1,4,3,2,7.2,3,No,Medium,Tier 3,Yes,Medium,Placed
Male,ECE,10.0,100.0,95.7,0,4.8,74.6,4,4,3,2,5,3,2,8.1,1,No,Medium,Tier 1,Yes,Medium,Placed
Female,CSE,8.58,76.7,75.4,0,3.5,65.9,8,3,5,1,4,5,4,6.0,6,No,Medium,Tier 1,Yes,Medium,Placed
Female,IT,9.19,78.4,80.1,0,0.0,61.3,8,1,5,5,5,6,3,8.7,4,No,Medium,Tier 1,Yes,High,Placed
Male,IT,7.86,63.4,71.0,1,3.8,72.5,5,2,3,2,4,3,6,9.0,8,No,Low,Tier 2,Yes,,Placed
Female,CSE,8.69,86.8,76.9,0,2.6,70.0,6,2,3,1,4,4,1,7.0,6,No,High,Tier 3,Yes,Low,Placed
Female,CSE,8.19,79.0,66.7,0,5.3,70.4,4,3,3,3,4,2,3,6.4,3,No,Medium,Tier 2,Yes,High,Placed
Male,CSE,9.05,84.0,72.1,0,4.3,74.1,6,0,5,4,5,6,4,9.0,7,No,Medium,Tier 2,Yes,,Placed
Male,CSE,8.58,67.9,75.8,0,2.6,65.7,4,3,3,3,4,4,0,8.0,3,No,High,Tier 3,Yes,Medium,Placed
Male,ME,9.49,87.4,81.6,0,2.7,64.5,6,3,4,4,5,2,4,7.1,10,Yes,Medium,Tier 3,Yes,Medium,Placed
Male,IT,9.32,82.6,87.1,0,4.3,79.2,8,3,5,3,4,4,2,8.7,8,No,Low,Tier 1,Yes,Medium,Placed
Male,ECE,9.04,78.8,76.7,1,3.9,78.5,5,4,4,3,5,3,3,8.6,3,No,Medium,Tier 1,Yes,Low,Placed
Female,IT,8.22,81.0,61.4,1,3.3,71.2,7,0,5,5,4,3,0,6.6,2,No,Medium,Tier 1,No,Low,Placed
Male,ECE,8.56,70.3,75.5,0,3.8,68.7,2,2,2,5,5,2,1,7.3,3,No,Low,Tier 3,Yes,Medium,Placed
Male,CE,7.12,56.8,67.5,0,4.8,75.0,8,0,5,5,3,5,4,7.7,4,No,High,Tier 3,Yes,,Placed
Male,CE,6.82,53.1,70.3,1,0.7,44.7,8,2,5,4,4,5,4,7.0,4,Yes,Low,Tier 2,Yes,Medium,Placed
Male,CSE,7.58,63.7,78.2,0,6.8,87.9,4,1,3,2,4,3,4,5.3,10,No,Medium,Tier 1,Yes,Low,Placed
Female,ECE,9.62,79.6,83.9,1,3.1,77.2,7,3,5,2,5,4,4,5.9,10,No,Medium,Tier 1,Yes,Low,Placed
Male,ME,7.78,74.6,65.2,0,6.3,86.6,5,1,2,5,3,4,2,5.4,4,No,Low,Tier 1,No,Low,Placed
Male,CSE,8.45,71.5,76.1,1,8.1,80.1,7,1,5,1,4,4,2,7.6,8,No,High,Tier 2,Yes,High,Placed
Female,ECE,8.91,81.2,82.3,0,5.1,75.2,7,4,5,4,4,4,2,5.6,9,No,High,Tier 1,Yes,Medium,Placed
Male,ECE,6.72,57.3,57.5,3,0.2,67.0,1,0,1,4,4,2,0,7.2,1,No,Medium,Tier 1,No,Medium,Not Placed
Male,IT,9.52,90.6,83.0,0,1.7,57.9,7,2,5,5,5,5,1,9.0,6,No,Low,Tier 3,Yes,High,Placed
Male,ECE,6.0,57.6,59.9,0,4.8,75.5,5,1,3,5,3,2,4,8.7,6,No,Low,Tier 1,Yes,Medium,Placed
Male,IT,8.68,78.4,72.5,0,2.7,65.8,5,3,5,5,4,2,6,4.8,10,No,Medium,Tier 2,No,High,Placed
Male,ECE,10.0,98.0,90.0,0,7.0,70.3,8,4,5,3,5,5,5,5.5,10,Yes,Low,Tier 1,Yes,,Placed
Male,CE,8.32,72.1,80.0,1,2.5,70.2,7,4,4,4,4,3,1,6.1,8,No,Medium,Tier 3,Yes,High,Placed
Male,ME,7.55,66.2,73.2,0,5.1,76.3,1,1,1,5,4,0,1,5.6,10,Yes,High,Tier 2,Yes,Low,Placed
Female,IT,9.02,82.0,86.2,0,3.8,71.8,5,2,4,3,4,4,3,5.0,9,No,Medium,Tier 3,Yes,High,Placed
Male,ECE,7.67,72.2,80.2,1,4.1,66.7,4,1,4,1,4,3,7,7.0,5,No,High,Tier 2,Yes,High,Placed
Male,ME,10.0,80.4,92.6,0,5.3,81.7,7,1,5,5,5,4,5,7.8,2,No,Medium,Tier 3,Yes,Low,Placed
Female,ME,8.17,79.3,72.9,0,0.0,62.0,2,1,2,4,4,4,0,8.1,10,No,Medium,Tier 3,Yes,Low,Not Placed
Male,ECE,7.44,63.9,61.8,0,3.9,73.9,4,0,3,4,4,3,1,6.4,5,No,High,Tier 2,Yes,Medium,Placed
Female,CSE,9.68,90.4,84.0,0,5.8,82.2,6,3,4,1,4,4,1,6.7,1,No,Medium,Tier 3,Yes,,Placed
Male,CSE,6.78,57.2,50.1,0,1.6,67.7,5,1,3,5,3,2,4,7.4,10,No,High,Tier 2,Yes,Medium,Placed
Female,CSE,7.3,72.4,67.0,0,5.3,72.7,5,1,3,4,3,4,3,6.9,7,Yes,Low,Tier 2,No,,Placed
Male,IT,8.9,85.3,81.7,0,3.5,73.0,8,3,5,2,5,6,7,8.0,2,No,Low,Tier 1,No,High,Placed
Male,CSE,7.33,71.2,64.4,1,2.7,68.5,7,3,4,4,3,4,3,7.5,1,No,High,Tier 2,No,Low,Placed
Male,CSE,8.62,79.8,72.6,1,3.5,70.8,4,2,3,3,5,3,1,6.5,1,No,Medium,Tier 3,Yes,Medium,Placed
Female,CE,9.34,83.1,84.2,0,6.8,83.4,3,3,2,2,4,2,1,4.8,4,Yes,High,Tier 3,Yes,,Placed
Male,ECE,7.91,62.7,70.2,0,4.3,67.8,3,2,1,2,3,0,2,8.8,4,No,High,Tier 1,Yes,Low,Placed
Male,ECE,7.44,67.2,63.5,0,1.5,51.8,8,1,5,1,4,5,4,6.2,5,No,Low,Tier 2,Yes,Low,Placed
Male,CSE,10.0,95.8,90.1,0,4.6,72.1,8,4,5,1,5,5,5,7.4,5,No,Medium,Tier 1,Yes,Low,Placed
Female,IT,9.08,85.7,86.2,0,4.1,64.1,4,2,3,2,5,4,6,4.7,3,No,Medium,Tier 2,Yes,,Placed
Male,IT,8.68,74.4,76.1,1,6.3,77.0,8,2,5,3,4,6,2,7.0,6,No,Medium,Tier 1,Yes,High,Placed
Female,IT,8.0,87.4,69.1,1,3.9,63.3,4,1,3,5,4,2,1,7.1,3,No,Medium,Tier 3,No,,Not Placed
Male,ECE,7.18,69.9,62.7,2,6.1,78.7,3,0,2,2,4,1,2,7.2,4,No,Low,Tier 1,No,Medium,Not Placed
Male,CE,8.99,77.2,79.0,1,4.1,71.7,7,4,5,1,5,5,1,9.0,5,No,Medium,Tier 1,Yes,Low,Placed
Male,CSE,8.64,74.8,80.0,0,4.8,74.0,8,2,5,5,4,5,4,6.2,4,No,Medium,Tier 3,Yes,Medium,Placed
Male,CSE,9.19,77.5,84.7,0,2.5,70.3,8,0,5,2,5,4,2,8.0,4,No,Low,Tier 2,Yes,Low,Placed
Male,CSE,6.25,55.6,58.4,1,5.1,80.9,4,2,3,5,3,1,3,7.6,10,No,High,Tier 1,Yes,Medium,Placed
Male,ME,8.96,88.5,80.3,0,8.0,81.0,7,3,5,4,5,5,1,6.2,1,No,Medium,Tier 2,Yes,Medium,Placed
Female,ECE,9.02,83.4,82.1,0,7.4,83.3,7,3,5,1,4,6,3,8.0,2,No,High,Tier 1,Yes,,Placed
Male,ECE,8.5,84.8,68.0,0,1.8,66.5,2,2,1,3,5,2,1,6.8,3,Yes,Medium,Tier 3,Yes,Low,Placed
Male,CSE,8.33,82.9,70.0,0,0.6,54.5,8,3,5,4,4,6,2,8.1,2,No,Low,Tier 2,Yes,,Placed
Male,ECE,8.5,83.4,76.3,0,4.8,78.9,6,4,5,5,4,6,1,9.0,10,Yes,Medium,Tier 1,No,,Placed
Male,CE,8.34,83.5,75.5,0,3.5,65.9,6,2,4,4,5,3,2,7.2,1,No,Low,Tier 2,Yes,,Placed
Male,ECE,6.63,59.6,64.2,0,2.3,63.1,4,1,2,2,2,3,1,6.7,10,Yes,High,Tier 1,Yes,Low,Placed
Male,CE,7.44,67.8,64.6,0,8.2,83.0,2,0,3,2,4,3,2,8.3,9,Yes,Low,Tier 3,Yes,Medium,Placed
Male,CSE,9.52,78.8,76.3,0,10.0,84.7,8,2,5,2,4,6,2,8.7,1,No,Medium,Tier 3,Yes,Low,Placed
Female,IT,10.0,93.0,92.5,0,0.4,57.0,5,3,3,4,5,5,4,5.9,10,No,Medium,Tier 3,Yes,Low,Placed
Female,ME,8.92,81.5,70.9,0,2.4,69.6,7,3,4,1,4,3,3,6.5,1,No,Medium,Tier 2,Yes,,Not Placed
Male,CSE,10.0,100.0,88.0,0,1.4,58.2,8,3,5,3,5,4,1,7.8,10,No,Low,Tier 2,Yes,Medium,Placed
Male,CSE,8.93,78.6,71.9,0,2.3,71.5,7,4,5,5,5,5,1,6.8,3,No,Medium,Tier 1,Yes,Low,Placed
Female,ME,7.37,61.2,75.9,1,6.2,73.8,3,0,3,1,3,4,1,5.9,10,No,Medium,Tier 2,Yes,Medium,Not Placed
Male,IT,8.23,66.8,68.0,1,4.5,77.4,3,2,2,5,3,1,2,7.6,8,No,Low,Tier 2,Yes,Medium,Placed
Male,ECE,10.0,96.9,90.2,0,5.7,79.2,8,4,5,4,4,4,6,7.8,2,No,High,Tier 2,Yes,Medium,Placed
Male,CSE,9.55,86.9,85.0,0,6.6,74.5,7,4,5,1,5,6,3,6.6,5,Yes,Medium,Tier 3,Yes,Low,Placed
Female,IT,8.71,76.9,69.9,1,4.7,69.3,8,3,5,3,5,5,4,7.1,8,No,Medium,Tier 1,No,Medium,Placed
Female,ME,7.19,65.9,72.0,0,2.1,69.1,1,1,1,2,2,1,1,6.3,9,No,Medium,Tier 1,Yes,Low,Placed
Male,ECE,7.89,64.7,74.3,0,5.0,80.2,8,2,5,3,4,6,4,5.7,9,No,Low,Tier 1,No,High,Placed
Male,ECE,7.47,60.7,64.8,0,3.8,71.6,7,2,5,3,5,4,6,6.4,1,No,High,Tier 1,Yes,Medium,Placed
Male,CSE,7.77,78.6,63.4,1,3.7,76.8,5,0,4,3,4,3,2,7.1,8,No,Medium,Tier 1,Yes,Low,Placed
Female,ME,8.31,75.8,69.4,0,2.3,72.8,2,3,1,2,3,2,3,5.2,3,No,Low,Tier 2,Yes,High,Not Placed
Male,ECE,7.84,72.6,61.7,1,5.9,73.3,4,1,2,3,4,3,2,6.5,9,No,Medium,Tier 2,Yes,Medium,Placed
Male,IT,9.31,83.8,82.3,0,5.0,81.5,6,2,3,4,4,2,1,7.1,9,Yes,Medium,Tier 1,Yes,Low,Placed
Female,ECE,8.2,70.6,75.0,0,5.7,80.4,4,3,3,3,4,3,2,8.4,4,No,Medium,Tier 3,Yes,,Placed
Male,ECE,8.17,70.4,79.7,0,2.1,62.1,5,1,3,3,4,4,4,6.6,10,No,Medium,Tier 1,Yes,Medium,Placed
Female,ME,9.18,77.5,86.7,0,6.1,75.4,3,2,3,4,5,3,3,5.5,6,No,Low,Tier 2,No,High,Not Placed
Male,IT,10.0,95.7,94.2,0,4.7,79.8,8,4,4,1,5,4,4,6.7,4,No,Low,Tier 2,Yes,High,Placed
Male,IT,8.92,82.7,82.3,0,5.9,85.2,6,2,5,4,5,3,3,6.3,7,Yes,High,Tier 2,Yes,Medium,Placed
Male,ECE,7.32,63.2,67.5,0,2.4,66.3,2,2,3,5,5,5,1,7.7,2,No,Low,Tier 3,Yes,Low,Placed
Female,CE,8.46,79.8,75.1,0,4.3,84.7,8,1,5,2,4,4,4,6.6,4,No,High,Tier 1,Yes,Medium,Placed
Female,ME,10.0,85.9,93.6,0,6.3,86.7,7,4,4,4,4,5,1,4.0,6,No,Low,Tier 2,Yes,Medium,Placed
Female,ECE,9.48,90.4,82.2,0,5.2,79.1,3,3,2,2,5,1,0,9.0,8,No,High,Tier 3,Yes,Low,Placed
Male,CSE,8.32,70.7,74.5,0,3.8,74.4,8,3,5,4,4,4,1,7.2,2,No,Medium,Tier 2,No,Low,Placed
Female,ECE,8.94,81.2,81.2,0,5.1,78.3,8,1,5,3,5,6,5,7.1,9,Yes,Medium,Tier 1,Yes,Medium,Placed
Male,CSE,8.05,69.1,76.1,0,2.1,58.6,7,2,5,3,5,5,3,5.2,10,No,Low,Tier 2,Yes,High,Placed
Male,IT,7.29,73.0,63.0,1,5.4,73.3,8,1,5,5,4,4,2,5.2,4,No,Low,Tier 2,Yes,Medium,Placed
Female,ECE,8.67,85.3,86.7,0,5.8,77.3,6,3,5,1,4,5,1,6.9,9,No,Low,Tier 3,Yes,,Placed
Male,IT,7.61,72.1,81.4,0,4.9,72.9,7,1,5,4,4,6,4,7.4,10,Yes,Low,Tier 1,Yes,,Placed
Male,ECE,7.76,69.5,62.0,1,3.8,74.7,5,4,2,5,4,2,2,7.8,7,Yes,Medium,Tier 1,Yes,High,Placed
Male,ME,7.99,69.5,74.3,1,4.7,75.0,4,0,3,4,4,4,3,7.3,10,No,Medium,Tier 2,Yes,High,Not Placed
Male,ECE,6.14,56.3,61.6,0,3.9,74.7,1,0,1,2,3,1,1,5.6,7,No,Medium,Tier 1,Yes,Low,Not Placed
Male,CSE,7.84,67.1,67.8,1,3.7,70.2,8,1,5,5,5,4,2,4.0,9,No,Medium,Tier 1,Yes,Medium,Placed
Male,ECE,6.74,65.1,63.7,0,5.5,83.2,4,1,2,1,3,3,3,6.9,9,Yes,Medium,Tier 1,Yes,High,Not Placed
Male,CSE,9.54,84.9,82.8,0,7.2,82.8,8,3,5,4,5,6,6,6.4,8,No,Medium,Tier 1,Yes,High,Placed
Female,ME,5.88,53.4,50.0,0,4.4,72.2,4,0,3,2,3,5,1,5.5,6,Yes,Medium,Tier 1,No,Medium,Placed
Female,ECE,6.65,61.1,59.2,0,2.9,72.2,5,2,4,2,3,4,3,8.0,3,No,Medium,Tier 3,Yes,Low,Placed
Male,CE,6.04,62.1,50.0,1,2.1,70.2,5,2,3,5,3,4,1,5.1,7,No,Medium,Tier 1,Yes,Medium,Placed
Male,CSE,8.55,76.7,75.8,0,2.7,68.7,6,2,5,3,4,5,7,7.7,5,No,High,Tier 1,Yes,,Placed
Male,CSE,9.02,90.2,76.1,0,8.4,77.8,7,2,5,5,5,5,2,5.3,4,No,Low,Tier 1,Yes,High,Placed
Male,ECE,10.0,94.3,90.0,0,7.3,86.9,4,4,3,5,5,4,3,7.2,5,No,Low,Tier 3,Yes,,Placed
Male,IT,8.92,84.6,80.6,0,5.9,69.8,8,1,5,2,4,6,5,8.1,2,Yes,Medium,Tier 3,No,Medium,Placed
Female,CE,6.86,58.7,62.8,2,6.6,73.3,4,1,3,1,3,3,1,6.6,8,Yes,Low,Tier 3,Yes,Medium,Not Placed
Male,ECE,7.39,60.5,68.7,0,2.9,69.4,4,0,3,5,4,3,3,9.0,7,No,High,Tier 1,Yes,Medium,Not Placed
Male,ECE,9.21,83.3,84.2,0,6.1,76.3,2,2,2,3,5,1,0,9.0,1,No,High,Tier 3,Yes,Medium,Not Placed
Male,CSE,9.19,77.4,86.9,0,6.3,79.4,3,3,4,2,5,4,6,7.3,3,No,Low,Tier 2,Yes,,Placed
Male,IT,6.46,50.0,55.2,1,3.8,78.9,4,1,3,3,3,4,4,7.6,8,No,Low,Tier 1,Yes,Medium,Not Placed
Female,ME,8.81,77.0,84.0,0,1.6,67.1,5,1,2,2,4,2,2,8.3,9,No,Medium,Tier 2,Yes,Low,Placed
Female,CSE,7.23,57.0,67.1,0,1.1,59.7,5,2,3,2,3,4,7,7.7,3,No,Medium,Tier 3,Yes,Low,Placed
Male,ME,7.65,73.7,68.3,0,4.8,78.9,8,1,5,5,4,5,5,7.5,6,No,Low,Tier 3,Yes,High,Placed
Female,CSE,8.84,73.9,76.9,0,3.0,62.2,4,3,4,2,4,4,4,6.4,6,No,Medium,Tier 3,No,Medium,Placed
Male,IT,8.27,66.2,66.4,0,4.7,71.2,4,1,3,1,4,3,3,5.0,8,No,Medium,Tier 3,Yes,Medium,Placed
Female,CSE,8.48,73.6,70.5,0,3.5,70.5,6,1,4,3,4,3,2,5.3,7,No,Medium,Tier 1,Yes,Medium,Placed
Female,ME,8.6,80.3,85.5,0,1.8,62.7,5,2,2,4,4,1,2,9.0,7,Yes,Low,Tier 2,Yes,Medium,Placed
Male,CSE,6.94,60.3,56.7,0,7.5,86.1,5,0,5,2,4,5,3,7.4,6,No,Medium,Tier 1,No,Medium,Placed
Male,CE,8.07,76.7,69.2,1,1.9,66.1,5,1,3,5,4,3,3,6.7,10,Yes,Low,Tier 3,Yes,Medium,Not Placed
Male,CE,10.0,93.2,88.7,0,2.7,69.8,6,3,5,4,5,5,4,8.5,6,No,High,Tier 1,Yes,High,Placed
Male,ME,8.0,73.6,72.0,0,4.0,72.8,3,1,2,1,4,3,1,6.1,8,No,Medium,Tier 3,Yes,Low,Not Placed
Female,ME,8.81,76.2,77.2,1,4.3,77.8,6,2,4,3,4,4,3,7.7,6,No,Medium,Tier 2,Yes,Medium,Placed
Male,IT,10.0,92.2,93.1,0,0.9,57.9,7,3,5,1,5,5,6,7.1,3,No,High,Tier 2,Yes,Medium,Placed
Male,CSE,10.0,77.9,91.1,0,5.6,68.8,8,3,5,5,5,6,3,7.6,7,No,High,Tier 1,Yes,Low,Placed
Female,ECE,8.09,72.3,75.5,0,5.3,79.8,1,4,2,4,4,2,3,6.6,6,No,Medium,Tier 2,Yes,Low,Placed
Female,CSE,9.24,89.0,90.0,0,8.4,81.8,5,2,4,1,5,3,2,5.8,10,Yes,Low,Tier 3,Yes,High,Placed
Male,IT,9.24,80.0,84.2,1,4.6,69.1,7,4,5,2,5,6,9,6.0,4,No,Medium,Tier 1,Yes,,Placed
Male,ECE,10.0,91.6,88.8,0,3.8,72.3,7,3,5,4,5,4,6,6.1,1,No,Medium,Tier 2,Yes,Low,Placed
Male,CE,7.17,55.4,53.5,2,2.2,67.9,5,2,4,3,3,4,4,7.0,6,No,Low,Tier 1,Yes,Low,Placed
Male,ME,10.0,93.7,100.0,0,1.5,70.2,6,2,5,5,4,6,4,5.1,10,No,High,Tier 2,Yes,,Placed
Female,CSE,8.3,73.2,83.2,1,3.6,71.5,8,2,5,5,4,5,3,5.5,10,No,Low,Tier 1,Yes,High,Placed
Male,CSE,7.86,69.1,77.1,0,1.4,64.5,7,3,4,3,4,3,1,7.2,2,No,Low,Tier 1,Yes,Low,Placed
Male,CSE,9.3,82.0,84.6,0,5.6,73.6,6,2,5,5,4,5,1,6.8,4,Yes,Low,Tier 3,Yes,Low,Placed
Male,ECE,7.76,71.3,69.3,0,3.1,77.0,4,2,2,5,4,2,3,7.2,8,No,Medium,Tier 2,Yes,High,Placed
Male,CSE,8.24,72.0,74.0,0,6.5,85.3,3,2,2,3,4,1,1,6.9,9,No,Medium,Tier 1,Yes,Low,Not Placed
Female,CSE,7.87,71.4,72.6,0,4.6,65.2,4,2,3,5,3,4,6,9.0,8,No,Medium,Tier 2,Yes,Medium,Placed
Female,IT,7.72,63.3,73.6,0,4.7,81.3,8,1,5,3,4,6,3,7.2,10,No,Medium,Tier 1,Yes,High,Placed
Male,IT,6.59,57.2,55.5,2,2.0,63.2,4,2,3,5,3,3,1,6.5,1,No,Medium,Tier 1,Yes,Medium,Not Placed
Male,ECE,7.07,65.1,61.8,0,5.3,81.4,5,2,3,1,4,4,2,7.1,3,No,Medium,Tier 2,Yes,Medium,Placed
Male,ECE,7.24,64.3,63.7,1,4.9,76.8,6,2,4,1,3,5,4,8.2,8,No,Low,Tier 1,No,,Placed
Female,CSE,8.28,76.3,77.2,1,0.1,65.3,8,1,5,1,4,3,5,6.9,1,No,High,Tier 2,Yes,,Placed
Female,ME,7.96,74.7,76.6,1,6.6,84.4,1,2,1,4,4,0,1,7.8,8,Yes,Low,Tier 2,Yes,Low,Not Placed
Male,IT,10.0,93.1,96.4,0,5.7,79.4,8,3,5,3,4,5,0,7.5,4,No,High,Tier 3,Yes,,Placed
Female,CSE,8.28,77.9,75.8,2,2.4,70.8,6,2,3,1,5,3,2,6.7,7,No,Low,Tier 3,No,Medium,Not Placed
Female,CSE,7.67,58.9,78.1,0,5.9,73.6,4,1,3,5,5,2,4,7.1,4,No,Medium,Tier 1,No,Low,Placed
Male,CE,9.98,84.0,90.3,1,3.2,85.4,7,3,5,3,4,6,3,8.9,9,Yes,Low,Tier 2,Yes,Medium,Placed
Female,ME,7.95,80.6,80.3,1,2.7,64.6,5,2,5,3,4,6,2,7.3,6,No,Low,Tier 2,Yes,Low,Placed
Male,CSE,7.97,76.6,76.7,0,4.7,76.2,6,0,5,5,3,5,1,5.8,10,No,High,Tier 1,Yes,Low,Placed
Male,ME,8.67,76.1,76.3,1,6.0,78.5,8,2,5,2,5,4,1,6.6,10,No,High,Tier 3,No,Low,Placed
Male,ECE,8.42,78.7,87.4,0,7.1,83.3,2,3,2,3,4,1,2,4.5,10,No,Medium,Tier 3,Yes,,Placed
Male,ECE,8.83,76.5,72.4,0,7.5,77.3,5,2,3,4,5,2,6,7.2,1,No,Medium,Tier 2,No,Medium,Placed
Male,CE,8.47,79.5,83.8,0,0.8,62.5,8,3,5,4,4,5,9,8.6,9,No,Medium,Tier 2,Yes,Medium,Placed
Female,IT,6.4,52.8,56.6,0,0.5,57.5,4,2,3,2,3,3,3,5.4,10,No,High,Tier 1,Yes,High,Placed
Male,ECE,8.12,75.0,64.1,0,3.1,61.0,3,3,1,1,3,1,2,7.2,6,No,Medium,Tier 2,Yes,High,Placed
Female,IT,7.05,62.5,75.7,1,2.2,64.5,3,2,2,1,5,0,4,8.2,9,No,Medium,Tier 3,Yes,Medium,Placed
Male,ECE,9.1,85.6,83.7,0,8.9,95.7,4,3,2,3,4,0,1,8.3,6,No,Medium,Tier 2,No,Medium,Placed
Male,CE,7.1,75.6,62.8,0,4.6,71.1,0,1,1,5,3,0,1,8.5,6,No,Medium,Tier 1,Yes,,Placed
Male,ECE,9.3,84.1,82.7,0,3.6,73.0,6,3,4,3,5,6,4,4.8,7,Yes,High,Tier 2,No,,Placed
Male,IT,7.77,60.5,75.3,1,2.9,71.3,4,3,2,2,5,2,3,7.6,3,No,Low,Tier 2,Yes,High,Placed
Female,IT,7.99,72.9,72.5,0,4.4,77.7,5,2,4,1,5,5,2,5.2,6,Yes,Low,Tier 2,Yes,Low,Placed
Male,CSE,7.68,68.7,79.8,0,0.0,61.0,5,2,3,4,3,5,0,5.8,4,No,Medium,Tier 2,Yes,Low,Placed
Male,IT,7.8,58.3,68.0,0,5.8,81.7,8,4,5,3,4,4,3,8.0,4,No,Medium,Tier 2,Yes,,Placed
Male,IT,8.86,75.9,74.1,0,6.8,82.9,6,2,3,2,5,1,1,7.2,9,No,Low,Tier 3,Yes,,Placed
Female,CE,8.54,80.5,78.7,0,0.6,69.8,3,1,2,3,5,3,2,7.9,7,No,Medium,Tier 3,No,Medium,Placed
Female,CSE,8.2,79.0,76.0,0,5.2,71.5,3,2,2,1,4,2,8,5.9,5,No,High,Tier 1,Yes,Low,Not Placed
Female,IT,8.05,77.7,67.6,2,4.9,79.6,4,3,4,5,4,4,5,8.8,8,No,Low,Tier 3,Yes,Low,Placed
Male,IT,8.65,86.0,71.2,0,5.1,77.1,5,2,3,4,5,3,8,7.8,9,No,Medium,Tier 2,No,,Placed
Male,CSE,9.39,83.1,80.4,0,5.0,72.5,8,2,5,2,5,6,6,8.1,1,No,Medium,Tier 3,Yes,Medium,Placed
Male,IT,8.24,69.3,72.3,0,1.9,65.6,2,0,2,1,5,3,0,5.7,3,No,Medium,Tier 3,Yes,Medium,Not Placed
Male,CSE,9.44,77.2,81.4,0,3.7,80.0,7,4,5,4,5,6,4,8.4,9,No,High,Tier 2,Yes,Low,Placed
Male,CSE,8.85,79.6,86.4,1,5.7,76.8,2,2,3,1,5,2,3,6.6,9,No,Medium,Tier 3,Yes,Medium,Placed
Male,ECE,9.53,82.8,84.5,0,0.6,66.5,6,4,4,1,5,6,2,6.3,7,No,Medium,Tier 1,Yes,Low,Placed
Male,ME,8.27,70.1,81.6,0,4.2,74.0,8,2,5,3,4,2,3,7.8,3,No,Medium,Tier 1,Yes,Medium,Placed
Male,ME,7.11,55.7,53.1,0,5.1,82.2,3,2,2,4,3,2,3,7.7,4,No,Medium,Tier 2,No,Medium,Placed
Female,CSE,9.54,83.9,88.3,0,3.3,69.3,7,3,4,5,5,6,3,6.0,7,No,Medium,Tier 3,Yes,High,Placed
Male,IT,6.62,55.5,60.8,1,4.9,80.0,6,0,5,1,4,6,4,9.0,10,Yes,High,Tier 3,Yes,Low,Not Placed
Male,CSE,7.52,64.1,73.9,1,4.1,70.8,5,1,3,5,4,4,2,9.0,8,No,Medium,Tier 2,Yes,,Placed
Female,CSE,6.84,70.3,61.3,1,3.6,72.1,8,1,5,5,3,6,3,7.7,8,No,Low,Tier 2,No,Low,Placed
Male,CSE,8.55,76.8,72.3,0,3.1,63.5,5,1,3,1,4,2,2,7.5,1,No,Low,Tier 2,Yes,,Placed
Female,ME,8.67,77.2,79.3,0,6.5,74.7,6,2,3,3,5,3,3,7.4,6,No,Low,Tier 3,Yes,,Placed
Male,IT,9.34,88.1,85.2,0,3.8,71.6,7,3,5,2,5,6,1,5.1,8,No,Low,Tier 2,Yes,Low,Placed
Male,ME,8.22,71.5,70.8,0,2.3,66.4,6,1,4,2,4,4,4,7.1,5,No,High,Tier 3,Yes,Low,Placed
Female,IT,7.61,70.9,67.7,0,1.5,56.5,7,1,5,1,3,6,5,7.1,2,Yes,Medium,Tier 2,Yes,High,Placed
Female,CSE,7.73,73.0,67.6,0,1.0,64.3,8,2,5,3,3,5,2,6.3,3,No,Medium,Tier 2,Yes,,Placed
Female,ECE,7.06,58.7,72.1,1,1.1,64.2,8,1,5,2,4,6,2,6.6,4,No,Medium,Tier 2,Yes,High,Placed
Male,ECE,8.53,75.5,76.4,3,3.1,64.8,4,1,3,1,5,4,2,4.1,10,No,High,Tier 3,Yes,High,Not Placed
Male,ECE,9.58,78.9,86.0,0,3.7,76.2,7,4,5,4,5,6,2,5.7,9,No,Medium,Tier 2,Yes,High,Placed
Male,CSE,8.52,71.1,75.6,1,3.4,70.5,8,2,5,1,5,5,4,8.1,6,Yes,High,Tier 3,Yes,High,Placed
Male,ME,8.38,71.7,73.8,0,2.3,62.1,2,2,1,1,3,1,0,9.0,2,No,Medium,Tier 1,Yes,Medium,Placed
Female,ECE,8.65,79.6,79.1,0,2.9,72.6,4,1,3,5,5,3,2,5.9,5,No,High,Tier 2,Yes,Medium,Placed
Male,CE,8.35,69.8,71.5,0,5.3,66.2,8,2,5,5,3,6,2,7.2,1,No,Medium,Tier 3,Yes,Low,Placed
Female,ECE,8.59,78.0,76.8,0,6.1,70.1,3,2,3,3,5,2,2,8.3,6,No,Low,Tier 3,Yes,Medium,Placed
Male,CSE,8.56,75.6,69.5,0,7.4,75.3,6,2,5,2,5,5,6,6.4,8,No,Medium,Tier 3,Yes,High,Placed
Male,ME,9.16,80.9,83.6,0,4.1,73.6,6,4,5,3,4,3,3,7.8,5,Yes,Medium,Tier 1,Yes,Low,Placed
Male,CSE,8.55,80.7,78.2,0,6.6,83.0,7,2,5,5,4,5,5,7.0,2,No,Low,Tier 1,Yes,,Placed
Female,IT,6.45,66.5,52.5,0,4.3,68.7,3,0,2,1,4,1,1,8.4,4,No,Medium,Tier 2,Yes,Medium,Not Placed
Female,ME,7.38,58.3,69.6,0,6.9,82.6,0,2,1,5,3,1,0,5.5,10,No,Medium,Tier 1,Yes,Medium,Placed
Female,CSE,10.0,92.7,88.3,0,5.2,82.5,8,4,4,1,4,2,2,5.7,6,No,Low,Tier 3,Yes,High,Placed
Female,IT,8.27,84.4,81.6,0,4.1,69.4,2,2,2,3,5,3,2,7.3,5,No,High,Tier 1,Yes,,Placed
Female,ECE,7.96,76.5,70.6,0,0.0,53.1,5,1,5,3,4,4,1,7.1,4,Yes,Medium,Tier 2,No,Medium,Placed
Female,CSE,8.07,75.6,79.3,0,3.7,82.8,4,1,3,3,4,2,5,6.9,9,No,High,Tier 1,Yes,Low,Placed
Male,ME,7.97,62.7,74.9,1,2.4,68.3,7,4,4,3,4,4,4,7.7,8,Yes,Medium,Tier 2,Yes,High,Placed
Male,CSE,6.87,68.0,56.1,1,3.3,63.9,4,2,4,3,4,3,2,5.9,10,Yes,Medium,Tier 2,Yes,,Placed
Male,IT,10.0,98.3,87.4,0,6.5,76.9,5,3,3,1,5,3,1,5.4,9,No,Medium,Tier 1,Yes,High,Placed
Female,IT,7.49,70.7,75.7,0,4.8,61.8,7,3,5,1,4,6,7,6.4,10,No,Medium,Tier 2,Yes,,Placed
Female,IT,7.9,75.8,75.5,0,6.0,72.7,8,2,5,3,4,4,0,6.5,5,Yes,High,Tier 2,Yes,,Placed
Male,ECE,8.93,85.6,75.5,0,5.1,76.0,7,3,4,3,5,5,2,6.7,5,No,Low,Tier 3,Yes,Low,Placed
Female,ECE,9.26,86.8,85.9,0,2.1,67.7,6,4,3,1,5,3,2,8.5,7,No,High,Tier 1,Yes,Low,Placed
Female,CE,8.71,82.4,75.2,1,7.9,75.1,6,1,5,1,5,6,4,7.9,6,No,High,Tier 2,Yes,Medium,Not Placed
Male,CSE,6.31,50.0,55.3,0,3.7,73.3,8,0,4,3,3,5,1,7.6,9,No,Medium,Tier 3,Yes,,Placed
Male,ECE,6.99,75.4,70.1,0,6.1,76.3,8,2,5,2,3,6,4,7.3,3,No,High,Tier 3,Yes,Low,Placed
Female,ECE,10.0,94.8,92.5,0,7.3,83.6,6,3,5,4,5,4,4,6.5,8,No,Medium,Tier 3,Yes,Low,Placed
Male,CSE,7.37,70.9,60.5,1,1.3,71.0,6,2,5,2,4,5,5,6.0,10,Yes,High,Tier 3,No,High,Placed
Female,ECE,9.58,88.0,86.7,0,3.8,75.3,2,3,2,2,5,3,3,5.6,6,No,Medium,Tier 2,Yes,,Placed
Male,IT,8.61,67.8,83.3,0,5.4,76.2,8,4,5,5,4,4,4,6.2,9,No,Low,Tier 2,Yes,Low,Placed
Female,IT,7.6,56.8,70.4,0,3.4,68.4,5,2,3,4,5,3,6,6.9,2,Yes,High,Tier 1,Yes,Medium,Placed
Female,CSE,9.39,87.0,84.3,0,9.5,83.9,5,3,4,3,5,6,3,5.6,8,Yes,Medium,Tier 2,Yes,High,Placed
Female,CSE,8.75,78.5,76.2,0,4.5,66.8,8,2,5,3,4,6,3,7.2,5,Yes,Medium,Tier 3,Yes,High,Placed
Male,CSE,9.02,85.0,81.4,1,5.2,71.3,8,2,4,2,5,5,5,6.8,6,Yes,Medium,Tier 2,Yes,High,Placed
Female,IT,8.96,79.1,65.8,0,7.7,87.0,8,4,5,5,4,5,5,6.5,6,No,Low,Tier 3,Yes,,Placed
Female,CSE,7.77,68.2,70.5,0,1.2,62.3,5,2,4,2,5,4,1,8.4,1,No,Medium,Tier 3,Yes,High,Placed
Male,CE,9.01,79.8,76.0,0,3.1,60.8,4,2,3,1,4,2,6,4.0,10,No,High,Tier 1,Yes,Medium,Not Placed
Female,CSE,8.13,70.9,67.4,1,2.1,63.3,6,3,5,2,4,3,4,6.5,3,No,Low,Tier 3,Yes,High,Placed
Male,ME,8.43,70.6,77.5,0,4.9,80.7,5,2,4,2,3,2,5,4.2,9,No,Low,Tier 2,Yes,Low,Placed
Male,ECE,7.83,64.2,71.5,0,7.3,80.2,7,2,5,1,4,5,3,7.3,7,No,Low,Tier 1,Yes,High,Placed
Male,CE,6.85,64.1,60.8,0,1.9,58.5,8,1,5,1,4,6,0,7.9,9,No,Medium,Tier 3,Yes,Low,Placed
Male,CSE,6.84,64.6,61.1,0,1.2,65.2,4,0,3,2,4,1,2,5.4,10,Yes,Medium,Tier 2,Yes,Medium,Placed
Male,ME,7.05,50.0,60.3,0,4.4,74.0,2,2,2,5,4,2,1,5.5,10,No,Medium,Tier 3,Yes,Low,Placed
Female,CSE,6.5,57.5,50.0,0,6.7,76.7,8,2,5,1,3,4,3,5.0,6,No,High,Tier 2,Yes,Low,Placed
Male,CE,7.29,64.5,65.2,1,2.4,68.8,3,2,2,4,5,3,2,7.1,10,Yes,Medium,Tier 2,Yes,Medium,Not Placed
Female,IT,9.6,88.7,89.4,0,2.0,67.4,6,1,5,1,5,3,4,6.6,5,Yes,Low,Tier 3,Yes,Low,Placed
Male,CSE,8.19,76.1,68.3,1,7.2,81.9,2,3,2,3,3,1,3,6.7,10,No,High,Tier 2,Yes,Medium,Placed
Male,IT,6.91,65.6,59.7,1,3.6,77.4,3,0,2,1,3,2,1,6.6,8,No,Medium,Tier 2,Yes,Medium,Not Placed
Male,ME,9.19,81.0,82.0,0,5.3,77.2,8,4,5,1,5,6,4,5.8,6,No,Medium,Tier 1,Yes,Medium,Placed
Female,CSE,8.77,75.4,78.1,0,6.8,80.1,3,3,3,4,5,2,2,8.4,5,Yes,Medium,Tier 3,Yes,Low,Placed
Male,ECE,7.54,59.3,67.8,0,5.0,75.7,4,0,4,5,4,4,7,7.3,10,No,High,Tier 1,No,High,Placed
Female,CSE,6.74,60.1,61.0,2,4.1,73.4,8,2,5,2,3,4,0,5.6,5,No,Medium,Tier 3,No,Medium,Not Placed
Female,CE,8.18,65.8,68.7,1,2.1,68.4,6,1,3,4,4,2,6,6.2,3,No,Medium,Tier 2,Yes,,Placed
Female,CE,8.27,70.9,76.8,1,2.9,68.4,7,4,5,4,4,5,2,6.0,4,No,Medium,Tier 2,Yes,Medium,Placed
Male,CSE,9.05,74.5,79.1,0,4.7,81.5,6,3,4,4,3,4,3,8.7,2,No,Low,Tier 3,Yes,,Placed
Male,ECE,8.99,87.7,84.4,0,6.5,74.4,7,3,4,5,5,1,3,7.9,3,No,Medium,Tier 1,Yes,,Placed
Female,IT,7.85,64.2,71.3,2,3.0,73.2,8,2,5,2,3,4,6,6.8,2,No,Medium,Tier 2,No,Medium,Not Placed
Male,IT,8.27,70.1,76.3,0,2.8,65.8,5,1,5,1,4,4,3,9.0,6,No,Low,Tier 3,Yes,Medium,Placed
Female,ECE,8.57,79.9,82.0,0,5.0,75.1,6,2,4,3,4,3,3,8.7,4,Yes,Low,Tier 3,Yes,,Placed
Male,IT,6.83,67.2,63.7,2,2.5,73.2,8,2,5,4,2,4,2,6.7,2,No,Low,Tier 2,Yes,Low,Not Placed
Female,ECE,10.0,86.3,93.8,0,4.9,77.8,2,3,2,2,5,4,2,6.5,9,No,Medium,Tier 2,Yes,High,Placed
Female,ECE,8.53,84.4,84.5,0,2.3,67.3,8,2,5,5,4,4,6,6.6,9,Yes,High,Tier 3,Yes,Low,Placed
Female,IT,8.46,74.7,70.0,1,4.5,73.0,5,2,2,5,4,1,1,5.9,7,No,High,Tier 3,Yes,,Not Placed
Male,ECE,7.98,77.6,68.7,0,3.4,64.5,6,2,4,2,4,6,3,9.0,9,No,Medium,Tier 3,Yes,High,Placed
Female,ECE,7.65,69.1,66.2,0,4.2,79.3,6,3,4,4,2,3,8,5.8,8,Yes,Medium,Tier 2,No,Low,Placed
Male,ECE,8.98,74.2,87.4,1,5.6,77.4,6,2,5,3,5,5,2,8.0,5,No,High,Tier 3,Yes,Medium,Placed
Male,IT,9.86,84.4,88.6,0,3.8,73.9,6,4,5,5,5,5,4,7.8,4,No,Low,Tier 2,Yes,Low,Placed
Female,IT,7.91,70.6,67.6,1,4.8,81.2,8,3,5,1,5,6,4,6.6,3,No,Medium,Tier 1,Yes,Medium,Placed
Female,ECE,8.31,80.0,69.9,0,2.6,66.3,7,2,4,5,4,4,4,9.0,10,No,Medium,Tier 2,Yes,Low,Placed
Female,ECE,6.27,59.2,60.1,0,2.9,63.1,3,0,2,3,2,1,2,5.1,10,No,Low,Tier 1,Yes,High,Placed
Female,ECE,8.93,86.7,82.0,0,1.8,61.9,3,3,3,2,4,2,1,6.9,4,No,High,Tier 1,Yes,Low,Placed
Male,ME,8.6,73.9,70.1,0,3.9,66.0,6,2,4,2,4,4,2,6.4,7,No,High,Tier 1,Yes,Medium,Placed
Male,CSE,8.45,68.1,73.0,0,4.6,82.3,8,3,5,4,4,6,4,8.2,5,No,Low,Tier 1,Yes,High,Placed
Female,CE,6.28,59.5,50.0,0,4.8,72.1,2,1,2,5,2,3,2,7.4,7,No,Low,Tier 2,Yes,High,Placed
Male,ECE,7.98,74.1,76.0,0,7.4,72.8,3,2,3,1,4,2,0,4.9,10,No,Low,Tier 1,Yes,,Not Placed
Male,ECE,7.54,67.1,68.0,1,5.0,68.0,5,2,3,4,4,2,1,8.5,8,No,Medium,Tier 1,Yes,High,Placed
Male,CSE,7.13,61.6,63.3,1,3.1,79.7,6,1,4,2,3,4,3,7.6,10,No,Medium,Tier 1,Yes,Low,Not Placed
Male,CSE,7.04,61.3,56.2,2,8.7,87.5,8,1,5,3,3,5,2,5.8,8,No,Medium,Tier 1,Yes,Medium,Placed
Male,IT,7.77,66.1,66.7,1,2.4,71.7,3,3,2,3,4,3,1,6.6,5,No,Low,Tier 1,Yes,Low,Not Placed
Male,ECE,10.0,91.7,93.1,0,4.4,66.8,8,3,5,1,5,5,5,5.4,4,No,High,Tier 2,Yes,Low,Placed
Male,CSE,9.23,86.2,81.6,0,6.2,84.0,8,4,5,4,4,6,4,6.8,9,Yes,Medium,Tier 3,Yes,,Placed
Male,ECE,8.63,84.2,75.0,1,5.1,68.9,6,3,5,1,4,4,1,7.2,5,No,Low,Tier 3,Yes,Medium,Placed
Female,ECE,8.18,73.7,81.9,0,0.0,58.8,5,1,3,1,4,3,3,6.6,8,No,Medium,Tier 3,Yes,Medium,Placed
Male,CSE,10.0,91.7,81.9,0,5.4,77.7,7,3,5,5,5,4,5,6.5,6,No,Medium,Tier 1,Yes,,Placed
Male,ECE,6.89,53.7,58.8,0,2.9,68.8,7,0,5,3,3,5,5,5.1,10,No,Medium,Tier 1,Yes,Medium,Placed
Female,ECE,7.56,68.6,63.8,0,2.5,68.5,3,4,1,5,4,2,1,7.4,2,Yes,Low,Tier 1,Yes,High,Placed
Male,ME,7.04,66.4,66.1,0,0.6,57.9,3,2,2,1,3,3,2,4.7,10,No,Low,Tier 3,Yes,Medium,Placed
Female,ECE,6.83,57.4,62.8,0,4.3,71.8,3,1,2,5,3,1,3,7.0,9,No,High,Tier 1,Yes,Low,Placed
Female,ECE,8.08,79.8,72.3,0,3.1,63.9,1,2,1,1,4,0,1,4.8,5,No,High,Tier 2,No,High,Not Placed
Male,IT,8.15,69.3,67.8,1,4.7,81.1,6,1,5,1,5,4,4,7.1,6,Yes,Medium,Tier 1,Yes,Medium,Not Placed
Male,ECE,8.6,78.7,78.7,0,2.2,66.0,7,3,5,4,4,5,8,7.0,8,Yes,Medium,Tier 1,Yes,,Placed
Female,CSE,9.61,87.4,77.2,0,10.0,84.7,4,4,3,4,4,4,1,7.5,8,No,Medium,Tier 3,No,Medium,Placed
Female,CSE,9.55,81.6,84.2,0,3.2,78.4,4,3,3,1,4,1,2,8.0,7,No,Medium,Tier 3,Yes,,Placed
Male,ECE,9.58,85.4,83.3,0,6.3,76.5,6,3,4,3,5,5,3,8.3,4,Yes,Medium,Tier 3,Yes,Medium,Placed
Female,CE,7.62,68.9,72.9,1,6.3,82.7,5,1,5,3,4,2,7,5.1,10,Yes,High,Tier 2,No,High,Placed
Male,CSE,8.37,75.8,78.2,0,5.9,75.1,7,4,4,5,4,2,4,6.9,1,No,Medium,Tier 3,Yes,Low,Placed
Female,CE,7.26,57.6,68.1,0,2.3,67.3,5,1,3,2,4,1,4,9.0,5,No,Medium,Tier 2,Yes,Low,Not Placed
Male,CSE,8.77,80.7,79.7,1,7.8,86.8,7,1,5,3,4,5,3,7.1,10,Yes,Medium,Tier 3,Yes,Low,Placed
Female,ECE,8.95,85.5,86.8,0,4.6,72.7,5,1,3,5,4,2,1,6.0,2,No,High,Tier 1,Yes,Low,Placed
Female,CE,7.12,68.5,68.0,0,4.8,77.0,7,2,5,4,3,6,4,6.9,3,No,Medium,Tier 2,Yes,Medium,Placed
Female,ECE,9.3,87.5,78.4,0,3.8,77.1,6,4,3,1,4,3,1,6.5,9,No,Low,Tier 2,Yes,Medium,Placed
Male,ME,8.36,70.3,73.0,1,4.0,67.3,8,4,5,2,4,4,7,5.6,5,No,Medium,Tier 2,Yes,,Placed
Male,CSE,7.54,71.3,71.0,0,4.1,63.8,7,2,3,4,4,3,1,8.0,8,No,Medium,Tier 3,No,High,Placed
Male,CE,6.9,54.6,63.3,0,0.9,60.6,6,2,4,1,3,3,2,7.7,6,No,Medium,Tier 3,Yes,,Placed
Male,CSE,9.6,85.5,86.2,1,4.5,78.0,7,3,5,2,4,5,5,5.4,9,No,Medium,Tier 2,Yes,High,Placed
Male,IT,9.14,76.6,84.0,0,5.6,74.2,8,3,5,3,5,5,2,6.9,5,No,High,Tier 2,Yes,Low,Placed
Female,CSE,8.81,84.2,69.7,1,2.9,74.5,3,3,3,4,4,4,2,6.3,10,No,Medium,Tier 2,Yes,Medium,Placed
Male,IT,7.97,72.2,73.7,0,3.8,74.3,8,4,5,1,4,6,3,5.1,9,No,High,Tier 3,Yes,,Placed
Male,ECE,9.17,72.7,88.2,0,0.6,65.1,8,3,5,4,4,6,1,5.3,10,No,Low,Tier 2,Yes,Low,Placed
Female,CE,9.23,81.4,86.8,0,6.2,78.0,8,2,5,2,4,4,3,5.5,10,No,High,Tier 1,Yes,High,Placed
Female,ECE,10.0,82.8,100.0,0,7.1,78.1,6,3,5,4,5,5,2,6.9,3,No,Medium,Tier 2,Yes,Low,Placed
Female,IT,9.6,83.6,88.7,0,4.4,72.2,7,2,5,2,5,5,1,6.5,5,No,Medium,Tier 1,Yes,High,Placed
Female,CSE,7.67,67.3,68.3,0,4.7,74.2,3,3,2,4,4,0,6,5.8,8,No,Medium,Tier 3,Yes,Medium,Placed
Male,CSE,8.42,79.0,83.5,0,4.6,73.8,5,2,3,2,4,3,4,6.5,10,Yes,Low,Tier 2,Yes,High,Placed
Male,ECE,10.0,94.5,85.6,0,5.5,77.0,7,2,5,4,5,6,2,7.9,5,Yes,Medium,Tier 2,Yes,High,Placed
Female,CSE,8.83,72.4,77.1,0,4.5,71.9,7,3,5,4,5,3,7,7.4,8,No,Medium,Tier 3,Yes,Low,Placed
Female,CSE,7.62,67.1,68.2,1,6.0,76.1,2,2,2,4,4,1,2,8.2,8,No,Low,Tier 1,Yes,Medium,Not Placed
Male,IT,8.43,73.9,71.8,0,5.4,81.8,4,3,2,2,5,1,2,6.7,10,No,Medium,Tier 1,Yes,High,Not Placed
Female,IT,9.09,75.4,85.2,0,5.5,71.9,7,4,5,2,4,5,6,8.9,6,No,Medium,Tier 2,No,Low,Placed
Male,ECE,6.93,61.0,66.7,4,4.8,73.4,4,2,3,2,4,3,1,7.4,8,No,Low,Tier 1,Yes,High,Not Placed
Male,IT,7.61,72.8,66.1,0,5.4,83.8,8,2,5,1,4,6,3,6.4,5,No,Low,Tier 2,Yes,Medium,Placed
Male,ECE,6.96,57.4,64.3,2,2.5,66.8,3,0,1,4,4,1,3,7.1,1,No,Medium,Tier 3,Yes,Medium,Not Placed
Male,CSE,8.13,77.5,74.7,0,0.2,65.0,6,0,5,2,3,6,6,5.5,7,Yes,Medium,Tier 3,Yes,,Placed
Male,CE,9.81,81.4,90.1,0,3.8,68.7,7,4,5,3,5,5,4,6.6,7,Yes,High,Tier 3,Yes,Medium,Placed
Male,ME,6.7,68.2,59.0,1,7.7,78.0,8,1,5,3,3,5,2,7.5,10,Yes,High,Tier 3,Yes,Low,Not Placed
Female,IT,8.89,79.8,76.4,0,5.3,84.9,8,2,5,1,4,5,2,7.7,4,No,Medium,Tier 2,Yes,High,Placed
Male,CSE,7.91,67.4,78.2,2,5.5,71.5,5,2,4,4,4,4,2,6.5,6,No,Medium,Tier 1,Yes,Medium,Placed
Male,ME,9.66,90.1,83.2,0,2.0,66.1,6,2,5,4,5,5,2,9.0,10,No,Medium,Tier 1,Yes,Low,Placed
Female,CSE,8.74,91.1,77.0,0,4.9,82.4,5,3,4,5,4,3,3,6.8,5,No,Medium,Tier 3,Yes,High,Placed
Female,CSE,8.58,84.0,82.1,0,1.8,59.7,5,1,4,3,4,4,4,5.0,10,No,Low,Tier 2,Yes,Medium,Placed
Female,CSE,9.62,86.3,86.4,0,4.0,75.2,4,3,3,3,5,3,1,8.5,10,No,Medium,Tier 1,Yes,High,Placed
Female,IT,8.49,82.9,87.7,0,3.5,73.1,4,3,4,4,4,4,1,7.7,6,No,Medium,Tier 2,Yes,Low,Placed
Female,IT,6.8,72.6,56.4,0,4.9,74.7,3,1,2,2,4,2,2,7.3,4,Yes,Low,Tier 2,Yes,Medium,Placed
Male,CE,8.37,73.4,71.4,0,4.1,81.2,6,3,4,5,4,4,4,6.4,3,Yes,Medium,Tier 2,Yes,Medium,Placed
Male,ECE,9.01,81.9,79.9,0,5.8,78.8,6,4,5,2,5,5,4,7.5,3,No,High,Tier 3,Yes,Medium,Placed
Male,ECE,7.54,63.8,72.2,0,6.1,78.9,6,2,5,2,3,5,2,8.9,7,Yes,Medium,Tier 2,Yes,,Placed
Male,CSE,6.65,57.9,60.2,1,6.5,75.3,7,1,3,4,3,3,6,7.2,10,No,Medium,Tier 3,Yes,Low,Placed
Male,CSE,7.58,66.8,71.0,0,10.0,89.7,3,1,2,1,4,2,1,5.2,10,No,High,Tier 2,Yes,High,Placed
Female,ECE,8.71,76.2,86.5,1,2.5,70.6,3,3,2,4,5,3,0,4.0,10,No,Medium,Tier 3,No,Low,Not Placed
Male,CE,7.14,70.1,53.5,1,3.2,73.9,5,0,4,2,5,4,3,7.5,5,No,Low,Tier 3,Yes,High,Not Placed
Male,ECE,10.0,80.6,81.6,0,3.2,73.2,3,3,2,4,4,0,0,5.8,3,No,Medium,Tier 3,Yes,Low,Placed
Male,CSE,9.44,85.1,81.8,0,0.1,52.0,8,2,5,4,5,6,2,6.9,1,No,Medium,Tier 1,Yes,High,Placed
Female,CSE,9.21,82.6,82.1,0,4.6,73.6,3,3,3,1,4,4,2,6.0,8,Yes,Medium,Tier 1,Yes,Medium,Placed
Male,CSE,6.82,59.0,54.8,1,3.8,67.5,5,1,4,5,3,5,5,5.9,4,No,Low,Tier 2,Yes,Medium,Placed
Female,ECE,9.76,92.0,94.4,0,6.3,71.6,7,3,5,5,5,6,4,6.1,4,No,Medium,Tier 2,No,Low,Placed
Male,IT,7.88,74.9,71.5,0,5.8,74.4,7,1,5,2,5,5,4,6.2,10,No,High,Tier 2,Yes,High,Placed
Male,ME,6.75,61.0,67.2,1,4.9,72.5,7,1,5,5,3,5,2,7.9,5,No,Medium,Tier 3,Yes,Medium,Not Placed
Male,IT,8.57,78.7,76.6,0,4.5,68.7,8,2,5,2,4,5,2,7.7,9,Yes,High,Tier 1,Yes,Medium,Placed
Female,ECE,8.37,75.1,74.8,0,2.9,68.8,2,1,1,3,5,0,1,5.6,10,No,Medium,Tier 2,Yes,,Placed
Male,ECE,7.35,69.3,61.0,0,4.4,76.9,2,2,1,1,4,1,2,5.7,10,No,High,Tier 1,Yes,Medium,Not Placed
Female,CSE,8.14,81.1,73.1,0,4.8,76.8,8,1,5,5,5,5,4,7.5,1,No,Low,Tier 3,Yes,High,Placed
Male,IT,8.07,78.0,78.4,2,3.9,69.5,3,4,3,2,4,2,3,8.3,9,No,Medium,Tier 3,Yes,,Placed
Male,CE,8.26,85.5,77.2,1,4.0,76.2,3,3,2,1,5,3,1,8.2,5,No,Low,Tier 2,Yes,Medium,Placed
Female,CSE,9.03,85.5,84.5,0,4.3,69.7,6,2,5,2,4,4,6,5.8,7,Yes,Medium,Tier 1,Yes,,Placed
Female,ECE,8.0,62.8,69.7,0,4.4,81.1,3,2,2,1,4,3,3,8.2,10,No,Medium,Tier 3,Yes,High,Placed
Female,ECE,10.0,93.2,85.3,0,5.8,78.4,5,3,4,4,5,4,3,4.9,8,Yes,Medium,Tier 2,Yes,High,Placed
Female,ME,7.51,63.9,64.5,0,0.0,64.3,2,1,1,3,3,2,0,6.8,9,No,High,Tier 2,No,Low,Not Placed
Female,IT,6.71,67.0,62.7,0,4.6,71.5,8,2,5,3,2,6,3,7.6,8,No,High,Tier 3,Yes,,Placed
Female,ME,9.25,81.9,77.9,0,4.5,72.3,3,2,2,5,3,3,3,4.5,10,No,Low,Tier 3,Yes,Medium,Placed
Female,ECE,7.51,61.0,66.5,1,5.7,77.6,3,3,2,1,4,1,1,9.0,5,No,Medium,Tier 2,No,,Not Placed
Female,CSE,9.34,85.8,80.2,1,3.8,70.8,8,0,5,1,5,5,2,8.6,10,No,Medium,Tier 2,Yes,Low,Placed
Female,CSE,8.13,71.8,68.4,1,0.0,58.1,6,3,4,2,5,5,2,7.8,6,Yes,Medium,Tier 1,Yes,Low,Placed
Female,CSE,7.03,65.4,67.6,2,0.4,54.6,8,3,5,4,4,5,5,5.8,4,Yes,High,Tier 2,Yes,Low,Placed
Female,CSE,7.13,65.9,64.5,2,0.0,57.0,7,1,5,5,3,6,6,6.9,10,Yes,Medium,Tier 2,Yes,,Placed
Male,CE,9.3,85.5,89.0,0,6.0,72.5,5,4,4,2,5,4,1,7.9,3,No,High,Tier 2,Yes,,Placed
Female,CE,8.22,75.9,72.3,0,1.1,54.8,8,4,5,2,5,6,3,5.7,4,Yes,Low,Tier 1,Yes,,Placed
Female,CSE,9.33,88.3,89.0,0,6.6,80.8,8,3,5,4,4,6,1,6.8,5,No,Medium,Tier 1,No,Medium,Placed
Male,IT,8.53,77.7,80.3,0,3.3,66.1,7,3,5,5,5,6,3,8.1,10,No,Medium,Tier 1,Yes,Medium,Placed
Female,CSE,8.25,73.6,70.3,0,3.6,76.9,3,3,2,4,4,1,4,5.2,5,No,Low,Tier 2,Yes,Low,Placed
Male,ECE,9.0,79.7,86.2,0,7.5,78.9,8,1,5,4,5,6,5,7.4,6,No,Medium,Tier 2,Yes,Medium,Placed
Male,CSE,8.0,70.2,68.2,0,4.6,69.4,3,1,3,2,3,3,2,4.9,9,No,High,Tier 2,Yes,High,Placed
Female,ECE,8.42,74.4,82.6,1,1.3,69.1,5,2,3,4,5,3,1,5.9,6,No,Medium,Tier 2,Yes,Low,Placed
Male,CSE,8.87,84.1,87.3,0,4.2,75.5,6,0,3,2,4,2,1,6.4,4,No,Medium,Tier 2,Yes,High,Placed
Female,ECE,9.12,88.7,83.5,0,5.9,82.6,7,3,4,2,5,3,1,7.6,2,No,Medium,Tier 3,Yes,Medium,Placed
Female,ECE,10.0,94.0,89.5,0,2.9,67.4,3,1,3,4,5,2,3,6.2,2,No,Low,Tier 2,Yes,,Placed
Male,IT,9.23,84.6,77.9,0,7.6,74.7,3,2,3,3,5,2,2,7.2,7,No,Low,Tier 3,Yes,Low,Placed
Male,CSE,9.22,83.5,93.9,0,1.5,67.6,7,2,5,1,5,4,0,6.2,5,No,Medium,Tier 2,Yes,Medium,Placed
Male,CSE,7.12,65.3,57.1,1,0.0,64.5,6,1,3,4,3,2,6,6.4,5,No,Low,Tier 2,Yes,Medium,Placed
Female,CSE,8.71,79.6,71.5,0,7.5,81.0,8,2,5,1,4,6,2,8.5,3,Yes,High,Tier 1,No,Low,Placed
Female,ME,5.68,50.0,50.0,2,2.3,74.9,3,0,3,2,2,3,2,5.6,10,Yes,Medium,Tier 2,Yes,High,Not Placed
Female,CSE,8.35,71.6,77.3,0,2.1,69.0,4,2,3,1,4,2,4,7.9,3,Yes,High,Tier 3,Yes,Medium,Placed
Male,IT,7.64,69.2,56.7,1,3.0,69.1,7,3,5,3,4,6,3,7.0,5,No,Medium,Tier 3,Yes,Low,Placed
Female,ECE,6.97,58.5,58.4,1,2.1,69.3,6,2,4,3,3,5,1,6.3,5,No,High,Tier 3,No,,Placed
Male,ECE,8.81,75.4,78.6,1,5.8,73.0,1,3,2,1,5,0,3,5.5,5,No,Medium,Tier 1,Yes,,Not Placed
Female,ME,7.84,67.2,79.3,2,3.1,69.9,1,0,1,2,4,2,1,5.6,4,No,Medium,Tier 2,Yes,Low,Not Placed
Male,CSE,6.5,64.4,56.8,0,1.6,58.1,5,2,4,5,3,5,1,6.1,4,Yes,High,Tier 2,Yes,Low,Placed
Female,CSE,8.11,80.5,71.8,1,3.5,71.4,4,3,3,1,4,4,2,6.8,5,No,Medium,Tier 2,Yes,Medium,Placed
Male,ECE,10.0,90.0,96.4,0,2.2,67.5,8,2,5,4,5,4,3,7.7,6,No,Low,Tier 1,Yes,Medium,Placed
Female,ME,8.84,79.9,78.4,1,3.9,72.7,5,4,3,3,4,3,2,6.6,4,No,Medium,Tier 3,Yes,Low,Placed
Male,CSE,8.28,78.1,67.2,0,2.1,65.5,6,1,5,4,3,5,6,6.7,7,No,High,Tier 3,Yes,Medium,Placed
Female,CSE,7.35,61.7,68.4,0,3.6,66.0,5,1,4,2,3,3,4,6.9,2,No,Medium,Tier 2,Yes,,Placed
Female,IT,7.04,64.0,54.3,1,3.7,81.3,6,3,4,5,3,3,2,7.6,7,Yes,Medium,Tier 1,Yes,Low,Placed
Male,CSE,7.86,80.7,71.0,0,7.7,78.3,3,2,2,2,4,1,0,7.8,9,No,Medium,Tier 1,Yes,Medium,Placed
Female,IT,8.71,78.1,83.0,0,6.4,73.5,6,3,5,5,4,6,2,5.3,10,No,High,Tier 2,Yes,Low,Placed
Female,CE,7.21,64.4,62.7,1,4.3,72.4,3,0,2,3,4,2,4,6.7,5,No,Low,Tier 2,Yes,High,Not Placed
Male,CSE,9.86,88.3,86.0,0,3.4,69.6,8,3,5,4,5,6,1,8.5,4,No,Medium,Tier 3,Yes,High,Placed
Male,CSE,6.82,60.2,66.5,1,3.4,71.2,6,2,4,3,3,2,4,5.4,10,No,Low,Tier 2,Yes,Medium,Placed
Female,CSE,8.81,81.4,78.7,0,4.3,76.6,6,1,5,2,4,5,3,7.1,6,No,Medium,Tier 2,No,,Placed
Male,ME,8.45,77.6,73.7,0,2.3,62.0,4,1,3,1,4,2,4,6.8,4,No,Medium,Tier 2,Yes,Low,Placed
Male,ME,9.95,79.3,90.4,0,3.2,76.2,7,4,5,5,4,5,6,6.3,1,No,Low,Tier 1,Yes,,Placed
Male,CE,7.13,67.1,72.0,0,3.5,68.9,8,0,4,1,4,4,4,8.9,9,No,Low,Tier 3,Yes,Medium,Placed
Female,IT,10.0,85.2,86.7,0,4.0,64.2,6,3,5,3,5,6,2,7.0,10,No,Medium,Tier 2,Yes,High,Placed
Male,ME,8.77,82.3,78.5,0,4.3,75.2,7,3,5,5,5,4,1,8.8,4,Yes,Low,Tier 3,Yes,Medium,Placed
Female,CSE,9.77,88.1,77.8,0,5.5,75.7,7,4,5,2,5,6,2,7.0,6,No,Low,Tier 2,Yes,Medium,Placed
Female,CSE,9.29,84.3,89.6,1,5.8,78.2,6,2,4,2,5,6,1,7.6,1,No,High,Tier 3,Yes,Medium,Placed
Female,IT,7.42,67.9,62.7,1,5.1,79.6,6,2,5,4,4,4,4,6.3,6,No,Medium,Tier 1,Yes,High,Placed
Female,CSE,8.22,71.3,75.4,0,7.5,88.8,8,1,5,2,5,5,2,6.3,3,No,Medium,Tier 2,Yes,Low,Placed
Male,CSE,8.75,75.8,86.9,0,5.3,71.4,8,2,5,3,5,4,3,7.5,3,No,High,Tier 3,Yes,High,Placed
Female,CE,7.54,71.6,68.6,2,3.9,60.1,6,0,3,4,4,2,2,7.5,7,No,Low,Tier 3,Yes,Medium,Not Placed
Male,ECE,8.35,72.6,81.9,0,3.8,69.6,5,0,3,4,4,3,1,7.7,9,No,Medium,Tier 3,Yes,Low,Not Placed
Male,IT,9.53,80.5,91.2,0,5.8,74.4,8,3,5,3,5,5,4,7.5,6,No,Medium,Tier 1,Yes,High,Placed
Male,ME,9.63,89.1,88.7,1,3.5,69.3,6,3,5,3,4,3,3,5.4,3,No,Medium,Tier 3,Yes,High,Not Placed
Male,CSE,9.94,91.6,78.2,0,4.8,66.6,7,3,5,2,5,6,2,6.0,9,No,High,Tier 3,Yes,Medium,Placed
Female,IT,8.55,76.8,64.8,0,5.0,73.0,8,3,5,2,4,6,5,8.0,5,No,High,Tier 1,Yes,High,Placed
Female,CSE,7.31,66.9,72.2,0,0.0,56.2,6,2,4,5,3,5,3,4.6,4,No,Medium,Tier 3,Yes,Low,Placed
Male,ECE,6.34,57.6,59.0,1,1.0,57.8,2,0,1,4,3,0,1,7.4,3,No,Low,Tier 1,Yes,Low,Placed
Male,ECE,6.24,59.2,57.8,1,5.7,68.6,2,1,1,2,4,0,1,6.9,6,Yes,Low,Tier 2,Yes,,Placed
Female,CSE,8.64,82.0,75.5,0,4.9,72.5,8,1,5,4,4,5,1,8.0,2,No,Medium,Tier 2,Yes,Medium,Placed
Male,ECE,9.18,85.2,80.6,0,0.0,65.8,7,1,5,4,4,4,3,7.5,3,No,Low,Tier 3,Yes,Low,Placed
Male,CSE,7.73,74.1,68.6,1,0.0,58.2,5,1,3,1,4,4,3,6.2,8,No,Medium,Tier 1,Yes,Low,Placed
Male,ECE,9.16,90.6,80.2,0,6.9,71.3,5,2,4,5,4,4,1,6.1,6,No,Medium,Tier 2,Yes,Medium,Placed
Female,ECE,7.64,71.1,70.6,1,5.3,84.0,3,2,2,1,5,0,4,6.4,3,Yes,Low,Tier 2,Yes,,Placed
Female,CE,8.56,76.8,80.5,0,6.8,71.5,2,3,3,5,4,3,3,7.7,2,No,High,Tier 2,Yes,,Placed
Male,IT,9.24,75.3,78.4,1,2.1,65.7,8,2,5,1,5,4,4,4.2,3,No,Low,Tier 2,Yes,Low,Placed
Male,CSE,8.57,70.6,81.1,1,2.8,65.2,6,3,5,1,4,6,4,7.2,7,No,Medium,Tier 1,Yes,Low,Placed
Female,ECE,7.87,72.7,71.4,0,7.6,79.6,1,1,1,4,2,1,0,5.9,8,No,Medium,Tier 3,No,Low,Not Placed
Female,ECE,8.75,77.5,78.2,0,4.8,71.6,6,4,4,4,3,4,7,7.2,6,No,Medium,Tier 3,No,Low,Placed
Male,CSE,8.57,74.7,78.4,1,4.2,75.4,6,3,3,1,4,2,3,7.4,5,No,Medium,Tier 3,Yes,Low,Placed
Female,CE,9.34,86.9,78.7,0,3.7,70.6,7,2,5,3,5,3,3,5.0,5,No,Low,Tier 3,Yes,,Placed
Male,CE,8.2,77.4,70.6,0,0.5,65.8,7,1,5,1,4,6,1,6.7,8,No,Medium,Tier 2,Yes,Low,Placed
Male,CSE,8.53,78.4,65.1,0,6.3,90.5,8,1,5,5,4,5,2,7.2,3,No,Medium,Tier 2,Yes,High,Placed
Female,ECE,7.58,66.3,69.9,0,0.0,63.5,4,1,3,3,4,5,2,7.1,5,No,High,Tier 2,Yes,Low,Placed
Male,CSE,7.07,73.5,63.5,0,5.3,79.1,6,0,5,3,4,5,4,6.9,8,No,Medium,Tier 1,Yes,Medium,Placed
Female,ME,6.29,56.2,55.8,0,4.2,71.0,5,0,4,1,3,3,3,5.5,6,Yes,Medium,Tier 3,No,,Placed
Male,CSE,7.88,75.5,69.9,0,4.6,78.0,5,1,3,5,4,4,0,5.7,7,No,Medium,Tier 1,Yes,Low,Placed
Male,IT,9.34,83.0,86.1,0,2.8,69.5,8,3,5,5,4,4,3,5.3,8,No,High,Tier 3,Yes,Low,Placed
Female,CE,9.5,80.3,82.1,0,6.9,77.9,7,2,4,2,5,2,3,7.7,1,No,Low,Tier 1,Yes,High,Placed
Male,ECE,8.02,72.6,73.4,0,2.8,68.4,2,1,1,1,5,2,2,6.9,3,Yes,Medium,Tier 3,Yes,Low,Not Placed
Female,ME,8.96,93.1,85.9,0,4.0,69.6,4,4,2,2,5,1,1,6.9,7,No,Medium,Tier 1,Yes,Medium,Placed
Male,IT,9.17,87.4,73.1,1,4.0,75.5,7,4,5,5,4,6,2,5.0,10,No,Medium,Tier 1,Yes,Medium,Placed
Male,ME,7.44,66.5,65.7,1,3.3,62.7,4,3,2,1,3,1,2,7.0,10,No,Low,Tier 3,Yes,,Not Placed
Male,CSE,8.01,74.9,68.0,0,4.8,74.0,7,3,5,4,4,6,4,7.8,4,No,Medium,Tier 1,Yes,High,Placed
Female,ECE,10.0,88.4,95.5,0,5.4,80.2,8,2,5,4,4,6,4,4.8,7,No,Low,Tier 3,Yes,Low,Placed
Male,IT,7.5,71.0,69.5,0,3.8,77.3,2,2,2,2,4,3,1,6.4,4,No,Medium,Tier 2,Yes,,Placed
Female,ME,7.9,80.8,74.7,0,5.3,74.6,8,2,5,1,3,5,3,5.1,6,Yes,Medium,Tier 1,Yes,Low,Placed
Male,ME,7.96,69.0,75.3,0,5.3,79.6,4,1,2,3,3,2,0,6.5,10,No,High,Tier 3,Yes,Low,Not Placed
Female,IT,7.47,68.6,75.8,0,4.8,80.0,3,2,2,4,3,3,1,5.9,5,Yes,Medium,Tier 2,Yes,,Placed
Male,IT,7.05,65.4,65.1,0,7.0,80.2,8,2,5,1,3,5,5,7.5,3,No,Low,Tier 3,Yes,Medium,Placed
Female,IT,9.13,80.3,77.9,0,7.2,88.6,7,2,5,4,5,6,3,7.2,2,No,Low,Tier 2,Yes,Low,Placed
Female,CSE,7.58,66.1,70.4,0,3.2,67.8,5,3,3,1,4,3,2,8.5,8,No,High,Tier 2,Yes,Medium,Placed
Female,ECE,8.9,81.0,78.0,0,3.4,63.6,8,3,5,1,4,4,2,6.9,2,Yes,Low,Tier 2,Yes,,Placed
Female,CE,7.79,66.9,72.0,1,5.4,72.4,4,1,2,2,4,4,2,7.4,5,No,Medium,Tier 1,Yes,High,Not Placed
Female,CE,9.76,93.0,88.0,0,3.9,71.0,7,4,4,5,5,6,4,6.3,2,Yes,Low,Tier 2,Yes,,Placed
Female,ME,7.87,70.0,66.5,0,4.6,77.7,1,2,1,5,4,2,3,5.7,7,No,Medium,Tier 2,No,Medium,Placed
Male,CSE,6.96,62.0,61.5,3,1.7,58.2,6,0,4,1,3,4,4,8.0,3,No,Medium,Tier 2,No,Medium,Placed
Male,CE,7.52,63.0,59.1,0,3.5,70.6,3,3,3,1,4,3,4,8.5,9,No,Medium,Tier 2,Yes,,Placed
Female,CE,8.37,71.2,73.5,0,4.2,80.2,6,1,4,4,4,5,4,7.8,2,Yes,Medium,Tier 2,Yes,,Placed
Female,CSE,9.26,80.9,82.5,0,2.2,64.9,8,4,5,1,5,5,6,7.2,10,No,High,Tier 1,Yes,,Placed
Female,ECE,7.31,63.4,59.4,0,0.7,64.4,6,2,4,1,3,3,6,5.8,4,Yes,Medium,Tier 2,Yes,Low,Placed
Male,CSE,7.1,58.8,61.6,0,6.6,79.9,2,2,2,5,4,2,3,8.4,8,No,Medium,Tier 2,Yes,,Placed
Male,ECE,9.81,92.5,97.9,0,0.9,62.8,8,2,5,4,5,6,6,7.7,3,No,High,Tier 1,Yes,Medium,Placed
Male,CSE,7.06,70.7,66.2,0,7.1,76.2,3,1,2,3,3,2,3,9.0,7,No,High,Tier 1,Yes,Low,Not Placed
Female,ECE,10.0,89.2,83.4,0,6.3,73.0,7,4,5,4,4,5,3,5.6,10,No,Medium,Tier 1,Yes,Medium,Placed
Male,ECE,6.7,55.8,58.2,1,4.6,74.3,7,1,5,5,4,4,6,8.0,5,No,High,Tier 3,Yes,,Not Placed
Male,ME,8.33,70.8,69.8,0,4.9,77.4,8,3,5,2,4,4,6,7.7,2,No,Low,Tier 3,Yes,High,Placed
Male,ME,8.07,73.7,76.9,0,5.5,79.0,1,2,1,1,4,1,1,6.6,7,No,Medium,Tier 1,Yes,,Placed
Male,IT,9.14,82.8,78.2,0,3.2,72.9,8,3,5,4,5,5,2,8.6,7,No,High,Tier 1,Yes,Low,Placed
Male,CSE,8.72,70.7,76.0,0,3.3,72.3,8,1,5,4,5,4,5,7.5,3,No,Low,Tier 3,No,,Placed
Male,CSE,10.0,79.5,94.8,0,3.6,69.9,8,3,5,4,5,5,1,5.9,8,No,Low,Tier 2,Yes,,Placed
Female,IT,6.98,63.3,64.5,2,4.7,70.7,6,2,5,4,3,6,5,6.9,5,No,Medium,Tier 3,Yes,Medium,Not Placed
Male,CSE,6.12,58.8,54.2,1,2.7,72.6,3,0,2,1,3,3,2,5.9,3,No,Medium,Tier 3,No,Medium,Not Placed
Male,IT,9.47,91.3,85.4,0,3.0,65.7,5,3,4,1,4,4,1,6.4,1,No,Medium,Tier 2,Yes,Medium,Placed
Male,IT,10.0,86.9,86.4,0,8.0,84.1,6,4,4,1,5,3,8,7.8,2,No,Medium,Tier 1,Yes,Medium,Placed
Male,ECE,9.67,92.7,94.7,1,4.6,64.0,7,4,5,5,5,5,5,8.2,7,No,High,Tier 3,Yes,High,Placed
Male,IT,8.91,79.0,75.0,0,1.7,72.6,6,2,4,1,4,4,6,7.3,3,No,Medium,Tier 3,Yes,Medium,Placed
Male,CSE,9.6,80.6,88.4,0,5.7,74.9,7,1,4,3,4,2,2,6.1,9,No,Low,Tier 2,Yes,Low,Placed
Female,ECE,6.64,68.9,62.8,2,3.4,60.8,3,2,2,5,3,2,2,7.5,4,Yes,High,Tier 2,No,Low,Placed
Male,ME,7.78,61.9,78.2,0,2.8,75.2,2,0,1,1,4,3,3,7.9,10,No,Low,Tier 2,Yes,,Placed
Female,ECE,8.95,79.7,79.7,0,8.9,86.5,7,2,4,4,5,4,3,4.6,7,Yes,Low,Tier 2,Yes,Medium,Placed
Female,IT,8.12,69.9,67.8,0,4.1,72.1,8,3,5,2,3,6,1,7.1,9,Yes,Low,Tier 3,Yes,Low,Placed
Female,CSE,8.73,80.5,80.3,0,2.4,75.5,5,3,3,3,4,5,3,6.8,4,No,Medium,Tier 3,Yes,Medium,Placed
Male,ECE,8.1,77.7,68.4,0,2.8,66.2,5,4,3,5,4,3,0,8.1,8,Yes,Low,Tier 2,Yes,Low,Placed
Male,ME,8.03,63.2,68.7,0,4.3,80.0,7,2,5,3,3,5,0,7.5,5,No,Low,Tier 3,Yes,High,Placed
Male,ME,7.27,62.3,58.8,1,4.3,66.5,7,3,5,5,4,4,2,7.6,6,No,Medium,Tier 1,Yes,High,Placed
Male,CSE,8.21,78.7,69.8,1,4.9,76.9,3,2,2,5,5,2,0,6.4,8,No,Low,Tier 1,Yes,Low,Placed
Female,ECE,6.64,55.5,58.6,0,0.6,63.3,7,1,4,4,3,4,3,7.0,4,No,Medium,Tier 2,Yes,High,Placed
Male,IT,7.98,64.1,66.5,1,1.8,69.1,3,3,2,3,5,2,3,8.1,6,No,High,Tier 1,Yes,High,Placed
Male,CSE,8.41,73.5,72.9,0,3.6,65.9,8,1,5,4,4,5,2,6.9,10,Yes,Medium,Tier 2,Yes,High,Placed
Female,IT,7.73,66.6,73.0,1,2.9,60.7,4,3,3,1,4,2,4,7.2,2,No,Low,Tier 1,Yes,Low,Placed
Female,ME,8.48,80.3,77.7,0,1.8,76.8,5,2,2,4,4,0,1,5.2,10,No,Low,Tier 3,Yes,Medium,Placed
Male,CE,9.33,84.4,88.1,0,4.7,79.2,8,3,5,2,5,6,4,6.9,9,No,High,Tier 3,Yes,Low,Placed
Male,CE,7.66,65.3,72.6,1,4.9,73.6,1,1,1,4,4,0,3,4.6,10,No,Low,Tier 2,Yes,Medium,Not Placed
Male,CSE,8.25,79.1,75.1,0,7.4,84.8,8,2,5,3,4,6,2,6.4,10,No,High,Tier 1,Yes,Medium,Placed
Male,ME,8.9,80.1,78.6,0,5.4,73.1,5,1,3,3,4,4,1,7.1,6,No,Low,Tier 2,No,Medium,Placed
Male,IT,7.54,61.0,67.7,0,5.0,75.4,6,3,4,4,4,3,3,7.9,6,No,High,Tier 3,Yes,Low,Placed
Male,ECE,6.94,59.2,58.8,0,3.7,67.1,3,1,2,3,2,4,1,5.8,10,No,Medium,Tier 2,Yes,High,Placed
Male,IT,8.78,76.5,73.6,0,9.4,87.5,7,3,5,2,5,5,1,7.4,7,No,Medium,Tier 1,Yes,Low,Placed
Male,ECE,8.42,85.7,80.0,0,3.3,63.8,2,3,1,1,5,1,0,8.8,4,No,Medium,Tier 1,Yes,Low,Not Placed
Male,CSE,7.21,64.0,68.6,1,3.3,78.6,3,2,2,1,3,2,3,6.2,7,No,Medium,Tier 2,No,Medium,Not Placed
Male,ECE,8.91,73.8,82.0,0,5.9,77.0,3,3,3,3,5,2,5,5.1,10,No,Medium,Tier 1,Yes,High,Placed
Male,IT,6.77,60.2,59.9,1,0.8,59.0,6,2,4,3,3,2,2,7.3,1,No,Medium,Tier 3,Yes,High,Placed
Female,ECE,8.55,80.4,78.2,0,3.8,66.6,4,2,2,1,3,4,1,5.6,9,No,Medium,Tier 3,Yes,Medium,Placed
Female,IT,8.04,72.0,76.9,0,4.2,80.8,2,1,2,2,3,0,3,6.0,1,No,Low,Tier 1,Yes,,Placed
Male,IT,9.77,93.4,81.8,0,3.2,69.6,7,3,5,4,5,3,6,8.1,8,No,Low,Tier 2,Yes,,Placed
Male,ECE,9.48,89.1,84.5,0,6.1,85.4,8,2,5,1,4,5,5,9.0,10,No,Medium,Tier 1,Yes,,Placed
Male,CSE,8.42,79.2,81.8,0,5.0,76.1,8,2,5,1,4,5,2,5.8,9,Yes,Low,Tier 3,Yes,,Placed
Female,CE,8.6,80.8,78.1,0,4.6,76.9,8,2,5,1,5,3,0,6.1,1,No,Medium,Tier 2,Yes,Low,Placed
Female,ECE,8.07,79.0,76.5,1,4.1,73.5,0,3,1,3,4,1,2,6.5,1,No,Low,Tier 2,Yes,Low,Placed
Male,CE,5.64,56.2,59.2,3,3.3,63.9,4,1,3,3,3,2,3,6.3,4,No,Medium,Tier 2,Yes,,Not Placed
Female,ECE,7.91,65.7,77.3,1,0.0,66.6,5,4,3,5,3,3,0,9.0,7,No,Low,Tier 2,Yes,High,Placed
Male,ECE,9.62,81.2,80.4,0,5.1,76.8,2,4,2,1,5,3,2,6.4,6,Yes,Medium,Tier 2,Yes,Medium,Placed
Male,CE,7.72,72.4,75.1,0,5.9,74.8,7,2,4,3,4,5,1,6.5,5,No,Low,Tier 2,Yes,Medium,Placed
Female,ECE,7.47,62.8,69.2,0,4.0,72.0,8,2,5,1,3,6,3,8.9,9,Yes,Low,Tier 2,Yes,Low,Placed
Female,ECE,8.19,68.2,79.1,0,1.0,64.9,8,3,5,4,4,6,3,7.7,3,Yes,Low,Tier 2,Yes,Low,Placed
Female,ECE,7.09,68.3,50.8,1,3.0,67.0,6,3,5,3,4,4,4,8.2,4,No,High,Tier 1,Yes,Low,Placed
Female,ECE,7.41,64.6,70.3,0,3.0,64.9,7,3,4,1,3,4,1,5.9,6,No,Low,Tier 1,Yes,Low,Placed
Male,ECE,7.24,68.8,66.9,1,3.1,64.1,2,1,1,3,4,1,4,6.4,8,No,Medium,Tier 2,No,Medium,Not Placed
Female,IT,8.46,79.2,78.3,0,5.0,73.7,5,3,4,2,4,4,5,5.8,8,No,Low,Tier 2,Yes,Low,Placed
Male,ECE,9.87,89.0,83.3,0,1.4,69.6,7,4,5,2,5,6,4,8.0,10,Yes,Low,Tier 2,Yes,High,Placed
Female,ECE,8.17,77.9,75.0,0,3.6,67.8,5,3,4,4,5,3,1,8.5,9,No,Medium,Tier 3,Yes,High,Placed
Male,ME,8.05,75.0,75.7,0,3.7,68.3,6,1,4,5,3,3,4,6.3,10,No,Medium,Tier 1,No,Low,Placed
Female,CSE,8.55,81.3,84.8,0,7.0,79.5,8,1,5,4,4,4,2,6.6,9,No,High,Tier 1,Yes,Low,Placed
Male,CSE,8.85,72.7,82.1,0,4.8,72.6,4,2,3,1,5,2,5,6.6,4,No,High,Tier 1,Yes,High,Placed
Female,IT,8.07,71.8,75.6,1,3.1,70.6,7,1,4,2,5,4,3,5.1,10,No,Medium,Tier 2,Yes,Medium,Not Placed
Male,CE,9.65,79.9,86.9,0,6.8,79.8,6,2,4,3,4,4,3,6.2,7,No,Medium,Tier 2,Yes,Medium,Placed
Female,ME,9.87,87.2,82.2,0,1.6,62.1,7,4,5,1,5,4,3,7.9,3,No,Medium,Tier 3,Yes,Medium,Placed
Male,ME,7.85,65.6,74.4,0,2.7,68.9,0,2,1,1,3,2,0,5.9,8,No,Medium,Tier 1,Yes,,Not Placed
Male,CSE,7.7,64.3,69.5,0,0.4,65.6,6,2,3,3,4,3,3,7.1,1,No,High,Tier 2,Yes,,Placed
Male,ME,10.0,90.2,96.9,0,7.2,84.9,8,2,4,4,4,3,1,5.4,8,Yes,Medium,Tier 3,Yes,,Placed
Male,ECE,10.0,98.1,86.5,0,4.4,71.4,4,2,3,4,5,4,3,6.8,6,No,Medium,Tier 3,Yes,,Placed
Female,ECE,8.66,79.6,81.0,0,3.6,73.8,6,1,5,5,5,5,2,6.3,5,No,Low,Tier 3,Yes,Low,Placed
Male,ECE,9.36,85.5,83.4,0,6.5,79.5,6,3,4,5,4,3,5,5.5,9,No,Low,Tier 3,No,,Placed
Female,CSE,9.95,82.4,96.2,0,2.8,66.0,4,4,3,3,5,4,2,7.9,4,No,High,Tier 3,Yes,High,Placed
Male,CSE,8.1,81.5,69.9,1,3.1,60.3,4,2,3,5,4,3,2,8.0,5,No,Medium,Tier 1,Yes,Medium,Placed
Male,IT,9.2,83.9,83.7,0,6.2,80.1,8,2,5,4,4,6,1,5.8,6,No,Medium,Tier 1,No,Low,Placed
Female,ECE,7.79,75.7,69.3,0,2.8,67.7,2,2,2,1,4,1,2,6.7,9,No,Low,Tier 1,No,,Placed
Female,ECE,8.62,75.4,83.6,0,3.0,73.0,8,3,5,3,4,4,2,7.1,2,No,High,Tier 3,Yes,Medium,Placed
Male,CSE,8.82,82.7,81.7,0,4.1,81.4,7,2,5,4,4,5,4,4.8,3,No,Low,Tier 3,No,,Placed
Male,CSE,10.0,82.9,80.9,0,4.7,70.1,7,2,5,4,5,6,3,5.3,6,No,High,Tier 1,Yes,Medium,Placed
Female,CE,9.22,84.6,78.1,0,5.5,69.9,5,4,2,5,4,1,2,8.5,6,No,Low,Tier 2,Yes,High,Placed
Male,ECE,8.97,84.4,69.1,2,3.6,65.2,5,4,2,4,4,2,1,5.7,10,No,High,Tier 3,Yes,Medium,Placed
Female,ECE,8.71,86.8,81.8,0,0.6,63.8,7,1,5,1,5,4,4,8.5,9,Yes,Medium,Tier 3,Yes,,Placed
Female,CSE,9.72,97.7,73.8,0,4.7,72.4,7,3,5,1,4,5,2,5.4,6,No,Low,Tier 2,Yes,Medium,Placed
Female,CE,9.32,88.0,86.7,1,4.4,73.9,8,4,5,1,5,6,6,7.8,1,No,Medium,Tier 3,Yes,Low,Placed
Male,CSE,8.51,70.7,75.1,0,4.4,72.3,2,3,3,2,4,2,2,6.6,9,No,Medium,Tier 2,Yes,Low,Placed
Female,CSE,7.96,69.2,77.7,0,2.5,72.1,8,2,4,2,4,2,2,6.8,3,No,Low,Tier 2,Yes,Low,Placed
Male,ECE,8.58,74.9,72.6,0,0.2,60.7,3,2,3,1,4,3,2,9.0,6,No,High,Tier 2,Yes,High,Placed
Male,CSE,7.72,75.6,67.0,0,3.9,66.2,3,1,3,2,4,3,1,5.5,10,No,Medium,Tier 2,Yes,Low,Placed
Male,CSE,8.14,73.2,74.0,0,2.1,62.3,5,1,4,4,4,5,3,7.7,8,No,Medium,Tier 1,Yes,High,Placed
Male,ME,7.61,70.0,63.1,1,5.1,79.8,8,2,5,3,4,6,2,7.7,5,No,Low,Tier 3,Yes,,Placed
Female,ME,10.0,100.0,89.7,0,5.5,73.7,6,3,3,5,5,2,5,9.0,7,No,Medium,Tier 3,Yes,,Placed
Female,IT,6.57,58.6,54.3,2,0.9,65.8,6,1,4,2,3,4,3,5.7,10,No,High,Tier 3,Yes,Medium,Not Placed
Female,ECE,8.56,72.0,79.9,1,2.6,68.2,6,4,4,5,4,5,1,6.2,9,No,Medium,Tier 2,Yes,,Placed
Male,CSE,8.38,78.1,78.9,0,7.4,86.5,7,1,5,2,4,6,3,8.0,2,Yes,High,Tier 2,Yes,Low,Placed
Male,CSE,6.73,56.1,65.6,1,3.1,76.3,8,0,4,5,3,5,6,6.8,9,Yes,High,Tier 2,Yes,,Placed
Male,IT,8.71,74.6,73.2,0,4.4,69.5,7,3,5,4,4,6,5,6.4,2,No,Low,Tier 1,No,Low,Placed
Female,ME,10.0,89.9,94.5,0,5.8,83.1,7,3,5,5,4,6,2,8.1,1,No,Low,Tier 2,Yes,Low,Placed
Male,CE,7.73,80.7,62.0,0,4.4,68.3,7,1,5,2,4,6,3,6.7,5,Yes,High,Tier 1,Yes,Medium,Placed
Female,CSE,9.17,80.9,76.2,0,6.2,82.9,8,3,5,5,5,6,5,5.9,8,No,Medium,Tier 1,Yes,Medium,Placed
Male,ECE,10.0,93.1,91.4,0,5.9,75.4,7,4,5,4,5,3,3,7.9,8,No,Low,Tier 3,Yes,High,Placed
Male,CSE,10.0,88.9,83.4,0,6.7,69.3,6,3,5,5,5,6,0,7.5,1,No,Low,Tier 1,No,Medium,Placed
Female,ME,8.4,76.4,81.4,1,4.3,83.1,2,2,2,3,4,2,4,6.6,1,No,Medium,Tier 3,Yes,Medium,Not Placed
Male,IT,8.03,79.2,76.5,0,3.2,69.1,3,1,3,2,3,0,4,6.6,10,No,Medium,Tier 2,Yes,Medium,Placed
Female,IT,8.14,77.0,84.5,0,1.4,67.9,5,2,5,2,4,5,4,5.9,5,Yes,Low,Tier 3,Yes,High,Placed
Female,ECE,9.11,82.2,79.8,0,4.8,73.2,7,4,5,4,4,4,4,7.9,10,Yes,Low,Tier 1,Yes,Low,Placed
Male,ECE,8.65,76.5,80.4,0,6.5,83.8,4,4,2,2,4,2,1,6.6,5,Yes,High,Tier 2,Yes,Low,Placed
Male,IT,8.75,86.4,79.3,1,2.5,63.8,7,3,5,1,5,6,4,6.1,7,No,Medium,Tier 2,Yes,Medium,Placed
Male,ME,8.14,82.1,72.8,0,2.7,65.8,5,4,4,3,5,3,3,5.5,5,No,Medium,Tier 3,Yes,Low,Placed
Female,CSE,7.83,70.9,77.8,0,3.3,72.9,5,4,4,2,4,5,3,7.5,1,No,Medium,Tier 2,Yes,High,Placed
Male,ECE,8.82,83.8,77.9,1,2.2,66.1,5,2,3,3,4,3,8,6.4,1,No,Medium,Tier 1,Yes,Medium,Placed
Female,CSE,7.57,73.6,68.4,0,4.3,68.1,7,2,4,3,4,4,6,4.6,10,No,Medium,Tier 3,Yes,Low,Placed
Female,ECE,7.21,61.3,67.7,0,3.0,71.2,3,3,2,4,4,1,4,5.6,6,No,Medium,Tier 2,Yes,Medium,Placed
Female,ECE,8.2,73.0,78.6,2,1.6,66.6,6,3,4,1,4,4,0,6.7,3,No,Low,Tier 1,Yes,Low,Not Placed
Male,ME,7.39,70.2,63.2,0,2.3,66.1,1,0,2,5,4,0,4,6.8,5,No,Medium,Tier 2,Yes,High,Placed
Female,ECE,8.73,80.0,83.8,0,6.9,77.5,7,2,5,4,4,4,6,6.7,1,No,Medium,Tier 2,Yes,High,Placed
Female,CSE,9.55,82.9,89.4,1,4.2,72.1,8,3,5,5,4,4,2,6.5,3,No,High,Tier 1,Yes,Medium,Placed
Male,ECE,8.17,70.6,73.9,1,6.9,84.8,8,1,5,4,4,5,2,5.2,6,No,Medium,Tier 2,Yes,,Placed
Male,IT,7.0,67.0,61.1,1,2.9,66.9,6,1,4,2,4,3,2,6.0,6,No,High,Tier 1,Yes,Low,Placed
Female,ME,8.44,71.3,83.0,0,1.1,55.2,5,2,3,4,4,3,4,8.4,10,Yes,High,Tier 2,Yes,Medium,Not Placed
Male,ECE,9.65,85.0,93.7,0,3.5,69.6,4,3,2,3,5,2,2,8.2,3,No,Low,Tier 3,Yes,High,Placed
Female,IT,8.61,73.4,72.8,2,7.3,81.7,7,3,5,1,4,6,4,7.7,4,No,Medium,Tier 2,Yes,,Not Placed
Male,IT,9.19,85.4,75.9,0,0.0,60.9,4,3,3,2,4,1,6,7.6,6,Yes,Medium,Tier 2,Yes,,Placed
Male,CSE,8.37,81.2,75.5,0,0.5,62.3,8,3,5,5,3,6,2,8.1,9,Yes,High,Tier 1,Yes,,Placed
Female,CSE,9.5,73.0,79.7,0,3.4,73.4,8,2,5,4,5,6,3,5.7,10,No,Medium,Tier 1,Yes,Medium,Placed
Male,CE,7.93,66.2,67.9,0,6.1,77.7,6,2,4,4,3,4,0,7.0,3,No,Medium,Tier 1,Yes,High,Placed
Male,IT,6.28,54.8,50.7,2,1.9,64.9,8,1,5,2,3,4,3,5.7,5,No,Medium,Tier 2,Yes,,Placed
Male,IT,8.77,83.4,83.8,1,4.3,74.2,8,3,5,5,4,6,2,5.7,9,No,Low,Tier 2,Yes,Low,Placed
Male,IT,7.81,63.2,66.6,1,3.9,63.2,7,0,5,3,4,5,2,7.4,10,Yes,Low,Tier 3,No,Medium,Placed
Male,ME,9.31,87.5,81.9,0,6.4,77.1,8,1,5,5,5,5,2,8.1,1,No,Medium,Tier 1,Yes,High,Placed
Male,ECE,9.76,95.2,91.3,0,8.6,83.7,3,4,3,3,5,2,2,6.8,1,No,Medium,Tier 2,Yes,High,Placed
Female,CSE,10.0,90.5,95.8,0,2.4,66.1,7,4,5,2,5,5,6,9.0,2,No,Medium,Tier 2,Yes,Medium,Placed
Male,CSE,7.66,70.9,66.7,1,3.3,64.1,7,1,5,2,5,6,1,7.3,6,No,Medium,Tier 2,Yes,,Not Placed
Female,ECE,10.0,89.7,94.0,0,3.9,72.2,4,4,2,1,4,3,1,6.1,3,No,Low,Tier 3,Yes,Low,Placed
Male,ME,7.39,58.8,71.5,1,2.4,65.8,7,1,4,4,3,4,2,5.7,10,No,Medium,Tier 1,Yes,High,Placed
Female,ME,9.52,83.3,80.5,0,7.5,75.2,3,2,2,4,5,3,1,8.2,5,No,Low,Tier 1,Yes,High,Placed
Male,CE,8.57,81.8,82.4,0,1.8,62.6,7,3,4,1,5,4,2,7.2,4,Yes,High,Tier 2,Yes,Medium,Placed
Female,CSE,7.92,75.5,74.4,0,6.5,79.8,7,2,5,4,5,4,0,7.8,8,No,High,Tier 2,Yes,Medium,Placed
Male,ME,8.36,78.7,69.6,0,3.1,74.8,6,4,4,3,3,3,2,4.0,10,Yes,Medium,Tier 1,Yes,High,Placed
Male,CSE,7.6,67.6,69.7,0,3.9,79.3,8,3,5,4,5,6,4,7.3,2,No,Low,Tier 1,Yes,Low,Placed
Male,ECE,6.48,61.6,52.6,0,4.2,72.0,4,0,3,1,4,4,1,6.4,5,No,Low,Tier 2,Yes,,Placed
Male,CE,9.17,82.8,79.6,0,3.0,74.7,5,3,3,2,5,5,2,5.3,5,No,Medium,Tier 2,Yes,Medium,Placed
Male,ME,9.6,77.9,84.8,0,5.6,81.8,4,3,2,1,5,4,1,6.9,7,No,Medium,Tier 1,Yes,High,Placed
Male,IT,7.34,61.6,70.7,1,4.9,77.4,6,1,5,2,3,5,4,8.3,2,No,Medium,Tier 2,Yes,Medium,Placed
Female,CSE,8.53,73.6,78.0,0,7.1,77.0,3,2,3,4,4,3,2,9.0,9,No,Low,Tier 2,Yes,High,Placed
Male,ECE,7.67,62.7,70.9,1,5.3,79.0,6,3,4,2,4,4,4,7.3,2,No,Medium,Tier 2,Yes,Low,Placed
Male,ECE,8.8,78.8,76.3,0,1.6,61.5,5,3,5,4,4,4,4,6.1,2,No,Medium,Tier 3,Yes,,Placed
Female,ECE,9.39,88.2,83.6,0,3.7,75.3,4,1,3,3,5,5,4,6.1,6,No,Medium,Tier 1,Yes,,Placed
Female,IT,8.18,82.8,66.3,1,7.2,80.6,8,3,5,5,4,6,3,8.2,3,No,Medium,Tier 3,Yes,High,Placed
Male,ME,6.0,50.8,56.4,1,2.9,68.0,2,0,1,3,3,2,1,5.8,5,No,Low,Tier 2,Yes,Low,Not Placed
Male,IT,9.14,79.2,83.7,1,7.0,84.0,5,3,3,3,5,2,0,7.7,10,No,Medium,Tier 3,Yes,,Placed
Male,CSE,9.39,89.1,89.0,0,5.4,84.2,6,2,5,2,5,5,5,7.4,2,No,High,Tier 2,Yes,High,Placed
Female,IT,7.79,66.9,73.9,0,5.6,79.1,5,1,4,4,4,2,1,7.2,5,No,Medium,Tier 2,Yes,Low,Placed
Female,CSE,7.11,69.6,53.6,0,0.0,69.3,7,1,5,2,3,5,0,5.1,7,No,High,Tier 3,Yes,High,Placed
Male,IT,7.23,65.2,61.6,0,4.8,70.1,8,2,5,4,4,5,1,6.6,7,No,Medium,Tier 3,No,Medium,Placed
Female,ECE,8.71,76.8,89.4,0,8.2,82.1,6,1,4,2,5,3,0,5.3,10,No,Low,Tier 1,Yes,,Not Placed
Female,ECE,8.8,78.1,79.8,0,2.3,65.8,7,1,4,1,4,3,2,6.3,8,No,Medium,Tier 1,Yes,Medium,Placed
Male,ECE,9.05,90.2,88.8,0,7.2,79.0,7,0,4,3,4,5,4,8.1,3,No,Medium,Tier 2,No,High,Placed
Female,IT,9.04,81.0,81.4,1,4.4,77.4,8,2,5,4,3,6,3,8.5,6,No,Medium,Tier 3,Yes,,Placed
Male,CSE,6.5,52.2,56.8,0,2.4,64.4,6,0,4,5,4,4,1,7.3,5,No,Low,Tier 2,No,High,Placed
Male,ECE,7.72,78.7,64.0,0,3.4,67.4,3,1,2,1,4,1,1,6.3,5,Yes,Medium,Tier 2,Yes,Low,Placed
Male,IT,8.92,84.2,81.3,0,0.6,54.8,7,1,5,1,4,5,4,8.9,10,No,Low,Tier 3,Yes,Low,Placed
Male,ECE,7.08,64.8,61.3,0,4.1,72.3,4,3,3,5,3,1,1,6.3,7,Yes,Low,Tier 3,Yes,Low,Placed
Male,CSE,7.57,53.6,71.9,2,4.8,80.0,8,0,5,2,4,4,4,5.6,6,No,Medium,Tier 2,Yes,High,Not Placed
Female,ECE,9.58,83.0,92.1,0,8.7,89.0,5,3,3,2,5,4,2,7.8,9,Yes,Medium,Tier 2,Yes,Medium,Placed
Male,ECE,6.47,57.9,53.7,2,4.8,84.6,1,1,1,2,4,3,3,7.5,10,Yes,High,Tier 3,Yes,Low,Not Placed
Male,IT,7.6,61.8,64.3,1,6.9,86.2,5,1,4,2,4,2,3,6.3,1,No,Medium,Tier 2,No,High,Placed
Male,CE,9.1,79.5,81.9,0,2.0,71.7,5,4,3,4,5,3,5,7.1,1,No,Medium,Tier 3,Yes,,Placed
Female,ECE,6.89,56.8,59.7,0,3.6,80.4,7,2,4,1,4,6,5,7.5,4,No,Medium,Tier 2,Yes,,Placed
Male,IT,7.69,70.8,68.7,0,4.6,77.0,8,1,5,5,3,5,7,7.2,6,No,Medium,Tier 2,Yes,,Placed
Male,ECE,8.63,81.8,78.2,0,2.3,61.0,4,3,2,5,5,2,2,7.6,8,No,Low,Tier 1,Yes,Medium,Placed
Male,CSE,7.4,70.4,74.5,0,3.6,73.9,8,2,5,4,3,4,6,6.4,1,No,High,Tier 1,Yes,Medium,Placed
Male,CSE,9.67,90.8,90.4,0,5.9,80.3,8,2,5,5,5,6,4,7.6,3,No,Medium,Tier 3,Yes,High,Placed
Female,ECE,9.46,81.8,92.3,0,8.9,85.8,7,3,5,1,5,4,3,7.0,4,No,High,Tier 2,Yes,Low,Placed
Female,CSE,8.1,81.5,68.3,0,5.6,73.1,6,1,4,2,4,4,3,6.4,10,No,Medium,Tier 2,Yes,Low,Placed
Male,IT,6.43,59.2,61.1,1,2.6,71.1,4,1,3,4,3,5,3,6.7,2,No,Low,Tier 1,Yes,High,Placed
Female,CE,8.2,64.0,81.3,1,3.9,70.7,2,3,2,2,3,2,1,6.9,9,No,Medium,Tier 2,Yes,Low,Placed
Female,CSE,6.38,60.2,57.2,0,1.9,63.9,1,0,2,3,3,2,1,5.3,6,Yes,Low,Tier 2,Yes,High,Not Placed
Female,ME,6.76,56.8,61.1,0,4.5,84.0,6,1,4,1,4,3,2,6.2,4,No,Medium,Tier 2,Yes,Low,Placed
Male,CE,8.9,78.9,78.3,0,7.0,87.7,7,4,5,2,5,5,1,7.1,4,No,Low,Tier 1,No,,Placed
Male,IT,8.74,80.0,80.2,0,4.6,66.6,5,2,4,4,4,3,5,5.4,4,Yes,Medium,Tier 3,Yes,Low,Placed
Male,IT,6.36,59.2,50.0,1,4.0,85.0,5,1,3,1,3,2,3,6.3,5,No,High,Tier 3,Yes,,Not Placed
Female,ECE,8.16,78.8,76.4,3,3.9,73.1,5,2,3,1,4,2,1,9.0,6,Yes,Medium,Tier 1,Yes,,Placed
Male,CE,8.91,81.2,80.2,1,4.4,77.1,4,3,2,2,4,0,4,5.6,4,No,High,Tier 2,Yes,Low,Placed
Male,ME,9.33,90.6,75.9,0,7.3,87.1,4,3,2,3,5,2,1,6.5,1,No,Medium,Tier 2,Yes,Low,Placed
Male,ME,8.77,76.9,82.5,1,5.5,82.9,5,2,4,1,5,6,2,6.0,5,No,Medium,Tier 2,Yes,,Not Placed
Female,CSE,7.82,75.8,76.7,0,1.9,70.4,8,2,5,1,4,6,3,6.9,5,No,High,Tier 3,Yes,Low,Placed
Male,CSE,9.14,75.8,81.5,0,2.8,65.1,5,1,4,5,4,5,3,6.0,7,No,High,Tier 2,Yes,Low,Placed
Female,ECE,8.66,71.4,78.3,0,6.4,82.4,2,2,2,4,4,1,1,6.7,10,No,Medium,Tier 2,Yes,Low,Placed
Female,CSE,9.36,86.7,77.4,0,4.8,79.9,8,3,5,2,5,5,3,6.1,10,No,Low,Tier 2,Yes,,Placed
Male,CSE,8.05,66.4,66.2,0,0.3,67.2,8,1,5,3,4,5,2,8.3,3,Yes,Medium,Tier 1,Yes,Medium,Placed
Female,CE,7.43,71.3,68.0,1,6.1,73.2,1,2,1,2,4,3,0,7.1,8,No,Low,Tier 1,Yes,Medium,Not Placed
Male,CSE,8.29,76.6,66.3,1,3.2,73.7,6,2,3,5,4,2,1,5.8,7,No,Medium,Tier 2,Yes,Medium,Placed
Female,ME,6.9,67.2,58.7,2,2.6,72.5,4,1,2,1,3,0,6,8.0,5,No,Medium,Tier 1,Yes,Low,Not Placed
Male,ECE,8.84,83.1,73.0,0,6.1,74.5,6,3,3,1,5,2,3,5.9,10,No,High,Tier 3,Yes,,Placed
Female,IT,10.0,95.6,87.9,0,6.0,81.4,6,4,5,5,4,5,6,5.1,4,No,High,Tier 3,No,Low,Placed
Female,ECE,8.18,79.0,77.9,2,3.8,70.4,5,3,4,2,4,3,1,7.0,10,Yes,Medium,Tier 3,Yes,High,Placed
Female,CSE,8.64,78.9,77.0,1,4.9,71.8,6,1,4,1,4,3,3,9.0,3,Yes,Low,Tier 3,Yes,Low,Not Placed
Female,ME,8.91,79.8,84.6,1,2.8,64.1,7,3,4,1,4,2,3,4.8,7,No,High,Tier 2,Yes,,Placed
Male,IT,8.45,81.7,75.3,0,2.5,66.3,5,4,4,3,3,3,1,5.4,3,No,Low,Tier 3,Yes,,Placed
Female,IT,10.0,98.9,94.3,0,3.3,73.9,4,3,4,5,5,5,1,7.9,6,Yes,Medium,Tier 1,Yes,High,Placed
Female,ECE,8.21,72.6,71.3,0,3.3,58.0,2,0,3,4,4,1,1,6.2,5,No,Low,Tier 1,Yes,Medium,Placed
Male,ECE,8.37,81.0,82.3,1,2.8,62.5,7,4,5,1,4,4,5,7.7,9,Yes,Medium,Tier 3,Yes,Low,Placed
Male,IT,9.61,85.4,83.9,0,5.8,75.0,6,4,4,3,5,4,2,6.0,6,No,High,Tier 1,Yes,Low,Placed
Female,CSE,6.93,60.7,63.1,1,4.2,78.6,3,1,2,4,3,3,3,7.2,6,No,Low,Tier 3,Yes,High,Not Placed
Female,ME,8.88,83.0,71.7,0,2.1,66.0,8,2,5,4,5,4,2,9.0,6,Yes,Medium,Tier 2,Yes,,Placed
Female,ECE,7.6,72.5,72.8,1,2.7,74.5,8,2,5,1,4,5,5,5.6,7,No,Medium,Tier 3,Yes,Medium,Not Placed
Male,CSE,7.6,71.3,60.8,1,1.6,62.7,5,1,4,4,4,5,3,8.2,9,Yes,High,Tier 1,Yes,Medium,Placed
Female,ECE,9.38,85.2,88.8,0,3.8,63.7,7,3,5,4,5,5,2,7.8,1,No,High,Tier 2,Yes,Low,Placed
Male,CSE,7.8,71.2,67.2,0,6.9,73.6,8,1,5,2,3,6,3,5.2,10,No,Low,Tier 1,Yes,,Placed
Female,ME,8.19,67.3,67.8,0,4.6,71.0,5,1,3,1,4,6,4,7.7,7,Yes,Low,Tier 3,Yes,Low,Placed
Male,IT,8.08,73.3,73.4,1,4.2,64.5,5,3,4,1,4,4,4,7.1,9,No,Medium,Tier 1,Yes,High,Placed
Female,CSE,8.02,79.0,67.4,0,1.0,63.5,7,2,5,2,4,4,2,7.1,2,No,Medium,Tier 2,Yes,Medium,Placed
Female,IT,8.23,79.9,77.5,3,6.7,89.6,7,1,5,5,5,6,1,7.4,3,No,Medium,Tier 1,Yes,High,Placed
Male,CSE,8.75,75.8,76.7,0,4.1,65.6,8,0,5,5,5,6,2,6.6,1,No,Low,Tier 1,No,Medium,Placed
Female,ECE,7.2,67.9,64.4,0,4.2,76.6,5,2,3,3,3,2,1,7.1,6,Yes,Low,Tier 2,Yes,High,Placed
Male,CSE,6.34,59.6,55.7,0,1.7,72.4,4,0,2,1,3,3,2,7.3,2,No,Medium,Tier 1,Yes,High,Not Placed
Female,IT,8.32,83.4,67.2,0,3.8,69.4,6,3,4,4,5,2,3,7.9,1,No,Low,Tier 3,Yes,Low,Placed
Female,CE,8.32,79.6,76.3,3,2.2,65.2,3,2,3,1,3,4,3,5.2,10,No,High,Tier 1,Yes,Low,Not Placed
Male,ME,8.63,79.4,75.2,0,2.6,61.4,8,3,5,4,3,4,3,8.5,9,No,Low,Tier 2,Yes,Medium,Placed
Female,IT,7.98,75.3,68.1,0,0.6,55.0,6,2,4,1,4,2,3,5.6,8,No,Low,Tier 2,Yes,Medium,Placed
Female,ME,7.37,63.0,65.2,0,0.1,61.3,5,1,3,5,4,2,3,7.9,8,No,High,Tier 1,Yes,Low,Placed
Male,IT,8.85,81.2,89.0,0,8.3,96.4,7,0,5,3,4,6,2,7.1,9,No,Medium,Tier 2,No,High,Placed
Male,CE,8.15,83.6,67.7,1,4.4,70.4,5,3,3,5,5,3,2,5.5,7,No,Medium,Tier 3,Yes,,Placed
Female,IT,8.86,80.1,70.5,1,6.3,82.1,6,1,4,4,5,4,6,7.6,2,No,Low,Tier 1,Yes,Low,Placed
Female,ECE,5.68,50.0,54.7,1,3.4,65.6,1,1,2,3,3,3,3,5.9,6,No,Medium,Tier 1,Yes,Medium,Not Placed
Female,CSE,8.06,79.0,70.0,2,3.6,67.6,3,3,2,1,4,2,2,8.3,3,No,Medium,Tier 2,Yes,Low,Not Placed
Female,ECE,5.82,50.8,50.0,0,1.9,60.5,3,2,2,5,2,1,0,6.1,10,No,Medium,Tier 2,Yes,Low,Placed
Male,CSE,10.0,85.5,86.5,0,5.2,71.9,6,3,4,4,5,4,3,5.2,9,No,High,Tier 2,Yes,High,Placed
Female,ME,9.33,91.7,88.9,0,5.5,77.1,7,3,5,4,5,6,2,8.8,10,No,Medium,Tier 2,Yes,Medium,Placed
Male,ECE,9.51,83.4,85.5,1,5.0,66.5,7,4,5,5,5,5,4,7.2,10,No,Medium,Tier 3,Yes,High,Placed
Male,ME,7.69,68.9,65.1,0,4.0,71.3,1,2,1,5,3,1,2,8.0,10,Yes,Medium,Tier 1,Yes,Medium,Placed
Male,CSE,8.21,72.8,74.2,1,4.6,63.2,7,4,5,4,4,6,4,6.0,8,No,Medium,Tier 2,Yes,Medium,Placed
Male,CSE,6.75,70.4,62.5,1,3.1,66.9,7,3,4,1,4,2,4,4.7,7,No,Low,Tier 2,Yes,Medium,Placed
Male,ECE,7.41,56.7,65.2,1,6.1,72.1,1,3,1,5,4,2,1,9.0,2,No,Medium,Tier 2,No,,Placed
Male,IT,7.53,70.8,69.1,1,1.3,70.9,8,3,4,4,4,4,2,7.0,9,No,Medium,Tier 3,Yes,Medium,Placed
Female,ECE,7.84,64.3,72.2,0,2.4,68.1,8,1,5,5,4,5,3,7.6,1,No,Medium,Tier 2,Yes,Low,Placed
Male,ECE,8.83,84.9,68.1,0,3.6,69.8,8,4,5,1,5,6,2,7.8,5,No,Medium,Tier 3,Yes,High,Placed
Male,CE,8.5,73.8,84.3,0,1.5,57.6,5,2,3,3,5,2,2,6.6,3,No,Medium,Tier 2,Yes,Low,Placed
Male,ME,7.4,65.3,68.3,2,0.9,62.5,8,2,5,3,3,5,2,7.3,8,No,High,Tier 1,Yes,Low,Placed
Male,CSE,9.11,80.8,73.5,0,3.6,69.4,8,2,5,2,4,4,3,8.9,8,No,Low,Tier 1,Yes,Medium,Placed
Male,ECE,7.26,65.9,69.8,0,3.1,70.5,7,1,4,5,4,4,3,7.0,2,Yes,Medium,Tier 2,Yes,Medium,Placed
Male,CSE,6.8,56.5,69.4,2,3.7,70.0,4,0,2,1,3,1,2,8.1,4,No,Medium,Tier 2,No,,Not Placed
Female,IT,8.54,82.2,78.2,0,4.0,68.1,5,1,4,2,4,5,4,4.6,10,No,Medium,Tier 1,Yes,,Placed
Female,CSE,9.04,78.3,80.5,0,5.2,75.5,5,2,4,5,5,4,3,8.3,8,No,Medium,Tier 2,Yes,High,Placed
Female,ECE,8.94,78.4,85.0,0,4.2,65.2,6,1,4,4,4,3,1,5.2,10,No,Low,Tier 2,Yes,Low,Placed
Male,CSE,6.89,57.0,60.7,0,7.5,68.6,3,0,2,4,4,2,0,8.2,10,Yes,Medium,Tier 1,No,,Placed
Male,CSE,7.8,75.3,67.9,0,4.4,68.5,5,2,3,3,4,0,1,7.5,2,No,Low,Tier 1,Yes,Low,Placed
Female,CE,8.56,76.2,76.5,0,7.1,74.2,6,2,4,5,4,4,5,6.9,9,No,High,Tier 3,No,Low,Placed
Male,CSE,8.88,87.7,81.5,0,6.1,84.1,7,0,5,5,5,3,2,6.9,8,No,Medium,Tier 2,Yes,Low,Placed
Male,CSE,10.0,74.7,90.9,0,6.3,85.2,5,2,4,1,5,5,4,6.7,9,No,High,Tier 3,Yes,High,Placed
Male,ECE,6.66,64.0,61.4,0,0.9,66.2,8,1,5,2,4,5,2,6.0,9,No,Medium,Tier 2,Yes,Low,Placed
Male,CSE,10.0,84.1,81.8,0,4.4,72.6,8,3,5,2,5,6,3,6.8,3,No,Medium,Tier 2,Yes,,Placed
Male,CSE,9.14,78.6,79.3,0,4.8,69.3,6,3,4,2,5,2,8,9.0,5,No,Medium,Tier 1,Yes,High,Placed
Male,IT,9.61,86.5,91.5,0,3.4,70.0,7,2,5,3,5,6,1,8.6,4,Yes,High,Tier 2,Yes,Medium,Placed
Male,CE,8.95,83.9,77.2,1,4.3,68.0,5,3,3,5,5,5,5,6.0,6,No,High,Tier 2,Yes,Low,Placed
Male,IT,7.13,78.3,56.1,0,2.0,62.0,6,3,4,1,4,4,3,7.3,10,No,Low,Tier 2,Yes,Low,Placed
Female,IT,8.28,70.8,84.5,0,6.9,76.7,7,2,5,4,4,5,1,7.1,5,No,Medium,Tier 1,Yes,High,Placed
Female,ME,8.54,73.5,86.5,0,4.0,76.1,7,3,4,2,4,4,4,6.8,2,No,Medium,Tier 1,Yes,Low,Placed
Female,CSE,6.89,58.8,68.7,0,4.8,72.8,3,1,3,4,3,3,3,5.8,6,Yes,Low,Tier 3,Yes,Medium,Placed
Female,CE,6.45,56.1,57.8,0,2.4,54.2,2,3,1,2,4,1,1,7.5,7,No,Medium,Tier 2,Yes,Medium,Placed
Female,IT,8.05,77.7,75.1,0,7.1,77.0,5,2,2,2,5,1,2,8.0,10,No,High,Tier 2,Yes,Low,Placed
Male,CE,9.06,82.0,77.3,0,5.7,76.4,3,4,3,3,5,3,2,6.0,10,No,Medium,Tier 2,Yes,Medium,Placed
Male,ECE,8.11,81.3,70.8,1,6.1,78.9,5,0,4,3,4,6,2,9.0,6,Yes,Medium,Tier 3,Yes,Low,Placed
Male,CSE,9.13,89.0,77.9,0,8.1,76.6,8,3,5,1,5,6,2,8.8,3,No,Medium,Tier 2,Yes,,Placed
Female,IT,8.28,78.0,78.1,0,3.6,73.9,3,4,2,4,4,1,2,7.7,4,No,Medium,Tier 2,Yes,High,Placed
Female,CE,9.36,82.5,100.0,0,5.2,80.6,5,4,3,1,5,3,3,5.5,8,No,Low,Tier 3,Yes,,Placed
Male,IT,8.85,70.6,78.7,0,5.0,77.0,8,2,5,4,4,3,5,7.5,8,No,Medium,Tier 3,Yes,Low,Placed
Female,CSE,9.0,80.5,86.1,0,2.9,68.9,6,2,5,4,5,5,3,7.3,7,No,High,Tier 1,Yes,Medium,Placed
Male,CSE,9.77,84.1,94.0,0,4.8,77.0,8,4,5,5,4,5,2,7.6,4,Yes,Medium,Tier 1,Yes,Medium,Placed
Female,CSE,7.02,62.9,64.9,1,2.4,69.1,5,2,4,3,4,4,7,8.9,2,No,Low,Tier 3,No,Low,Placed
Male,CE,6.39,55.9,61.0,2,3.9,66.8,4,0,2,3,3,2,1,6.8,3,No,Low,Tier 3,Yes,Medium,Not Placed
Male,CSE,7.56,66.2,69.6,2,0.8,67.2,5,2,5,4,3,5,5,9.0,6,Yes,Low,Tier 2,Yes,,Not Placed
Male,CSE,9.17,82.5,87.6,2,2.4,72.7,6,2,4,5,4,4,1,7.5,8,Yes,Medium,Tier 2,Yes,Medium,Placed
Male,IT,8.37,66.6,67.9,0,0.3,52.1,8,1,5,4,5,5,6,6.7,8,No,Medium,Tier 2,Yes,High,Placed
Male,CSE,8.52,74.2,78.1,0,7.0,73.5,8,2,5,5,5,6,4,9.0,6,No,Low,Tier 2,Yes,High,Placed
Male,IT,10.0,96.3,90.2,0,5.3,77.0,8,4,5,5,5,5,3,8.0,2,No,High,Tier 2,Yes,Medium,Placed
Female,ECE,9.12,87.1,81.7,0,3.1,70.8,3,4,2,5,4,2,3,6.5,3,Yes,Medium,Tier 1,Yes,Low,Placed
Male,IT,7.33,65.9,62.6,0,2.5,72.0,5,0,2,4,4,1,3,7.1,10,No,Medium,Tier 3,Yes,,Placed
Male,ME,9.9,80.8,96.3,0,6.3,83.5,2,2,2,1,4,1,2,7.8,6,Yes,High,Tier 3,Yes,Low,Placed
Female,IT,7.35,64.7,67.3,0,7.6,85.4,8,2,5,3,5,4,4,6.8,5,No,Low,Tier 2,Yes,Medium,Placed
Female,IT,9.18,79.9,88.5,0,5.6,76.5,7,1,5,1,5,5,2,7.2,1,No,High,Tier 2,Yes,,Placed
Male,CSE,8.03,73.2,73.5,0,6.7,75.3,4,2,2,1,5,1,3,6.0,1,No,Low,Tier 1,No,High,Placed
Male,CSE,7.98,72.6,77.5,2,4.0,76.5,8,1,5,5,4,5,1,5.0,10,No,Medium,Tier 2,Yes,High,Placed
Male,CSE,8.26,76.8,77.5,0,0.0,63.4,3,3,2,4,5,1,0,7.1,8,Yes,High,Tier 2,Yes,,Placed
Male,ME,9.16,75.5,81.8,0,3.8,76.0,8,3,5,5,4,6,3,7.2,8,No,High,Tier 2,Yes,Medium,Placed
Female,IT,8.59,67.9,83.9,1,4.3,66.5,5,1,3,4,4,3,2,7.6,5,No,Medium,Tier 2,Yes,Medium,Placed
Male,ECE,8.56,74.9,80.2,0,6.1,84.0,8,3,5,3,3,6,6,6.3,3,No,Medium,Tier 2,Yes,Low,Placed
Male,ME,6.48,53.1,57.8,0,3.2,75.0,5,0,4,2,4,3,2,5.4,5,No,Medium,Tier 3,Yes,Medium,Placed
Female,CSE,6.43,58.8,50.0,2,1.7,60.3,8,0,5,3,3,5,1,5.8,5,No,High,Tier 1,Yes,Low,Not Placed
Male,IT,5.55,50.3,53.2,2,0.4,62.2,7,1,5,5,3,4,2,8.3,1,No,Low,Tier 2,Yes,,Placed
Male,IT,8.82,73.1,89.5,0,5.3,78.1,6,3,4,3,4,5,5,6.2,3,No,High,Tier 3,Yes,Medium,Placed
Male,CSE,9.36,85.7,88.5,0,3.4,74.9,7,3,5,5,4,5,3,6.5,2,No,Medium,Tier 2,Yes,High,Placed
Female,ECE,5.11,50.0,50.0,1,1.8,64.5,7,0,4,4,2,3,4,6.6,8,No,Medium,Tier 2,No,Low,Not Placed
Male,CSE,9.35,92.2,80.4,1,5.2,74.2,6,4,4,2,5,4,1,6.3,10,No,Medium,Tier 2,Yes,Medium,Placed
Female,ME,9.74,82.0,79.4,0,5.6,76.6,4,4,3,5,5,4,5,6.2,10,No,Medium,Tier 3,Yes,Low,Placed
Male,ECE,8.42,74.8,80.6,0,3.6,66.1,2,1,1,5,3,0,1,6.0,6,No,High,Tier 1,Yes,High,Not Placed
Male,CSE,10.0,87.0,91.9,0,6.0,78.1,5,3,5,3,5,5,4,8.7,5,No,Medium,Tier 2,Yes,High,Placed
Female,ECE,8.74,88.1,73.0,1,5.3,78.6,2,4,2,1,4,3,4,7.8,2,Yes,High,Tier 1,Yes,,Not Placed
Female,ECE,7.32,57.1,64.3,0,3.7,74.3,7,1,5,1,3,5,1,8.5,2,No,Low,Tier 1,Yes,High,Placed
Female,ECE,8.24,77.9,72.6,0,3.6,69.4,1,3,1,5,3,1,1,8.7,2,No,Medium,Tier 2,Yes,,Placed
Female,ME,9.51,83.5,88.2,0,3.3,73.2,4,3,2,1,5,0,2,4.2,10,Yes,High,Tier 1,Yes,,Placed
Female,CSE,7.66,63.9,69.2,0,4.0,72.9,6,2,3,3,4,6,6,7.4,8,Yes,Medium,Tier 3,Yes,Medium,Placed
Male,CE,9.18,81.6,88.2,0,7.0,81.1,7,4,4,1,4,4,3,6.3,6,No,Medium,Tier 3,Yes,Low,Placed
Male,CE,9.22,84.0,92.5,0,6.4,89.0,3,4,3,2,3,2,1,8.3,8,No,Medium,Tier 2,Yes,Medium,Placed
Female,ECE,9.73,78.2,89.8,0,5.0,76.4,3,3,2,5,5,1,0,6.1,4,No,High,Tier 2,Yes,Medium,Placed
Male,CSE,6.76,59.5,50.4,0,7.6,82.2,6,1,4,3,4,1,0,5.7,10,No,High,Tier 2,Yes,,Placed
Female,CE,9.8,86.6,92.1,0,6.3,79.6,4,4,2,5,5,2,3,5.3,10,Yes,Low,Tier 3,Yes,Low,Placed
Female,IT,7.49,59.5,71.1,0,3.7,71.2,3,1,2,4,3,3,3,6.6,3,No,High,Tier 2,Yes,Low,Not Placed
Male,CSE,10.0,94.1,94.2,0,5.1,74.3,8,4,5,3,5,6,4,8.1,4,Yes,Medium,Tier 1,Yes,Low,Placed
Male,ECE,8.26,69.3,81.9,1,6.7,83.7,4,4,2,1,5,2,2,7.3,9,No,Low,Tier 3,Yes,,Placed
Female,CSE,7.75,76.1,75.8,0,4.2,73.1,8,1,5,5,4,5,4,5.6,10,No,High,Tier 3,Yes,,Placed
Male,ME,9.21,80.0,84.8,0,3.6,76.1,3,3,2,3,5,2,1,9.0,5,No,Medium,Tier 2,Yes,High,Placed
Female,CSE,10.0,79.3,80.2,0,7.6,82.1,7,4,5,4,5,4,5,7.8,10,No,High,Tier 3,Yes,High,Placed
Male,ECE,8.34,82.6,78.2,0,5.1,83.8,3,2,2,3,4,2,1,7.9,1,No,Low,Tier 3,Yes,,Placed
Female,ME,8.61,71.3,82.1,0,6.1,78.3,7,1,5,3,4,5,3,8.5,3,No,Low,Tier 2,Yes,Low,Placed
Male,ME,7.38,63.4,75.2,1,2.6,68.0,4,2,2,4,3,1,4,5.0,7,No,Medium,Tier 2,Yes,Medium,Placed
Female,ECE,7.99,68.3,78.8,0,5.8,74.8,6,1,4,2,3,4,3,5.9,6,No,Low,Tier 3,Yes,High,Placed
Male,ECE,8.94,77.7,87.2,0,3.6,72.6,8,4,5,2,4,6,8,8.0,4,No,Medium,Tier 1,Yes,Low,Placed
Male,ME,8.39,76.3,72.0,0,3.9,81.8,1,1,1,2,4,0,1,6.0,2,Yes,Low,Tier 2,Yes,High,Not Placed
Male,CSE,9.31,89.6,84.7,0,2.1,66.6,6,3,5,1,5,5,3,6.7,6,No,Medium,Tier 1,Yes,Medium,Placed
Female,CSE,7.39,56.4,56.7,0,3.6,74.9,8,3,4,5,5,5,3,6.9,10,No,Low,Tier 3,Yes,High,Placed
Female,IT,8.61,76.5,72.9,0,1.2,62.7,7,2,4,1,4,4,4,5.5,6,No,Low,Tier 3,Yes,,Placed
Male,CSE,9.24,88.3,84.6,0,6.3,66.6,3,2,3,1,4,3,2,6.6,1,No,Medium,Tier 1,No,High,Placed
Male,CE,7.76,70.1,68.2,0,2.9,76.9,5,1,4,4,4,5,2,8.1,10,Yes,Low,Tier 3,Yes,Low,Not Placed
Male,IT,8.25,75.7,73.3,1,4.7,76.7,7,1,3,1,5,3,1,7.9,6,No,Medium,Tier 3,Yes,High,Placed
Female,CSE,8.61,82.8,85.1,1,1.7,78.1,7,3,5,5,5,3,9,8.3,5,No,High,Tier 3,Yes,Low,Placed
Female,ECE,7.92,63.6,57.9,1,5.0,75.6,6,2,4,3,3,5,6,8.2,5,No,Medium,Tier 1,Yes,Medium,Placed
Male,ME,7.61,69.3,73.2,1,0.0,59.1,2,2,1,4,3,0,1,7.5,2,No,High,Tier 2,Yes,High,Not Placed
Male,IT,6.65,63.9,68.3,1,2.2,66.5,6,0,3,2,3,3,0,7.4,1,No,Low,Tier 2,No,Medium,Placed
Male,IT,7.76,72.1,71.7,0,6.7,83.6,8,1,5,1,5,5,4,7.3,8,Yes,Low,Tier 2,Yes,Medium,Placed
Male,CE,7.13,61.2,65.4,0,2.7,67.2,2,0,1,4,4,1,0,6.2,5,No,High,Tier 2,Yes,Low,Placed
Male,CSE,7.29,56.6,70.5,3,3.6,68.6,6,1,3,1,4,2,6,5.8,6,Yes,Medium,Tier 3,Yes,Medium,Placed
Female,ME,5.95,55.0,55.2,0,0.0,56.3,7,1,4,5,3,5,1,6.2,6,No,Medium,Tier 2,Yes,High,Not Placed
Male,ECE,7.23,62.2,62.8,0,6.7,80.3,4,1,2,2,4,1,3,6.6,3,No,Medium,Tier 3,Yes,,Placed
Female,ECE,9.1,84.9,89.1,0,3.5,75.1,4,1,2,3,4,2,2,6.2,6,No,Medium,Tier 1,Yes,Medium,Placed
Male,CSE,8.62,73.6,70.5,0,6.6,81.5,7,0,5,3,4,6,1,7.5,6,No,Low,Tier 1,Yes,High,Placed
Male,CSE,9.25,90.1,80.9,0,2.6,68.7,8,4,5,2,5,4,1,7.2,9,No,Medium,Tier 1,Yes,Medium,Placed
Female,CE,8.82,84.5,77.3,0,1.0,62.5,3,2,2,3,4,4,0,7.4,9,Yes,Medium,Tier 2,Yes,High,Placed
Female,ECE,8.58,70.9,76.5,1,6.8,75.3,8,3,5,2,5,4,5,7.4,1,No,Medium,Tier 2,Yes,High,Placed
Female,ECE,7.51,75.8,65.9,0,4.8,76.6,3,1,3,5,4,2,2,8.4,8,Yes,High,Tier 3,Yes,Medium,Placed
Male,ECE,8.38,68.7,67.1,0,4.2,69.6,8,2,5,5,4,5,8,7.0,9,No,Medium,Tier 2,Yes,Medium,Placed
Male,IT,7.99,74.9,76.4,0,2.8,69.4,8,2,5,3,4,3,1,8.2,2,No,Low,Tier 2,Yes,High,Placed
Female,CE,9.18,81.4,86.8,0,6.4,85.4,6,3,5,4,4,4,4,7.6,10,Yes,High,Tier 2,Yes,High,Placed
Male,CSE,5.88,52.3,50.9,2,0.3,59.8,5,0,3,1,3,5,5,8.4,6,No,Medium,Tier 1,Yes,High,Not Placed
Male,CSE,9.17,88.0,86.0,0,5.6,72.0,6,4,5,3,5,5,3,8.9,3,No,Medium,Tier 1,Yes,,Placed
Male,CSE,9.11,83.8,89.2,0,1.6,67.9,8,3,5,3,5,6,9,7.7,8,No,Low,Tier 2,No,Low,Placed
Male,IT,7.64,62.5,68.2,0,4.9,77.6,7,4,4,1,3,5,5,7.1,7,No,Low,Tier 2,No,Medium,Placed
Female,ME,9.47,82.6,89.6,0,8.0,79.5,2,3,2,5,4,2,2,7.1,8,No,Medium,Tier 3,Yes,Medium,Placed
Male,ECE,6.58,61.6,58.2,1,3.9,67.3,8,1,5,3,3,5,6,6.4,8,No,Medium,Tier 2,No,Low,Not Placed
Male,ME,7.64,74.1,72.4,0,3.8,73.5,8,2,5,2,3,4,4,6.4,7,No,High,Tier 3,Yes,,Placed
Male,ECE,7.63,72.9,79.4,0,3.0,74.5,1,3,1,1,3,2,2,8.1,1,No,High,Tier 2,Yes,Low,Not Placed
Male,IT,9.58,85.2,90.3,0,3.7,74.5,4,3,3,1,5,3,1,5.8,10,No,High,Tier 3,Yes,Medium,Placed
Male,ECE,10.0,88.2,88.6,0,3.1,66.8,8,4,5,4,5,4,5,8.9,10,No,Medium,Tier 1,Yes,High,Placed
Male,CSE,7.65,78.9,69.1,0,4.0,79.1,4,1,2,5,4,0,2,6.8,10,Yes,Medium,Tier 2,Yes,High,Placed
Male,CSE,9.56,90.5,83.3,0,3.4,68.1,4,3,4,5,4,5,4,9.0,8,No,Medium,Tier 2,Yes,Low,Placed
Female,ECE,8.85,78.7,79.9,1,3.7,77.1,8,4,4,3,5,4,4,6.2,6,Yes,Low,Tier 3,Yes,Low,Placed
Male,IT,8.02,72.4,69.2,0,2.9,75.0,4,2,3,1,5,2,4,7.3,2,No,Low,Tier 1,Yes,Low,Placed
Male,ECE,10.0,84.7,89.7,0,3.7,74.6,8,4,5,2,5,6,5,6.6,2,No,Medium,Tier 2,Yes,Low,Placed
Female,IT,7.91,69.5,61.9,1,3.9,68.0,7,2,4,5,4,2,2,6.0,2,No,High,Tier 2,Yes,Medium,Placed
Female,CE,7.66,66.0,66.8,0,7.3,88.1,5,2,3,2,4,2,1,8.3,10,Yes,Low,Tier 2,No,Low,Placed
Male,CSE,7.69,67.3,68.6,1,7.2,91.3,6,2,4,4,3,3,2,5.7,7,No,Low,Tier 1,Yes,,Placed
Male,CSE,9.45,90.6,92.8,0,4.7,80.2,7,3,5,4,5,5,4,6.2,3,No,High,Tier 1,Yes,Low,Placed
Male,CSE,7.25,58.9,69.9,0,3.1,64.1,7,2,5,2,3,5,4,7.7,7,Yes,Low,Tier 2,Yes,Low,Placed
Female,CE,8.21,72.9,74.0,0,4.7,68.1,4,3,3,2,4,3,1,7.9,9,No,Medium,Tier 2,Yes,,Placed
Female,CSE,7.48,62.6,61.2,1,2.4,69.4,6,1,5,3,4,6,1,5.3,10,No,Medium,Tier 1,Yes,Low,Placed
Female,ECE,7.5,68.8,67.2,2,2.9,62.8,4,1,2,1,4,2,3,7.7,10,Yes,Low,Tier 2,Yes,Low,Not Placed
Male,ECE,7.95,78.3,69.9,1,4.1,73.4,7,3,5,1,4,5,2,7.2,10,No,High,Tier 1,Yes,Low,Placed
Female,CE,7.68,72.7,65.7,0,2.7,68.0,8,2,5,4,4,3,2,5.9,6,No,Low,Tier 3,Yes,Low,Placed
Male,CSE,9.75,88.9,91.6,0,2.7,64.1,8,4,5,5,5,5,1,6.1,5,No,Medium,Tier 2,Yes,Medium,Placed
Male,ECE,8.69,83.3,75.3,0,3.1,73.8,3,2,2,5,4,1,1,4.6,3,No,Low,Tier 3,Yes,High,Placed
Male,ECE,9.03,85.8,80.1,0,8.6,81.2,5,2,3,3,5,3,2,9.0,10,No,Low,Tier 2,Yes,Medium,Placed
Female,ECE,7.99,69.8,64.9,1,4.3,76.7,6,2,5,5,4,5,1,8.2,7,Yes,Low,Tier 3,Yes,Medium,Placed
Male,IT,6.6,50.9,59.8,0,0.5,60.9,8,2,5,4,3,6,9,5.5,4,No,Low,Tier 2,Yes,High,Placed
Female,CSE,7.73,75.4,74.0,0,4.4,73.4,7,3,5,4,3,6,4,8.0,8,Yes,Low,Tier 2,Yes,Low,Placed
Male,IT,8.53,70.9,73.7,0,4.9,74.2,8,3,5,1,4,6,4,6.3,4,No,Medium,Tier 2,Yes,,Placed
Male,ME,8.43,70.1,81.2,3,3.9,71.3,7,2,4,3,4,5,6,8.1,4,No,Medium,Tier 3,Yes,Low,Not Placed
Male,ME,8.45,74.7,81.0,1,5.2,83.5,8,1,4,4,4,3,2,6.4,10,Yes,Medium,Tier 2,Yes,Low,Not Placed
Male,ME,9.43,82.0,83.1,0,2.9,58.2,5,3,3,1,5,5,2,6.6,2,Yes,Medium,Tier 1,No,Medium,Placed
Female,ECE,7.84,64.7,77.0,0,3.7,78.1,2,2,2,3,4,2,1,6.7,6,No,High,Tier 1,Yes,,Placed
Male,CSE,9.84,88.1,94.3,0,3.8,61.2,8,3,5,3,4,6,2,6.2,3,Yes,High,Tier 2,Yes,High,Placed
Female,ME,8.02,70.7,75.3,0,2.6,73.4,8,3,5,2,4,6,2,8.7,6,No,Medium,Tier 2,Yes,,Placed
Female,ECE,8.27,76.8,85.1,0,2.1,65.7,8,3,5,5,4,2,2,8.1,7,No,High,Tier 1,Yes,High,Placed
Female,ME,8.44,76.0,80.9,1,4.2,75.3,2,3,1,5,4,2,0,7.1,3,No,Medium,Tier 2,Yes,High,Placed
Male,ECE,9.91,90.8,95.1,0,4.5,72.7,5,4,4,1,5,4,4,8.2,4,No,Medium,Tier 2,Yes,High,Placed
Male,IT,6.91,61.4,62.0,0,0.0,59.6,8,2,5,5,4,5,5,5.0,4,No,Medium,Tier 3,Yes,High,Placed
Male,ME,8.72,80.1,74.2,1,3.0,69.4,6,4,5,5,4,6,4,5.5,10,Yes,Medium,Tier 1,Yes,,Placed
Female,CSE,9.88,86.8,85.6,0,3.4,71.3,5,4,3,4,5,3,5,7.6,9,No,Medium,Tier 2,Yes,Medium,Placed
Female,ECE,8.4,75.0,75.6,0,4.4,69.5,2,1,1,1,4,1,2,7.9,5,No,Medium,Tier 3,Yes,Low,Placed
Male,CE,5.36,50.0,52.6,1,5.6,70.5,3,1,1,1,2,1,0,7.3,5,No,High,Tier 2,No,High,Not Placed
Female,CE,6.82,57.0,60.6,0,3.4,57.0,6,3,4,5,3,4,4,4.7,10,No,High,Tier 1,Yes,Low,Placed
Male,ECE,7.83,70.7,75.1,2,5.2,75.4,3,2,3,5,4,2,3,5.7,10,No,Medium,Tier 3,Yes,Low,Placed
Female,IT,8.6,86.6,68.4,0,1.2,75.7,7,3,5,5,4,4,4,7.5,1,No,Medium,Tier 2,Yes,High,Placed
Male,CSE,10.0,92.1,85.4,0,6.7,71.7,7,3,5,3,5,5,3,9.0,3,Yes,Low,Tier 2,Yes,,Placed
Female,ECE,7.86,68.3,68.0,0,3.9,80.1,5,1,3,1,3,4,3,8.5,7,No,Low,Tier 3,No,,Placed
Male,IT,7.7,62.0,65.1,1,1.0,64.2,8,1,5,3,4,4,5,8.9,3,No,Medium,Tier 3,Yes,Low,Placed
Female,IT,9.22,86.5,86.3,0,5.2,75.5,6,1,3,5,5,3,1,7.4,6,No,Medium,Tier 2,Yes,Medium,Placed
Female,ME,7.98,77.6,71.2,1,3.5,74.0,7,0,5,5,5,5,4,7.4,1,No,Low,Tier 1,No,Medium,Placed
Female,IT,8.67,80.6,74.3,0,7.7,81.7,4,2,3,1,5,4,0,5.8,10,No,High,Tier 2,Yes,Medium,Placed
Male,CSE,8.6,79.7,80.6,0,7.2,78.3,8,4,5,4,5,5,5,8.1,2,No,Medium,Tier 1,Yes,High,Placed
Male,IT,10.0,82.9,98.4,0,5.8,69.7,7,4,5,4,5,4,4,6.9,1,No,Medium,Tier 1,Yes,,Placed
Male,ECE,8.18,74.2,77.1,0,0.0,60.0,7,2,5,1,4,5,3,7.8,2,No,Low,Tier 2,Yes,Medium,Placed
Male,CSE,9.35,81.2,81.3,0,3.5,69.5,8,4,5,1,5,5,2,7.0,8,No,Low,Tier 3,Yes,Medium,Placed
Male,CSE,8.91,83.3,81.6,1,6.5,77.8,5,4,4,3,4,5,3,7.3,10,No,High,Tier 3,Yes,Medium,Placed
Female,ECE,9.72,82.1,84.1,0,5.7,81.8,6,3,4,4,5,3,0,6.9,6,Yes,Medium,Tier 2,Yes,Low,Placed
Male,CSE,8.8,78.8,83.4,0,2.2,64.9,8,2,5,2,4,5,6,7.3,9,No,High,Tier 2,Yes,,Placed
Male,ECE,9.37,88.1,85.5,1,3.8,75.5,4,2,2,3,5,2,3,8.2,3,No,High,Tier 1,Yes,,Placed
Male,CSE,8.32,71.3,81.5,0,5.2,69.2,8,3,5,2,3,5,0,5.5,10,No,Medium,Tier 1,No,,Placed
Male,CSE,6.26,54.5,56.9,0,0.8,67.3,7,0,5,2,4,5,2,5.2,6,No,Low,Tier 1,Yes,Low,Placed
Female,ME,6.32,61.2,58.0,0,1.0,69.5,7,0,5,1,3,6,3,7.5,7,No,High,Tier 3,Yes,,Placed
Male,ECE,7.94,80.3,64.1,0,8.9,87.0,6,2,5,4,3,6,5,8.7,10,Yes,High,Tier 1,Yes,Low,Placed
Female,ECE,9.34,87.7,74.8,0,3.4,70.4,6,2,4,4,5,5,6,9.0,10,No,Medium,Tier 3,Yes,,Placed
Male,CE,8.16,73.8,74.9,1,0.2,64.5,7,4,5,5,5,5,4,5.5,10,No,Medium,Tier 2,Yes,Medium,Placed
Female,IT,7.93,68.3,63.4,1,2.6,70.7,8,0,4,3,3,5,4,6.5,3,No,Medium,Tier 1,Yes,High,Placed
Female,CE,9.87,87.7,84.7,0,4.7,71.7,7,2,5,3,5,5,4,5.2,5,No,Medium,Tier 1,Yes,Low,Placed
Male,ECE,9.41,88.0,86.7,0,5.6,77.5,8,3,5,1,4,5,3,6.3,1,No,Medium,Tier 2,No,Medium,Placed
Female,CE,8.65,75.3,76.1,0,2.7,79.5,5,2,4,4,4,4,4,8.3,8,No,High,Tier 3,Yes,High,Placed
Male,CSE,8.91,77.9,74.8,1,1.6,62.1,6,2,5,1,5,3,2,7.0,2,No,Medium,Tier 3,Yes,Medium,Placed
Female,CSE,9.08,75.3,78.7,0,5.7,79.9,8,2,5,3,4,3,2,6.6,8,Yes,Low,Tier 2,Yes,High,Placed
Male,ECE,6.77,71.0,68.5,1,2.1,68.8,6,1,5,5,3,5,1,7.7,8,Yes,Medium,Tier 2,Yes,,Placed
Female,IT,8.17,78.4,74.2,0,3.5,70.9,8,3,5,1,4,4,5,6.0,8,Yes,Low,Tier 2,Yes,High,Placed
Female,CSE,9.29,81.6,86.0,2,5.3,82.0,5,2,4,1,4,3,3,8.9,4,No,Low,Tier 3,Yes,Low,Placed
Female,CSE,8.12,79.9,73.6,0,3.0,77.4,5,2,4,3,4,5,8,7.0,7,No,High,Tier 3,Yes,,Placed
Female,CSE,8.01,74.0,79.6,1,8.0,91.7,3,1,2,4,3,1,0,6.5,10,No,Low,Tier 2,Yes,High,Not Placed
Male,IT,6.26,51.7,58.2,2,2.3,71.1,3,1,2,3,3,1,1,7.7,9,Yes,Low,Tier 2,Yes,High,Not Placed
Male,ME,7.34,63.3,69.1,2,3.3,76.9,7,0,4,5,3,5,2,8.1,9,No,Medium,Tier 2,Yes,Low,Placed
Male,CSE,9.15,77.3,73.9,0,3.2,64.5,6,3,5,4,4,5,8,8.9,8,Yes,Medium,Tier 2,Yes,High,Placed
Male,ME,8.7,80.0,77.8,0,2.7,59.7,8,3,5,5,4,4,2,6.7,6,No,Medium,Tier 1,Yes,,Placed
Female,ECE,7.21,75.7,63.9,1,6.2,65.4,2,1,2,3,4,2,2,8.3,5,No,Low,Tier 2,Yes,Medium,Not Placed
Male,ME,8.81,79.3,73.7,0,3.3,67.3,8,2,5,4,5,6,2,7.1,10,Yes,Low,Tier 3,Yes,,Placed
Female,CSE,7.66,65.8,61.9,0,9.7,97.3,8,2,5,3,4,5,1,6.3,10,No,Low,Tier 2,Yes,Low,Placed
Female,IT,8.1,72.1,71.4,1,4.2,74.0,7,2,4,1,3,4,5,6.1,7,No,Medium,Tier 1,Yes,Medium,Placed
Female,ECE,8.96,89.1,94.1,0,4.4,69.1,6,3,4,1,4,4,2,5.7,10,No,Low,Tier 3,Yes,Low,Placed
Male,ME,7.72,73.2,64.4,0,0.9,74.8,7,0,4,4,3,4,2,6.1,2,No,High,Tier 1,Yes,,Placed
Female,CSE,6.89,62.8,63.2,0,2.8,64.2,3,0,3,4,3,2,2,8.3,5,No,Medium,Tier 1,Yes,Low,Not Placed
Female,ECE,5.89,50.0,52.4,1,5.4,71.8,5,0,3,5,4,1,2,7.8,8,No,Low,Tier 1,Yes,Low,Placed
Male,ECE,6.99,64.1,65.9,0,5.1,72.2,7,1,4,3,4,4,4,5.5,8,No,Medium,Tier 2,No,Medium,Placed
Female,ECE,7.4,63.0,76.2,0,1.9,69.9,8,2,5,5,4,4,0,4.9,8,No,Medium,Tier 2,Yes,,Placed
Female,CSE,8.7,85.3,68.0,0,3.1,63.0,6,3,5,3,4,5,1,5.7,3,No,Medium,Tier 2,Yes,High,Placed
Male,CE,6.9,57.2,57.4,1,0.0,62.6,6,2,4,2,4,3,1,6.1,2,No,Low,Tier 3,No,Low,Not Placed
Male,CSE,7.67,64.9,76.7,0,2.4,61.4,4,2,3,5,4,4,2,6.6,4,Yes,Medium,Tier 2,Yes,Low,Placed
Male,ME,8.38,78.3,77.3,0,7.5,85.1,5,3,3,4,4,2,4,8.4,7,No,Medium,Tier 3,Yes,Low,Placed
Male,IT,7.48,67.7,64.9,0,4.5,76.7,5,4,3,1,4,3,4,6.3,10,Yes,High,Tier 1,Yes,Medium,Placed
Male,ME,10.0,86.0,88.0,0,6.2,75.9,3,4,2,3,5,1,2,9.0,7,Yes,Low,Tier 3,Yes,,Placed
Male,CE,7.49,61.9,59.2,2,0.6,60.5,2,2,2,5,4,3,4,5.0,8,Yes,Medium,Tier 2,No,Low,Placed
Male,ME,7.21,74.0,66.6,0,4.2,62.2,7,2,4,3,4,4,1,6.6,10,Yes,Medium,Tier 2,Yes,Low,Placed
Male,ECE,6.05,54.0,54.9,1,3.8,73.0,7,0,5,5,3,4,4,7.9,10,Yes,High,Tier 2,Yes,High,Not Placed
Female,IT,8.25,74.8,74.4,0,2.8,67.8,4,4,4,4,4,6,1,8.0,8,Yes,High,Tier 2,Yes,,Placed
Male,CSE,9.56,86.6,83.4,0,3.5,65.1,5,3,4,2,4,3,2,6.6,9,No,Low,Tier 1,Yes,High,Placed
Female,ME,8.91,71.0,81.3,0,2.9,76.4,5,2,4,5,4,3,4,8.2,3,No,Low,Tier 3,Yes,,Placed
Male,CE,10.0,94.3,85.4,0,1.7,65.8,5,4,4,3,4,4,2,8.0,9,Yes,Medium,Tier 1,No,,Placed
Male,ECE,7.23,61.9,62.0,0,4.3,72.2,6,0,4,5,4,5,4,6.2,9,No,Low,Tier 1,No,Low,Placed
Male,ECE,9.35,81.0,86.0,1,5.7,84.0,7,4,5,5,4,5,4,7.4,2,No,Medium,Tier 2,Yes,,Placed
Male,ECE,6.7,60.6,58.3,1,2.4,57.6,2,1,1,3,3,1,1,7.8,5,Yes,Low,Tier 3,Yes,Medium,Not Placed
Male,IT,6.53,50.0,59.1,1,2.5,63.2,8,2,5,5,3,5,5,6.3,2,No,Medium,Tier 1,Yes,High,Placed
Female,IT,8.06,63.8,70.5,1,5.6,74.9,3,3,2,1,4,1,2,9.0,7,No,High,Tier 3,No,,Not Placed
Male,ECE,9.58,90.4,88.6,0,4.1,62.5,8,2,5,2,5,5,2,6.0,4,No,High,Tier 3,Yes,Low,Placed
Female,ME,9.94,92.8,86.9,0,3.3,68.0,2,4,2,4,5,3,4,7.2,6,No,Medium,Tier 2,Yes,Low,Placed
Female,IT,8.16,69.4,75.0,0,4.2,62.5,5,2,3,2,4,5,1,5.5,10,No,Medium,Tier 2,Yes,Low,Placed
Male,CSE,8.07,78.2,76.5,0,8.1,78.3,4,4,3,5,5,4,2,7.1,6,No,High,Tier 3,Yes,Low,Placed
Male,CSE,6.43,64.6,57.6,2,6.3,80.3,6,2,4,5,4,5,4,5.7,6,No,Low,Tier 2,Yes,High,Placed
Female,CE,8.24,67.4,73.1,0,7.4,81.0,1,3,1,2,4,2,2,6.6,6,No,Medium,Tier 2,Yes,,Placed
Male,IT,8.58,78.9,75.1,0,5.5,77.4,4,4,3,2,4,3,6,5.1,3,No,Medium,Tier 3,Yes,Medium,Placed
Male,IT,7.59,65.7,67.3,1,2.5,61.7,7,1,5,3,4,6,5,8.0,6,No,Low,Tier 3,Yes,Low,Placed
Female,ECE,6.23,50.0,63.5,0,3.1,67.6,1,0,1,3,3,0,2,7.4,10,No,Medium,Tier 3,Yes,Low,Placed
Male,CSE,8.03,65.7,77.7,2,2.5,65.5,6,3,4,4,4,4,5,8.3,9,Yes,Low,Tier 1,Yes,Low,Placed
Female,ECE,8.25,76.1,76.9,1,5.2,66.2,7,2,4,2,4,6,1,6.6,4,No,Medium,Tier 1,Yes,Low,Placed
Female,CSE,8.62,73.0,75.1,0,3.4,73.7,8,2,5,1,4,5,4,8.4,9,No,Low,Tier 1,Yes,,Placed
Male,CSE,7.26,70.9,72.0,2,2.3,73.7,2,3,3,2,4,3,2,7.0,6,No,Medium,Tier 2,Yes,,Not Placed
Male,CE,7.93,72.3,80.5,1,3.8,77.1,5,4,4,2,4,3,5,7.1,6,No,Low,Tier 2,Yes,Low,Placed
Male,CSE,8.12,83.7,64.2,0,1.2,54.8,7,2,5,2,4,4,3,9.0,4,No,High,Tier 2,Yes,High,Placed
Male,IT,8.82,71.3,79.0,0,6.0,82.2,8,3,5,5,5,5,7,6.4,9,Yes,Medium,Tier 2,Yes,,Placed
Male,ECE,7.69,77.7,70.1,0,2.1,63.8,7,0,5,2,4,5,8,8.5,5,No,Medium,Tier 3,Yes,Medium,Placed
Female,ME,8.11,78.4,70.8,0,5.8,86.5,7,3,5,2,4,6,1,7.6,1,No,Medium,Tier 3,Yes,Low,Placed
Male,CSE,7.27,64.6,57.8,0,4.9,74.0,6,1,4,5,3,2,5,6.3,7,No,Medium,Tier 3,Yes,High,Placed
Male,ECE,8.3,81.9,70.6,1,5.2,81.2,7,4,4,4,4,5,4,5.4,10,No,Low,Tier 1,Yes,Low,Placed
Female,CSE,7.03,62.7,70.2,0,1.7,59.2,8,1,5,5,4,5,4,5.8,8,No,Medium,Tier 1,No,,Placed
Female,IT,10.0,97.9,85.3,0,4.1,72.4,8,4,5,4,5,4,4,8.4,7,No,Low,Tier 3,Yes,High,Placed
Female,IT,8.03,68.1,69.1,0,3.0,82.1,8,3,5,1,4,6,3,9.0,7,No,Low,Tier 2,Yes,,Placed
Male,ECE,8.04,73.2,73.1,0,0.5,54.6,4,1,3,1,4,1,1,7.1,4,No,Medium,Tier 2,Yes,Medium,Placed
Female,CSE,9.39,84.0,84.5,1,6.9,81.6,4,3,3,5,4,2,3,7.2,4,No,Low,Tier 1,No,Medium,Placed
Male,IT,9.63,80.2,84.0,0,3.8,75.1,7,2,5,3,5,3,3,7.9,1,No,Medium,Tier 1,Yes,Low,Placed
Male,ECE,7.54,63.4,71.7,1,3.1,67.1,7,3,5,3,4,5,2,7.1,2,No,Medium,Tier 2,No,High,Placed
Male,CSE,10.0,91.1,93.7,0,6.7,76.1,2,4,3,4,5,3,5,8.3,3,No,Medium,Tier 3,Yes,High,Placed
Female,ME,10.0,89.1,85.6,0,5.9,84.1,3,3,2,4,5,2,2,7.3,5,No,Medium,Tier 3,Yes,High,Placed
Male,IT,8.69,79.8,71.7,0,10.0,91.7,5,2,3,1,5,2,4,7.2,10,No,Medium,Tier 2,Yes,High,Placed
Male,CSE,7.84,66.3,72.8,0,2.1,75.7,7,1,4,1,4,6,4,6.2,9,No,Medium,Tier 2,Yes,Low,Placed
Male,CSE,8.36,70.1,74.9,0,2.9,67.2,6,3,4,3,4,4,3,5.9,7,No,Medium,Tier 3,Yes,,Placed
Male,IT,7.88,68.1,73.2,1,7.9,85.5,4,3,4,1,4,2,3,4.0,8,No,Low,Tier 2,Yes,Medium,Placed
Female,CSE,8.03,73.5,72.0,1,2.3,61.9,5,2,4,5,4,6,2,8.5,7,No,Medium,Tier 2,Yes,Low,Placed
Female,CSE,7.14,63.2,61.7,0,2.5,72.3,8,0,5,5,3,6,4,6.8,5,Yes,Medium,Tier 3,Yes,,Placed
Female,ME,8.09,70.7,71.8,1,3.8,67.2,6,3,5,1,4,6,3,6.5,8,No,Medium,Tier 3,Yes,Low,Placed
Male,IT,8.44,79.3,82.7,2,7.3,84.8,7,0,5,4,5,5,6,4.7,8,No,High,Tier 3,Yes,High,Placed
Male,ECE,8.73,80.8,75.1,0,2.9,67.3,3,3,2,2,4,2,3,6.2,1,No,High,Tier 1,Yes,,Placed
Male,IT,9.08,84.0,80.7,0,8.6,85.6,8,2,5,5,4,4,3,6.1,6,No,Low,Tier 2,No,High,Placed
Male,ME,8.41,75.3,68.9,0,4.0,72.5,7,2,5,5,5,5,3,6.0,2,No,Low,Tier 3,Yes,Low,Placed
Male,CSE,10.0,86.4,82.5,0,6.7,80.5,4,4,3,1,5,3,2,7.4,4,No,Low,Tier 1,Yes,,Placed
Female,IT,7.37,60.0,60.1,0,3.3,70.4,2,1,3,3,4,3,7,7.1,4,No,Low,Tier 3,Yes,High,Placed
Male,ECE,7.35,64.5,57.1,1,2.0,59.5,8,2,5,5,4,5,4,5.4,10,Yes,Low,Tier 1,Yes,High,Placed
Male,CSE,7.5,68.1,61.5,1,5.1,77.4,6,1,5,4,4,3,3,5.4,10,No,Medium,Tier 3,Yes,Low,Placed
Male,ME,9.27,87.8,85.7,0,1.1,60.7,6,3,5,3,4,6,3,5.4,7,No,High,Tier 2,Yes,Low,Placed
Male,ECE,7.54,66.4,71.3,0,0.7,64.7,2,1,1,2,5,1,2,9.0,10,No,Medium,Tier 1,Yes,Low,Placed
Male,CSE,8.64,71.8,71.5,0,5.4,79.1,3,4,3,4,4,3,6,8.8,2,No,Low,Tier 2,Yes,High,Placed
Female,CSE,9.42,78.0,78.6,0,2.9,64.7,8,4,5,1,5,5,3,6.0,6,No,Medium,Tier 2,Yes,,Placed
Female,ECE,6.31,57.8,56.2,0,1.2,57.6,3,1,1,3,3,2,2,4.6,5,No,Medium,Tier 2,Yes,Low,Placed
Female,IT,6.98,66.8,74.3,2,2.8,70.6,7,3,5,5,3,4,4,7.2,9,No,High,Tier 2,Yes,Medium,Not Placed
Male,ME,8.37,68.7,71.8,0,5.1,75.1,4,1,3,4,4,4,2,7.1,6,No,High,Tier 3,Yes,Low,Placed
Male,IT,7.65,74.6,67.3,0,2.1,67.1,6,3,5,5,3,6,2,7.4,3,No,High,Tier 2,Yes,Low,Placed
Male,CSE,8.81,73.5,85.7,0,0.0,57.9,4,3,3,1,5,3,7,7.9,3,No,Medium,Tier 2,Yes,High,Placed
Male,CSE,6.54,55.3,64.6,0,3.7,69.6,5,2,3,4,4,3,0,7.5,5,No,Medium,Tier 1,No,High,Placed
Female,CSE,8.87,85.0,83.5,0,4.7,70.3,7,3,4,1,5,5,3,5.7,8,No,Low,Tier 3,Yes,High,Placed
Male,CSE,7.71,67.0,74.4,0,5.6,77.4,5,3,4,4,5,4,6,7.4,4,No,Medium,Tier 1,Yes,Low,Placed
Male,CSE,9.01,80.4,87.3,1,6.0,75.3,7,3,5,4,4,6,1,8.0,5,No,Low,Tier 2,Yes,High,Placed
Male,CE,9.29,85.6,81.0,0,3.7,61.6,6,3,4,5,5,4,2,6.1,3,No,Medium,Tier 3,Yes,Medium,Placed
Male,IT,10.0,96.0,92.5,0,7.8,83.6,5,4,5,5,4,6,3,7.4,10,Yes,Medium,Tier 1,No,,Placed
Female,IT,6.43,57.4,55.9,1,3.8,71.9,4,2,3,5,3,4,1,6.3,5,Yes,Low,Tier 2,No,Medium,Placed
Male,CSE,8.38,76.0,71.3,0,3.5,79.8,3,2,2,4,5,3,1,9.0,8,No,Low,Tier 1,Yes,,Placed
Male,IT,8.93,79.5,83.1,0,3.4,65.6,8,3,5,5,4,3,6,5.4,10,No,Low,Tier 3,Yes,Medium,Placed
Male,ECE,8.78,72.1,77.9,0,4.3,72.8,4,3,2,4,4,1,3,8.4,1,No,Low,Tier 2,Yes,Medium,Placed
Male,CSE,8.78,85.4,78.4,0,5.0,80.3,7,2,4,4,5,6,3,5.0,6,No,Low,Tier 3,Yes,Medium,Placed
Female,IT,7.97,57.1,77.6,0,6.8,81.5,8,1,5,3,5,3,1,9.0,2,No,Low,Tier 3,No,,Placed
Female,ME,7.79,71.6,72.0,0,2.9,72.2,2,1,1,5,4,3,2,5.6,6,No,Low,Tier 2,Yes,Medium,Placed
Female,CSE,7.39,72.2,65.8,0,2.4,68.3,4,2,3,1,4,3,1,7.2,5,No,Low,Tier 3,Yes,,Placed
Female,ECE,9.0,87.5,80.5,0,4.3,73.1,7,4,5,2,4,5,3,5.0,4,Yes,High,Tier 2,Yes,High,Placed
Male,CSE,9.94,85.3,82.6,0,3.1,69.3,7,4,5,5,5,4,7,5.4,7,No,Medium,Tier 2,Yes,Medium,Placed
Female,CE,7.78,72.0,73.4,0,1.8,67.2,6,2,5,4,4,5,3,8.1,7,No,Low,Tier 2,No,,Placed
Male,ECE,8.88,75.6,79.3,0,6.4,84.1,8,3,5,1,4,5,2,8.2,5,No,Medium,Tier 3,Yes,,Placed
Male,IT,6.52,55.2,57.5,0,6.3,86.7,7,0,5,4,3,4,3,7.3,7,No,High,Tier 2,Yes,Medium,Placed
Female,CSE,7.74,75.4,77.7,0,1.1,56.0,7,0,4,3,4,3,1,7.9,9,No,Medium,Tier 2,Yes,Low,Placed
Male,ECE,8.84,80.0,83.6,0,3.7,66.8,4,1,2,1,4,1,2,8.3,8,No,Low,Tier 2,Yes,Medium,Placed
Female,ECE,6.69,61.5,61.3,1,5.2,81.9,4,0,2,1,3,3,2,6.2,1,No,Medium,Tier 2,No,Low,Not Placed
Male,ECE,8.4,79.9,77.6,1,7.8,88.3,3,2,2,3,5,3,0,5.3,10,No,Medium,Tier 1,No,Medium,Placed
Female,ECE,7.72,74.8,75.1,1,3.9,72.2,0,1,1,4,4,1,0,7.0,10,Yes,Medium,Tier 2,No,,Not Placed
Female,CE,6.76,59.9,59.8,4,5.7,77.8,2,1,1,3,4,0,4,6.3,2,No,Medium,Tier 2,Yes,Medium,Not Placed
Female,IT,8.64,69.4,81.4,0,3.3,72.4,8,1,5,3,4,5,2,7.5,7,Yes,High,Tier 2,Yes,High,Placed
Female,IT,8.15,71.9,68.1,0,4.9,76.9,8,2,5,2,4,6,5,7.7,5,No,High,Tier 2,Yes,Medium,Placed
Female,IT,8.96,83.7,81.8,1,5.8,74.6,5,2,4,5,4,4,2,6.2,1,No,Medium,Tier 2,Yes,,Placed
Male,IT,8.96,72.8,72.5,1,4.7,67.1,6,3,5,3,4,5,3,7.8,3,Yes,Medium,Tier 3,Yes,High,Placed
Male,ME,7.8,67.7,71.0,2,4.1,68.4,4,2,3,1,3,3,1,7.8,3,No,Medium,Tier 3,Yes,,Not Placed
Male,IT,8.82,77.3,85.7,1,5.9,77.0,5,4,3,1,4,2,3,7.9,10,No,High,Tier 2,Yes,Medium,Placed
Female,ECE,8.27,75.6,71.9,0,6.7,80.1,4,4,2,4,3,4,4,6.5,5,No,Low,Tier 1,Yes,Medium,Placed
Male,ECE,8.48,73.1,76.6,1,4.3,69.9,7,1,4,1,4,5,2,7.9,8,Yes,High,Tier 3,Yes,Low,Placed
Female,ECE,8.05,72.7,69.0,0,6.1,87.7,8,2,5,2,4,6,9,7.6,6,No,Low,Tier 3,Yes,,Placed
Male,ECE,9.0,75.3,82.1,0,2.9,64.3,4,4,3,3,5,3,1,7.8,4,Yes,Medium,Tier 2,No,,Placed
Male,CSE,9.02,83.6,75.6,0,3.2,65.0,8,4,5,4,4,4,5,9.0,6,No,High,Tier 1,Yes,High,Placed
Female,IT,8.59,79.4,71.7,0,7.1,80.5,7,1,5,2,4,6,6,7.4,4,No,Low,Tier 1,Yes,High,Placed
Male,ECE,8.12,89.9,75.4,1,0.0,55.0,7,1,5,5,4,5,2,6.3,4,Yes,Medium,Tier 1,No,Low,Placed
Male,CSE,7.79,65.1,65.3,1,3.5,77.1,8,2,5,3,3,6,2,5.7,6,No,Low,Tier 1,Yes,,Placed
Male,ECE,8.55,74.9,84.5,0,4.4,73.1,4,1,3,4,5,3,2,8.4,9,Yes,Medium,Tier 3,Yes,High,Placed
Female,CSE,7.43,73.4,74.2,0,1.7,75.0,7,3,5,4,3,6,7,7.4,1,No,Low,Tier 2,Yes,Low,Placed
Female,CSE,9.89,81.0,84.1,0,6.2,86.0,8,2,4,3,4,3,3,9.0,3,No,Medium,Tier 2,Yes,Low,Placed
Male,CSE,7.89,84.7,82.4,0,3.9,70.3,5,3,2,1,3,1,3,4.6,10,No,Medium,Tier 3,Yes,Low,Placed
Male,ECE,7.84,68.1,70.3,0,5.4,72.5,7,1,4,3,4,3,3,8.1,8,No,High,Tier 3,Yes,Low,Placed
Male,ECE,8.81,71.6,79.4,0,7.0,82.9,6,3,5,4,4,6,2,6.7,10,No,High,Tier 3,Yes,Medium,Placed
Female,CE,6.81,63.5,65.5,0,6.5,86.2,7,1,4,4,3,3,2,6.6,9,No,Low,Tier 3,Yes,Medium,Placed
Female,CE,7.29,65.9,72.5,1,3.3,64.5,1,3,1,4,4,2,0,6.1,4,Yes,Medium,Tier 2,Yes,Low,Placed
Male,ECE,7.62,63.6,75.4,0,1.7,55.3,6,1,4,4,4,1,3,8.1,9,No,Low,Tier 3,Yes,High,Not Placed
Male,ECE,8.19,70.4,83.9,0,3.2,67.4,1,2,1,3,3,1,3,7.7,10,Yes,Low,Tier 3,Yes,Low,Placed
Male,ECE,8.24,77.6,76.3,2,4.3,69.0,3,0,3,4,4,2,3,5.6,10,No,Low,Tier 1,Yes,Medium,Not Placed
Female,CE,7.38,59.9,68.5,0,0.4,66.1,4,3,2,1,3,2,2,7.2,4,No,High,Tier 2,Yes,Low,Placed
Female,CSE,9.56,89.3,88.3,0,7.2,76.3,8,3,5,4,4,6,1,7.8,4,No,High,Tier 2,Yes,Medium,Placed
Male,CSE,7.11,60.7,64.8,1,4.2,75.0,4,1,2,5,4,1,0,7.2,7,No,Low,Tier 3,Yes,,Placed
Male,CE,8.02,85.4,65.3,0,3.5,67.3,7,2,5,4,4,5,3,8.3,7,Yes,Low,Tier 2,Yes,,Placed
Male,ECE,8.61,85.1,67.3,0,0.1,56.4,3,1,2,2,5,2,0,6.7,10,No,Low,Tier 2,Yes,High,Placed
Female,CSE,8.79,72.7,74.1,0,4.0,74.3,8,2,4,1,5,4,3,4.3,6,Yes,Medium,Tier 1,Yes,,Placed
Male,CSE,9.56,84.0,90.3,0,4.2,66.3,6,4,5,5,5,4,2,7.2,8,No,Medium,Tier 2,Yes,Medium,Placed
Female,IT,10.0,94.5,89.0,0,2.3,72.8,5,4,3,2,5,3,2,7.2,6,Yes,Low,Tier 1,Yes,High,Placed
Female,IT,7.65,54.1,63.6,0,4.6,75.1,4,1,3,1,3,2,0,7.4,2,No,Medium,Tier 2,No,Medium,Placed
Male,CE,8.11,68.4,79.0,1,3.7,66.9,7,2,5,4,4,6,3,8.3,10,No,Medium,Tier 3,No,,Placed
Male,ECE,6.99,60.5,59.9,1,0.8,73.1,4,2,3,4,4,3,2,4.7,5,No,High,Tier 1,Yes,Low,Not Placed
Male,ECE,7.4,59.0,55.2,0,5.4,84.3,4,0,3,4,5,3,3,6.7,7,No,Medium,Tier 2,Yes,High,Placed
Female,IT,9.26,83.4,77.2,0,8.9,77.2,8,2,5,4,4,4,2,5.9,10,No,Medium,Tier 1,Yes,Low,Placed
Female,IT,8.65,75.8,75.1,1,7.6,81.0,7,2,5,1,4,5,4,5.6,10,Yes,Medium,Tier 1,Yes,Medium,Placed
Female,CSE,8.35,71.0,71.2,0,5.0,72.8,8,3,5,3,4,5,7,6.9,1,No,High,Tier 2,Yes,Medium,Placed
Male,IT,9.0,88.0,80.4,0,4.6,69.9,6,1,5,2,4,6,8,7.8,7,Yes,Low,Tier 1,Yes,Medium,Placed
Male,CSE,7.36,70.5,67.6,0,1.0,69.1,7,1,4,4,3,4,0,7.4,10,Yes,Medium,Tier 2,Yes,Medium,Placed
Female,CSE,6.78,65.2,62.5,1,4.5,69.2,2,1,2,4,3,1,2,6.2,8,Yes,High,Tier 1,Yes,Low,Not Placed
Female,ME,9.08,81.9,81.1,0,3.4,69.1,7,3,5,3,3,5,4,6.8,3,No,Low,Tier 1,Yes,Medium,Placed
Male,ECE,7.02,64.8,68.0,1,0.0,58.7,8,1,5,1,3,3,3,8.1,8,Yes,Low,Tier 2,Yes,Medium,Placed
Female,IT,9.22,91.6,88.5,0,3.2,58.0,8,4,5,3,5,6,3,7.8,2,No,Medium,Tier 2,Yes,,Placed
Female,CSE,8.31,68.9,77.5,0,2.9,72.8,6,4,4,4,4,5,3,6.3,10,No,High,Tier 1,Yes,Low,Placed
Male,ECE,5.42,50.0,54.0,1,0.9,70.7,6,0,4,4,2,6,1,6.3,2,No,Medium,Tier 2,Yes,Medium,Placed
Female,IT,7.67,74.5,61.8,1,3.8,67.4,7,2,5,3,3,3,0,4.9,3,No,High,Tier 3,No,Medium,Placed
Female,IT,7.08,66.4,53.6,2,1.0,65.4,4,1,2,2,4,2,0,6.5,3,No,Medium,Tier 3,Yes,Low,Placed
Female,CSE,9.04,78.5,76.4,0,4.8,75.2,8,1,5,1,5,6,2,4.9,3,No,Low,Tier 1,No,Medium,Placed
Male,ECE,7.9,73.4,72.8,1,5.1,79.0,2,2,2,5,4,2,1,9.0,9,Yes,Medium,Tier 2,Yes,Low,Placed
Male,ME,8.45,70.4,81.0,0,0.0,67.6,7,4,5,3,3,4,2,6.0,8,No,Medium,Tier 2,Yes,High,Placed
Female,CSE,8.46,78.2,70.9,0,3.2,69.1,3,2,2,1,5,2,0,8.3,4,No,Low,Tier 1,Yes,Medium,Placed
Male,IT,7.99,68.5,73.8,1,3.1,62.8,8,2,5,3,4,6,3,9.0,1,No,Low,Tier 3,Yes,Low,Placed
Male,IT,8.99,88.6,85.8,0,3.5,81.8,5,4,3,1,4,3,2,7.3,2,No,Low,Tier 3,Yes,Low,Placed
Male,CSE,8.78,80.6,76.8,1,0.0,59.8,7,4,5,2,3,4,6,6.9,3,Yes,Medium,Tier 3,Yes,Medium,Placed
Male,CSE,7.31,65.9,63.2,0,4.8,69.5,5,4,4,2,5,3,3,5.4,4,No,High,Tier 3,Yes,High,Placed
Female,CSE,7.04,61.9,67.1,2,7.0,79.1,8,2,5,1,4,6,4,6.4,10,Yes,Medium,Tier 3,Yes,,Placed
Female,IT,8.77,80.5,75.0,1,7.0,80.3,7,2,5,1,4,6,6,8.9,7,No,High,Tier 2,Yes,Medium,Placed
Male,CSE,8.04,76.6,68.5,0,5.8,71.9,6,2,5,1,3,6,2,7.4,10,Yes,Low,Tier 2,Yes,,Placed
Male,ECE,8.03,70.9,70.7,0,0.0,55.5,5,3,4,3,4,4,4,7.0,10,No,High,Tier 3,Yes,Low,Placed
Male,ECE,8.83,89.3,78.4,0,2.7,73.1,7,3,4,4,4,4,3,8.6,10,No,High,Tier 2,Yes,Medium,Placed
Female,ME,7.08,62.9,61.7,1,5.0,76.4,1,2,1,5,4,0,2,7.8,2,No,Medium,Tier 2,Yes,,Not Placed
Female,CSE,8.1,75.7,58.4,0,4.9,78.5,2,1,3,3,4,3,2,6.8,6,Yes,High,Tier 2,Yes,Medium,Placed
Male,CSE,7.4,68.3,67.2,2,6.3,81.9,5,3,4,2,4,4,0,7.3,1,No,Low,Tier 3,Yes,High,Not Placed
Female,IT,7.07,51.9,71.1,2,3.5,65.2,3,2,2,2,4,2,0,6.1,2,No,High,Tier 1,Yes,High,Placed
Female,IT,6.37,62.5,56.3,2,1.6,64.7,3,0,2,1,3,2,4,6.3,4,No,High,Tier 2,Yes,Low,Not Placed
Female,CE,7.92,83.1,66.2,0,5.1,82.2,2,0,1,2,5,3,2,6.8,10,No,Medium,Tier 3,Yes,Medium,Placed
Female,CSE,6.9,64.1,65.7,0,3.0,69.3,8,0,5,1,4,6,4,7.7,1,No,Medium,Tier 3,Yes,High,Placed
Male,ECE,7.83,72.4,68.5,0,6.8,84.8,5,2,3,2,4,4,1,5.5,10,No,Low,Tier 3,Yes,,Placed
Female,ME,7.68,70.4,65.7,0,5.3,78.8,6,2,3,3,5,3,1,7.1,6,No,Medium,Tier 2,Yes,Low,Placed
Male,CSE,8.13,68.1,78.0,0,3.3,65.5,8,3,5,1,4,5,4,6.5,1,No,Medium,Tier 1,Yes,High,Placed
Female,IT,8.14,73.5,70.8,0,4.3,78.4,8,2,4,4,4,4,1,5.9,10,No,Medium,Tier 3,Yes,Low,Placed
Female,ME,8.83,80.5,80.7,0,6.2,85.6,4,3,2,4,5,2,1,6.5,1,No,Medium,Tier 1,Yes,High,Not Placed
Female,CSE,7.15,68.4,69.7,1,5.1,75.7,2,1,3,5,3,4,2,4.2,6,No,High,Tier 2,Yes,Medium,Placed
Female,IT,8.36,77.3,75.9,0,4.3,78.1,5,3,3,3,4,2,4,6.1,5,No,Low,Tier 2,Yes,,Placed
Male,IT,7.74,72.4,67.6,1,4.5,74.0,7,2,5,3,4,5,2,5.7,10,No,High,Tier 1,Yes,Low,Placed
Male,CSE,8.45,74.1,78.4,0,3.4,70.4,6,2,4,4,3,4,2,6.7,3,Yes,High,Tier 2,No,Low,Placed
Female,ECE,7.47,73.0,55.4,1,4.8,72.8,3,1,2,1,4,2,3,4.3,10,No,Medium,Tier 2,Yes,Low,Not Placed
Female,ECE,8.79,86.4,83.0,0,4.0,67.0,7,3,4,4,5,5,4,7.2,1,No,Low,Tier 2,No,Medium,Placed
Male,ECE,7.21,66.4,61.0,0,1.9,62.3,5,1,4,2,4,4,6,8.1,4,No,Low,Tier 3,Yes,Low,Placed
Male,CSE,7.45,68.9,67.6,0,4.9,69.3,6,4,4,3,4,4,2,6.9,8,Yes,Low,Tier 1,Yes,Low,Placed
Male,ME,8.54,73.6,77.1,0,5.1,81.4,7,2,5,5,4,6,4,7.6,4,No,Medium,Tier 1,Yes,,Placed
Female,IT,6.8,64.2,62.9,1,6.0,78.2,8,2,5,5,4,5,5,6.4,8,No,Medium,Tier 2,Yes,High,Placed
Female,ECE,6.74,60.6,62.3,1,0.8,68.4,4,2,2,3,3,4,1,5.1,9,No,High,Tier 2,Yes,Low,Placed
Male,CSE,9.52,83.4,81.4,1,4.5,63.0,7,3,5,5,4,4,2,7.0,7,Yes,Medium,Tier 3,Yes,High,Placed
Male,ME,8.99,79.3,78.1,0,3.2,64.3,8,3,5,4,5,6,3,7.8,5,No,Medium,Tier 1,Yes,High,Placed
Female,ECE,7.85,71.3,66.7,0,5.1,72.8,7,1,4,5,3,5,3,5.4,10,No,Medium,Tier 3,Yes,Low,Placed
Female,IT,10.0,90.6,88.0,0,1.5,69.0,7,3,5,2,5,6,4,6.4,4,Yes,High,Tier 2,Yes,,Placed
Male,ECE,8.46,83.2,67.9,1,6.6,80.7,5,2,4,1,4,3,3,6.7,8,No,High,Tier 2,Yes,High,Placed
Male,CSE,8.39,72.7,62.1,1,1.9,65.7,8,2,5,5,4,6,4,9.0,4,No,High,Tier 1,Yes,Medium,Placed
Male,CSE,9.56,88.5,88.3,0,3.0,60.7,7,3,5,5,5,4,6,7.3,8,No,Medium,Tier 2,Yes,,Placed
Male,CE,9.12,77.0,89.5,0,9.4,92.2,2,2,2,2,5,2,2,4.7,3,No,Medium,Tier 1,No,Medium,Not Placed
Male,CSE,8.04,67.1,66.8,1,4.2,72.5,7,2,5,2,4,4,4,4.4,4,No,High,Tier 1,Yes,,Placed
Female,CE,9.57,76.8,89.6,0,6.2,88.1,1,3,2,2,4,3,1,7.9,3,Yes,Medium,Tier 2,Yes,,Placed
Female,CSE,9.14,87.7,75.5,1,4.5,62.2,7,3,5,3,5,4,2,9.0,6,No,Low,Tier 3,Yes,Medium,Placed
Female,ECE,7.63,73.5,68.5,0,6.5,78.9,8,3,5,3,4,5,4,6.7,5,No,Low,Tier 3,No,,Placed
Female,ECE,8.15,59.9,76.3,2,5.6,71.2,5,1,2,4,4,1,3,6.6,10,Yes,Low,Tier 2,Yes,High,Placed
Male,IT,8.07,73.4,81.5,0,2.4,61.4,7,3,5,2,5,5,3,7.5,10,No,Medium,Tier 2,Yes,High,Placed
Male,IT,7.86,68.6,71.2,1,0.4,57.9,4,2,3,4,4,3,1,6.0,7,No,Low,Tier 2,Yes,Medium,Placed
Male,CSE,7.05,64.9,57.6,1,1.4,72.0,5,1,3,4,3,3,3,4.0,4,No,Low,Tier 3,Yes,,Not Placed
Male,ECE,8.41,76.2,75.8,0,3.0,69.3,4,1,2,2,4,1,4,8.2,9,No,Low,Tier 2,Yes,Low,Placed
Female,CSE,8.32,73.8,75.8,0,5.1,73.9,4,3,3,5,4,5,1,6.3,2,No,Medium,Tier 1,Yes,Low,Placed
Female,ECE,9.44,79.7,97.2,0,6.0,76.7,5,1,4,5,5,5,2,8.3,1,No,Medium,Tier 1,Yes,Low,Placed
Male,ECE,8.98,77.5,92.1,1,3.9,73.4,8,3,5,5,4,4,7,6.1,2,No,Medium,Tier 2,No,,Placed
Male,IT,7.73,66.3,73.1,0,4.3,70.5,6,1,4,1,4,5,4,7.1,3,No,Low,Tier 2,Yes,Medium,Placed
Female,IT,7.03,61.3,60.4,1,0.0,61.5,4,1,3,3,4,3,4,8.0,6,No,Low,Tier 1,No,Low,Placed
Male,ECE,8.46,80.2,76.9,0,3.4,71.3,4,4,4,4,4,5,4,8.3,7,No,Medium,Tier 3,Yes,High,Placed
Male,ECE,9.02,89.9,75.3,0,3.8,70.9,8,3,5,4,5,5,8,7.3,7,Yes,Medium,Tier 3,Yes,High,Placed
Female,IT,8.12,69.2,68.8,0,4.9,76.7,6,2,4,1,4,4,4,7.2,2,Yes,Low,Tier 2,Yes,Medium,Placed
Female,IT,8.11,76.3,78.7,0,3.3,66.1,8,3,5,2,5,6,1,7.7,10,Yes,Low,Tier 1,Yes,Medium,Placed
Male,CSE,9.74,77.8,92.1,1,3.0,67.9,7,4,5,1,5,6,3,7.6,8,No,High,Tier 2,Yes,,Placed
Male,ECE,9.77,79.4,90.7,0,7.8,76.7,5,3,3,2,5,5,3,5.5,4,No,Medium,Tier 3,Yes,Low,Placed
Female,ECE,7.76,70.7,67.4,2,1.2,54.8,6,2,4,5,4,5,3,5.5,3,No,Low,Tier 3,Yes,High,Placed
Male,CSE,10.0,94.0,81.4,0,6.7,86.7,5,3,4,4,5,4,4,4.5,9,No,Low,Tier 1,Yes,Medium,Placed
Male,CSE,9.14,84.9,81.7,1,5.2,79.4,7,4,5,2,5,5,7,7.9,4,Yes,High,Tier 1,Yes,,Placed
Female,CSE,10.0,87.5,84.7,0,3.7,77.8,7,3,5,1,5,5,1,6.5,3,No,Medium,Tier 2,Yes,Medium,Placed
Male,ME,9.98,96.5,85.3,0,8.4,90.0,7,4,5,3,5,4,4,8.0,10,No,Medium,Tier 2,Yes,High,Placed
Female,CSE,10.0,87.0,93.1,0,3.9,68.1,8,4,5,2,5,5,7,7.5,9,No,Medium,Tier 2,Yes,Low,Placed
Male,CSE,9.61,84.6,98.5,0,2.3,56.1,8,4,5,4,5,6,6,5.8,4,No,Medium,Tier 3,Yes,,Placed
Female,CSE,8.0,73.4,71.5,0,4.4,69.5,2,1,2,4,4,3,4,6.9,5,No,Medium,Tier 2,Yes,High,Placed
Male,IT,9.5,87.8,86.5,0,5.8,79.7,8,3,5,4,5,4,6,6.5,4,No,Medium,Tier 1,Yes,Low,Placed
Male,IT,7.83,64.9,65.3,1,5.1,75.7,7,2,5,3,4,6,3,6.3,1,No,Medium,Tier 3,Yes,Low,Placed
Male,ECE,9.16,77.0,78.2,0,2.9,68.9,4,1,3,3,4,3,3,8.1,6,No,Low,Tier 1,Yes,Low,Placed
Male,ECE,10.0,94.2,89.4,0,5.3,74.0,8,4,5,5,5,2,1,9.0,6,No,High,Tier 3,Yes,High,Placed
Female,IT,7.32,63.8,53.1,0,0.6,55.9,8,2,5,5,4,4,5,8.3,1,No,Medium,Tier 2,Yes,High,Placed
Female,CSE,9.44,88.5,79.8,0,6.7,88.3,4,0,3,3,4,4,2,7.0,7,No,Low,Tier 3,Yes,Low,Placed
Male,CSE,9.31,77.6,86.7,0,5.6,79.9,8,3,5,5,4,4,4,8.5,6,No,High,Tier 1,Yes,,Placed
Male,CSE,8.62,75.7,86.0,0,0.0,62.6,7,2,5,4,3,5,1,9.0,4,No,High,Tier 1,Yes,Low,Placed
Female,CSE,6.71,66.0,62.5,2,2.5,59.9,4,0,3,1,3,3,1,5.3,9,No,High,Tier 2,Yes,,Placed
Female,ECE,8.48,82.1,72.7,1,6.5,78.6,8,3,5,3,4,5,2,8.5,3,No,High,Tier 2,Yes,,Placed
Male,IT,8.04,69.7,66.1,0,3.5,73.3,7,1,4,5,4,5,1,7.9,10,Yes,High,Tier 2,No,Low,Placed
Male,ME,8.04,61.9,71.1,0,3.9,81.5,3,3,1,2,3,3,3,8.4,6,No,Low,Tier 3,Yes,,Placed
Male,ECE,7.86,74.1,69.8,1,6.8,85.9,6,2,3,3,3,3,3,8.0,6,No,High,Tier 3,Yes,High,Not Placed
Female,IT,8.92,81.4,76.3,0,2.8,66.7,8,3,5,1,5,4,4,6.7,10,No,High,Tier 2,Yes,,Placed
Male,CSE,7.16,66.1,68.4,0,0.0,63.5,2,2,2,3,3,2,1,9.0,7,Yes,Low,Tier 1,Yes,Low,Placed
Female,CSE,8.91,74.3,73.6,0,6.8,82.3,8,3,5,5,4,5,7,7.4,3,No,Low,Tier 3,Yes,,Placed
Male,ME,10.0,89.4,86.5,0,3.1,73.3,3,2,3,3,5,4,1,6.5,10,No,High,Tier 3,Yes,Medium,Placed
Female,ME,9.45,85.6,83.2,0,3.9,70.1,7,2,4,2,4,6,2,7.6,5,No,Low,Tier 2,Yes,,Not Placed
Male,CSE,8.6,85.2,88.4,0,3.6,71.6,8,4,5,2,5,6,3,8.2,2,Yes,High,Tier 3,Yes,Medium,Placed
Male,ECE,8.61,83.5,82.0,0,3.0,64.8,8,2,5,2,4,5,4,7.1,6,No,Low,Tier 1,Yes,Medium,Placed
Male,ME,7.91,76.6,73.5,0,2.3,65.3,8,3,5,4,4,5,6,7.5,8,Yes,Low,Tier 1,No,High,Placed
Female,ME,6.89,63.2,65.9,1,3.6,76.8,1,3,1,4,4,1,1,7.1,5,No,Medium,Tier 1,Yes,Medium,Not Placed
Male,ME,8.42,71.4,76.9,0,2.1,67.4,8,3,5,1,4,5,3,6.2,5,No,Low,Tier 3,Yes,,Placed
Male,ECE,9.85,87.5,90.0,0,6.7,73.1,7,4,5,2,5,6,6,6.0,6,No,Medium,Tier 2,Yes,,Placed
Male,CSE,8.35,68.9,74.1,0,6.4,76.9,6,2,5,5,4,4,2,5.3,10,Yes,Medium,Tier 2,Yes,Medium,Placed
Male,ECE,9.45,84.5,91.1,0,5.1,78.6,4,4,3,4,4,6,2,8.8,4,No,Low,Tier 1,Yes,Low,Placed
Female,CSE,8.91,75.9,80.9,1,5.0,66.2,4,3,3,5,4,3,1,6.7,8,Yes,Low,Tier 1,Yes,Low,Placed
Female,IT,8.24,74.1,71.8,0,0.6,65.6,8,1,5,4,4,5,3,4.0,8,Yes,Medium,Tier 1,Yes,High,Placed
Female,ECE,7.62,68.2,73.4,2,6.3,84.2,3,3,2,5,3,2,4,7.5,7,No,Low,Tier 2,Yes,High,Not Placed
Male,ECE,8.9,75.4,79.1,0,3.1,70.9,4,3,2,4,4,3,2,7.5,1,No,Medium,Tier 1,Yes,High,Placed
Female,CE,10.0,92.8,89.8,0,6.7,77.1,4,2,2,3,4,1,6,4.8,10,No,Medium,Tier 1,Yes,High,Placed
Male,ECE,8.99,74.5,79.9,0,7.4,74.1,5,3,3,4,5,3,3,6.0,2,No,Low,Tier 3,Yes,Medium,Placed
Male,ECE,8.06,85.7,80.5,0,3.5,65.2,7,0,5,5,3,4,5,5.9,4,No,Medium,Tier 2,Yes,Medium,Placed
Male,IT,8.43,82.1,75.3,0,0.0,67.9,7,3,5,4,5,4,1,6.1,8,Yes,Low,Tier 3,Yes,Low,Placed
Male,IT,9.28,77.5,84.7,0,4.5,72.8,7,2,5,5,5,6,5,8.5,9,No,Low,Tier 1,Yes,High,Placed
Female,ME,9.11,83.3,68.9,1,1.7,71.3,7,1,4,1,5,3,3,6.8,8,Yes,Low,Tier 2,Yes,Low,Not Placed
Female,CSE,8.03,71.5,71.7,1,2.8,66.8,5,2,4,4,5,4,3,6.5,6,No,High,Tier 2,Yes,Medium,Placed
Female,ME,9.04,80.7,82.2,0,3.6,67.2,3,2,2,4,4,2,1,8.3,3,No,High,Tier 1,Yes,Low,Placed
Male,CE,10.0,87.7,97.2,0,5.9,77.5,6,2,4,2,5,5,7,7.6,6,Yes,High,Tier 1,Yes,,Placed
Male,CSE,6.97,67.3,66.0,1,4.9,81.0,8,0,5,4,3,4,2,4.9,10,No,Medium,Tier 3,No,Medium,Placed
Male,CSE,7.55,64.0,67.7,0,7.1,84.2,8,2,5,2,3,4,5,6.3,3,Yes,Low,Tier 3,Yes,Low,Placed
Male,IT,8.72,84.1,77.5,0,2.4,61.9,7,1,5,1,4,4,2,7.4,10,Yes,Medium,Tier 1,Yes,Medium,Placed
Male,CSE,8.92,88.2,68.5,0,6.3,75.4,7,3,5,1,4,6,2,5.9,9,Yes,Medium,Tier 2,Yes,Medium,Placed
Male,CE,8.06,68.2,69.3,1,5.5,69.6,1,4,1,2,5,1,1,9.0,10,Yes,High,Tier 3,Yes,Medium,Not Placed
Male,ECE,7.75,74.0,70.1,0,5.3,82.4,7,2,4,2,4,4,3,7.1,9,No,Low,Tier 1,Yes,,Placed
Male,ECE,8.51,80.2,66.2,0,6.2,79.5,7,2,5,1,5,6,3,6.1,7,No,Low,Tier 2,Yes,Low,Placed
Female,CSE,9.1,72.2,83.6,0,5.7,78.5,7,4,5,4,4,5,4,5.7,7,No,Medium,Tier 3,No,High,Placed
Female,IT,8.97,89.2,87.2,1,0.8,64.6,5,4,3,4,5,5,3,8.1,4,No,High,Tier 3,Yes,Low,Placed
Female,ECE,8.6,75.1,84.2,0,2.8,68.2,4,3,3,5,4,1,2,6.2,1,No,High,Tier 2,Yes,Low,Placed
Female,ECE,7.63,69.3,64.9,0,5.9,74.2,4,3,3,4,3,2,1,7.5,9,No,Medium,Tier 1,No,Low,Placed
Male,ME,5.82,59.5,60.2,0,5.0,65.1,3,1,2,5,4,2,1,5.6,8,No,High,Tier 1,Yes,High,Placed
Female,CE,9.32,87.8,83.2,0,6.1,79.2,7,3,4,2,5,3,2,7.1,2,No,Medium,Tier 3,Yes,Medium,Placed
Female,IT,8.59,76.3,72.6,1,4.4,84.2,7,2,5,2,4,6,2,6.2,7,No,High,Tier 3,No,,Placed
Male,ECE,8.02,76.2,70.1,0,2.9,63.9,7,1,5,3,5,5,6,6.6,6,No,High,Tier 2,Yes,High,Placed
Male,ECE,10.0,95.8,90.2,0,2.4,58.2,8,4,5,4,5,6,2,6.0,4,No,High,Tier 3,Yes,High,Placed
Female,IT,7.13,64.4,53.1,0,0.7,60.6,6,0,4,5,4,3,3,8.2,7,Yes,Medium,Tier 3,Yes,Medium,Placed
Male,ME,9.96,86.2,94.9,0,5.1,77.1,7,4,5,1,5,5,2,6.4,6,No,Low,Tier 2,Yes,Low,Placed
Male,CSE,8.72,80.2,68.9,1,1.1,58.2,4,4,3,2,4,3,5,6.8,5,No,Medium,Tier 3,Yes,Medium,Placed
Male,CSE,8.01,68.0,71.0,0,4.0,68.9,4,2,2,4,4,1,0,6.9,1,No,Medium,Tier 2,No,Low,Placed
Male,IT,6.96,67.9,67.8,1,3.8,65.2,5,2,4,4,4,4,4,8.9,3,No,High,Tier 2,Yes,Medium,Not Placed
Male,ECE,10.0,85.6,89.9,0,6.2,78.8,4,3,2,3,3,1,3,8.1,7,No,Low,Tier 1,Yes,High,Placed
Male,ME,8.89,76.4,82.6,0,8.6,87.6,3,3,2,4,4,2,5,7.9,3,Yes,Low,Tier 3,No,High,Placed
Male,ECE,9.74,92.7,94.1,0,3.2,67.8,7,3,5,2,5,6,4,5.1,10,No,Medium,Tier 2,Yes,Low,Placed
Male,CSE,8.33,75.0,79.1,0,5.0,70.4,7,2,5,3,5,4,3,6.2,10,No,Low,Tier 1,Yes,High,Placed
Female,ME,10.0,92.2,91.3,0,4.0,75.0,5,2,4,2,4,3,4,8.4,1,No,Medium,Tier 3,Yes,,Placed
Male,CSE,5.98,57.2,67.7,1,2.2,70.3,3,0,2,3,3,4,2,5.6,10,No,Medium,Tier 2,No,,Not Placed
Male,ECE,6.92,58.8,55.1,0,6.4,78.2,6,1,3,4,4,5,5,7.1,7,No,Medium,Tier 3,No,Medium,Placed
Male,ECE,7.9,68.7,73.1,0,4.8,76.2,6,1,4,5,4,5,3,5.7,8,No,Low,Tier 1,Yes,Medium,Placed
Female,ECE,6.1,62.3,57.8,1,5.2,79.9,0,1,1,1,4,0,1,5.8,10,No,High,Tier 2,Yes,,Placed
Male,CE,9.09,85.1,72.9,0,5.8,73.2,8,3,5,3,5,4,0,9.0,5,No,Medium,Tier 1,Yes,Low,Placed
Male,IT,7.9,69.3,68.0,0,5.8,70.2,7,1,3,5,4,2,2,7.9,6,No,High,Tier 3,Yes,,Placed
Female,CE,8.97,82.1,75.5,1,3.7,75.0,2,3,2,5,4,2,2,8.2,1,No,Medium,Tier 1,No,Medium,Placed
Female,CSE,6.62,58.7,59.8,0,6.1,88.1,3,1,3,4,4,3,3,7.9,9,No,Low,Tier 2,Yes,High,Placed
Male,CSE,9.65,91.2,84.9,0,3.7,61.1,6,3,4,2,4,3,3,6.8,2,Yes,Low,Tier 3,Yes,Medium,Placed
Female,ECE,8.14,74.1,83.1,1,1.6,72.7,6,1,4,3,4,4,3,6.2,4,No,Low,Tier 2,Yes,Low,Placed
Male,IT,9.48,84.8,90.9,0,5.0,74.7,8,3,5,1,5,5,3,6.5,4,Yes,Medium,Tier 3,Yes,High,Placed
Male,IT,8.67,72.6,79.6,0,6.7,85.0,8,3,5,5,4,5,3,6.8,4,No,Low,Tier 3,Yes,Medium,Placed
Male,IT,6.79,64.4,60.9,0,2.7,61.5,2,0,2,4,4,2,2,9.0,2,Yes,Medium,Tier 1,Yes,High,Placed
Male,ECE,8.51,74.9,65.4,0,0.8,59.6,7,3,5,2,4,5,3,5.4,10,No,Medium,Tier 1,No,Medium,Placed
Female,ECE,8.81,84.2,70.7,1,4.3,77.6,6,3,4,4,4,6,3,6.3,4,No,Low,Tier 1,No,High,Placed
Male,ECE,8.89,71.2,82.2,0,1.9,70.4,7,2,4,5,5,3,2,5.9,7,Yes,Low,Tier 1,Yes,High,Placed
Male,CSE,8.53,74.2,77.8,1,2.9,67.2,7,0,5,4,4,5,4,8.3,3,No,Medium,Tier 3,Yes,Medium,Placed
Female,CSE,10.0,93.1,81.2,0,4.2,72.1,8,2,5,1,5,4,3,9.0,8,No,High,Tier 3,Yes,Low,Placed
Female,IT,10.0,90.0,93.1,0,0.0,57.7,5,4,4,4,5,6,4,7.4,7,No,Low,Tier 1,Yes,Medium,Placed
Male,CSE,9.42,81.7,82.7,0,3.1,62.7,7,4,5,5,4,5,5,7.5,10,Yes,Low,Tier 2,Yes,Medium,Placed
Female,CSE,7.02,68.9,57.6,0,3.2,70.2,8,2,5,1,4,4,2,7.1,2,No,High,Tier 2,Yes,Medium,Placed
Male,CSE,8.98,85.6,82.0,0,7.7,82.4,6,2,3,4,4,2,2,7.5,10,No,Low,Tier 1,Yes,Low,Placed
Female,IT,7.83,66.6,73.3,0,3.7,69.1,8,0,5,1,4,5,4,7.9,3,No,High,Tier 2,Yes,Low,Placed
Female,ME,7.67,68.3,65.7,1,8.3,78.3,1,3,1,3,4,2,0,7.5,6,No,Low,Tier 2,Yes,Medium,Not Placed
Female,ME,8.83,74.6,82.6,0,6.5,78.3,7,2,5,1,4,4,4,7.6,2,No,High,Tier 2,Yes,High,Placed
Male,IT,9.88,87.7,85.1,0,4.9,75.7,6,3,5,1,5,5,1,7.9,2,No,Medium,Tier 2,Yes,Medium,Placed
Male,ECE,7.72,68.5,66.8,0,4.7,77.0,5,2,3,1,4,4,3,4.9,10,No,High,Tier 3,Yes,,Placed
Male,ME,8.03,70.0,59.8,0,4.7,74.9,6,2,4,4,5,4,1,7.0,3,Yes,Medium,Tier 1,Yes,Low,Placed
Male,CSE,8.31,78.3,76.5,0,4.3,65.0,3,2,2,4,4,1,2,7.4,2,No,Medium,Tier 3,Yes,,Placed
Male,CSE,10.0,93.7,81.7,0,1.0,61.6,7,3,4,2,5,4,4,7.5,6,Yes,Low,Tier 2,Yes,,Placed
Female,IT,9.22,88.8,78.0,0,4.7,78.8,7,2,5,1,5,5,9,6.8,1,No,Low,Tier 3,Yes,Low,Placed
Male,CE,7.63,70.6,66.1,1,4.2,69.8,4,2,2,1,3,3,2,7.2,7,No,Medium,Tier 2,Yes,Medium,Not Placed
Male,ECE,10.0,81.8,95.5,0,4.4,63.2,8,3,5,3,5,5,3,6.1,1,No,Medium,Tier 3,Yes,High,Placed
Female,ECE,9.0,81.0,78.2,0,7.5,80.0,6,3,5,5,5,5,1,4.9,4,Yes,High,Tier 3,Yes,Low,Placed
Male,ECE,7.56,71.9,73.9,0,3.6,67.8,7,2,4,4,4,5,2,8.2,5,No,Medium,Tier 2,Yes,Medium,Placed
Female,CSE,6.93,63.0,54.8,2,1.9,71.2,5,0,3,2,4,3,1,5.6,9,No,High,Tier 2,No,Medium,Not Placed
Male,CSE,7.51,71.8,70.0,0,2.9,72.1,5,3,3,3,3,6,1,6.8,3,No,Medium,Tier 3,Yes,High,Placed
Male,CSE,8.38,81.0,79.7,0,5.7,86.6,6,1,4,2,4,3,2,6.1,7,No,High,Tier 3,Yes,High,Placed
Male,CSE,7.87,63.7,70.4,1,4.6,75.3,2,2,2,3,5,2,1,8.9,10,Yes,High,Tier 3,No,,Placed
Male,IT,8.66,81.3,83.3,0,4.1,85.0,8,2,5,4,4,4,5,6.9,4,No,Medium,Tier 3,Yes,Low,Placed
Female,CSE,7.44,68.9,65.3,2,1.3,74.3,5,1,4,5,4,2,3,6.6,5,No,High,Tier 2,Yes,,Placed
Male,CSE,9.27,91.7,83.8,0,6.4,82.2,7,4,4,1,5,4,2,7.9,8,No,High,Tier 1,Yes,Medium,Placed
Male,ECE,9.72,84.5,73.7,0,2.8,73.1,8,4,5,4,5,5,1,9.0,9,No,Low,Tier 1,Yes,Medium,Placed
Male,IT,7.94,77.3,68.9,0,4.7,78.9,6,2,5,3,5,4,2,7.5,5,No,Medium,Tier 3,Yes,Low,Placed
Male,CSE,9.64,86.3,81.1,0,3.8,75.1,5,4,4,4,5,2,3,6.5,5,No,Low,Tier 2,Yes,High,Placed
Female,CSE,8.31,75.8,79.5,0,0.8,58.0,7,2,5,2,4,6,2,7.8,2,No,High,Tier 1,Yes,Low,Placed
Male,ECE,7.61,68.6,72.6,0,4.7,73.2,2,1,1,4,3,0,1,5.1,10,Yes,Low,Tier 3,No,High,Placed
Female,CE,8.74,87.3,84.6,0,1.6,63.7,8,3,5,5,4,4,4,7.1,6,No,Low,Tier 3,Yes,,Placed
Female,ME,9.11,77.5,70.2,0,4.7,79.5,7,3,5,3,5,5,2,9.0,5,No,Medium,Tier 1,Yes,,Placed
Male,IT,8.91,81.6,81.1,0,3.0,71.8,7,3,5,4,5,5,4,7.2,5,No,Medium,Tier 1,Yes,Low,Placed
Female,IT,7.71,75.2,71.1,0,3.6,71.7,7,2,4,3,4,3,3,7.1,4,No,High,Tier 2,Yes,,Placed
Male,CE,7.81,80.4,60.9,0,5.4,70.1,4,2,2,1,4,2,3,7.0,1,No,High,Tier 1,Yes,Medium,Not Placed
Male,ME,5.79,50.0,50.0,1,1.5,61.9,4,0,4,5,2,4,6,6.5,7,Yes,Medium,Tier 3,Yes,,Not Placed
Male,ECE,9.93,94.4,100.0,0,10.0,87.2,4,3,3,3,5,2,1,7.4,1,No,Low,Tier 2,Yes,Medium,Placed
Female,CSE,7.03,62.0,67.0,1,2.3,77.1,5,1,4,1,3,5,2,7.9,10,No,Medium,Tier 3,Yes,,Placed
Female,IT,8.12,77.7,71.3,0,5.4,75.1,3,3,2,5,4,1,1,6.6,3,Yes,Medium,Tier 3,Yes,Low,Placed
Male,ECE,8.22,70.7,79.5,1,5.8,73.1,8,0,5,2,4,6,3,4.0,9,No,Medium,Tier 2,Yes,High,Placed
Female,CSE,7.47,73.7,61.2,1,7.1,82.1,4,2,2,3,4,3,1,7.6,1,No,Medium,Tier 2,No,High,Not Placed
Male,ME,9.6,84.7,87.7,0,2.7,69.5,7,2,5,3,5,6,3,9.0,8,No,Medium,Tier 2,Yes,Low,Placed
Male,CSE,7.68,74.0,72.8,0,2.5,66.8,3,2,2,5,4,2,3,6.5,9,Yes,Medium,Tier 2,Yes,High,Placed
Male,ME,8.99,80.7,73.8,1,6.2,86.0,7,3,5,1,5,4,5,5.2,9,No,Medium,Tier 2,Yes,Medium,Placed
Female,ME,8.99,74.1,76.2,0,5.1,81.3,2,2,2,2,4,1,2,7.8,7,No,Medium,Tier 3,No,Low,Not Placed
Female,ECE,6.63,60.9,59.5,1,5.1,72.0,3,0,2,3,3,0,4,9.0,2,Yes,High,Tier 2,No,High,Not Placed
Male,IT,8.6,72.2,83.3,1,6.8,76.5,6,1,5,4,4,4,1,7.6,3,No,Medium,Tier 3,Yes,Low,Placed
Male,CSE,9.18,81.0,90.9,1,4.2,65.4,6,3,4,2,5,5,4,9.0,9,No,Low,Tier 1,Yes,Low,Placed
Male,ECE,7.52,81.3,75.7,0,4.4,91.4,4,1,3,4,4,4,4,8.0,5,No,High,Tier 1,Yes,Medium,Placed
Male,ECE,9.17,84.1,86.3,0,6.7,76.9,8,3,5,5,5,5,2,7.8,5,No,Medium,Tier 3,Yes,Low,Placed
Male,ME,7.45,67.4,67.3,1,4.4,73.3,5,2,3,3,3,3,5,6.4,7,No,Low,Tier 2,Yes,,Not Placed
Female,CE,8.27,68.2,88.6,2,2.0,63.7,3,2,3,1,4,3,2,7.3,10,No,Medium,Tier 2,Yes,,Not Placed
Male,ECE,7.44,57.5,68.2,2,2.2,60.3,8,2,5,3,4,5,2,7.0,8,No,Medium,Tier 2,Yes,Medium,Placed
Male,ME,8.36,71.1,78.2,0,3.5,77.2,8,3,5,4,4,6,3,6.9,6,No,High,Tier 1,Yes,Medium,Placed
Male,CSE,9.78,85.1,94.0,0,4.7,76.5,7,3,5,2,4,6,1,6.7,5,No,Medium,Tier 3,Yes,Low,Placed
Female,IT,9.62,81.9,82.0,0,5.9,76.4,3,3,3,5,5,3,1,7.3,1,No,Medium,Tier 1,Yes,High,Placed
Female,ECE,8.07,69.2,77.7,1,8.8,77.2,5,1,4,1,5,3,4,5.4,10,No,Low,Tier 2,Yes,Low,Not Placed
Male,CE,8.66,70.4,73.7,0,3.5,69.9,5,4,3,4,4,2,3,8.0,10,Yes,Medium,Tier 2,Yes,Medium,Placed
Female,CSE,8.08,70.8,77.6,0,1.2,66.1,5,4,3,1,4,3,4,5.9,10,No,High,Tier 3,Yes,High,Placed
Male,CSE,8.89,70.8,85.4,0,0.8,57.3,4,2,3,2,4,2,2,6.7,9,No,High,Tier 2,Yes,High,Placed
Male,ECE,8.41,76.4,79.0,0,3.6,75.5,6,2,4,5,3,3,3,7.4,6,No,Low,Tier 1,Yes,Medium,Placed
Male,IT,8.41,70.5,76.8,1,4.0,78.0,4,3,2,5,5,1,1,5.9,5,No,Low,Tier 2,Yes,Medium,Placed
Male,ECE,9.01,80.0,88.5,0,5.2,78.0,5,3,3,5,5,2,3,4.6,10,Yes,Medium,Tier 1,Yes,Low,Placed
Male,IT,9.83,90.4,81.0,0,8.9,81.9,5,4,3,3,5,2,2,6.5,7,No,Medium,Tier 1,Yes,Medium,Placed
Female,ECE,10.0,84.5,87.5,0,5.2,72.4,8,3,5,4,5,5,3,5.3,7,Yes,Medium,Tier 1,No,Low,Placed
Female,ECE,10.0,83.8,85.7,0,4.2,75.0,5,3,3,1,5,3,3,7.9,3,No,Medium,Tier 2,Yes,Low,Placed
Female,CSE,8.41,76.9,74.8,0,6.0,83.7,6,1,5,2,4,5,3,5.6,10,Yes,Medium,Tier 1,Yes,Low,Placed
Male,IT,7.83,65.6,69.8,0,0.8,60.0,8,2,5,3,4,4,4,8.8,7,Yes,High,Tier 2,Yes,,Placed
Male,CSE,7.38,62.8,65.5,1,4.5,73.1,5,1,5,4,4,6,3,7.0,4,No,Medium,Tier 3,No,Medium,Placed
Female,IT,6.17,52.8,68.2,0,0.7,58.7,3,2,2,5,3,3,2,7.1,10,No,Low,Tier 3,Yes,High,Placed
Male,IT,8.57,83.1,74.5,0,6.8,78.7,7,2,5,1,4,5,4,4.6,10,No,Medium,Tier 1,Yes,,Placed
Male,IT,6.03,62.8,53.6,0,1.3,70.4,6,1,4,5,3,5,5,7.2,2,No,High,Tier 1,Yes,,Placed
Male,ECE,10.0,85.1,99.7,0,6.0,77.8,8,3,5,3,5,5,4,6.9,6,No,Medium,Tier 2,Yes,Low,Placed
Female,ME,7.76,64.5,74.2,2,5.6,71.5,7,1,3,4,4,3,2,5.4,5,No,Medium,Tier 3,Yes,Medium,Placed
Male,CE,9.99,82.3,91.9,0,6.9,73.8,5,4,4,1,5,5,4,7.1,8,No,Medium,Tier 1,Yes,,Placed
Male,CSE,7.84,73.5,78.0,0,2.2,65.5,7,2,5,4,4,5,3,6.5,8,No,High,Tier 3,Yes,,Placed
Female,ME,9.15,85.3,77.4,0,3.9,79.1,7,1,4,2,5,4,1,6.7,1,No,Medium,Tier 2,Yes,Medium,Placed
Male,CSE,7.59,74.2,74.4,0,6.0,72.8,6,3,5,5,3,3,0,7.0,2,No,Medium,Tier 2,Yes,High,Placed
Male,ECE,9.12,92.5,89.2,0,4.7,76.9,8,0,5,2,5,6,5,6.4,4,No,High,Tier 3,Yes,,Placed
Male,CSE,8.51,76.0,84.6,0,5.0,78.6,8,1,5,4,3,6,1,7.3,1,No,High,Tier 3,No,Low,Placed
Male,CSE,10.0,83.3,93.0,0,5.5,69.9,8,4,5,3,5,6,1,6.9,3,No,Medium,Tier 3,Yes,Medium,Placed
Female,ECE,7.11,68.7,62.0,1,3.3,65.1,2,2,1,1,4,0,1,7.6,4,No,Medium,Tier 2,Yes,,Not Placed
Male,ECE,6.53,54.1,64.7,1,2.1,63.6,5,1,4,1,3,5,6,6.4,10,No,Medium,Tier 2,Yes,Low,Placed
Male,ME,7.08,56.7,57.5,0,2.4,70.1,4,1,3,3,3,4,1,5.7,5,No,Low,Tier 2,Yes,Medium,Placed
Female,CSE,6.3,64.1,60.5,2,3.8,61.5,6,1,4,4,4,5,5,6.1,5,No,High,Tier 2,Yes,High,Not Placed
Female,ECE,7.18,52.5,67.1,1,2.5,73.8,3,0,3,4,4,3,2,8.7,10,No,Medium,Tier 2,Yes,Low,Placed
Female,CSE,7.32,71.3,67.5,0,3.4,65.2,4,1,2,1,4,2,2,8.1,7,No,High,Tier 1,Yes,Low,Not Placed
Male,ME,8.3,76.7,74.4,0,4.0,69.3,7,1,5,4,4,4,4,8.5,8,No,Low,Tier 1,Yes,Low,Placed
Male,ME,8.78,76.5,87.1,0,7.0,70.1,5,1,3,1,4,3,3,8.5,9,Yes,Medium,Tier 2,Yes,High,Placed
Female,ME,6.71,63.2,63.3,0,1.8,62.3,1,2,1,1,3,1,1,6.4,2,No,Low,Tier 3,Yes,,Not Placed
Female,CE,9.61,89.0,91.1,0,2.5,75.6,4,3,3,2,5,4,1,7.4,1,No,Medium,Tier 3,Yes,Medium,Placed
Male,ECE,8.93,76.5,80.9,1,3.9,66.7,7,2,5,1,4,6,4,7.1,6,No,Medium,Tier 2,Yes,High,Placed
Male,CE,9.26,81.2,89.2,0,1.9,73.0,5,2,4,1,5,4,5,7.8,1,No,Medium,Tier 2,Yes,High,Placed
Male,ECE,8.94,93.7,78.8,2,0.0,51.8,4,3,3,3,5,3,2,6.7,6,No,Low,Tier 1,Yes,Medium,Placed
Female,ECE,7.17,68.6,58.8,0,2.8,63.8,3,1,2,5,3,2,3,7.1,7,No,Low,Tier 3,Yes,Low,Not Placed
Male,ME,7.52,78.5,65.2,1,3.5,70.5,1,1,1,2,4,3,0,7.1,10,Yes,Low,Tier 2,Yes,Low,Not Placed
Male,CSE,8.64,76.7,74.8,2,4.4,74.7,7,2,5,4,4,5,1,7.6,10,No,Low,Tier 3,Yes,Low,Placed
Male,ME,9.21,79.3,71.6,0,2.1,68.1,6,4,5,4,5,3,3,7.8,10,No,Medium,Tier 3,Yes,Medium,Placed
Female,ME,8.98,82.9,80.9,0,7.3,74.6,4,3,3,4,5,3,6,7.1,2,Yes,Medium,Tier 1,No,Medium,Placed
Female,ECE,8.56,74.3,70.3,0,5.6,84.4,3,1,2,2,5,3,2,7.1,7,No,Medium,Tier 2,Yes,High,Placed
Male,CSE,7.48,68.0,65.9,0,1.8,64.6,5,2,4,2,3,2,7,7.3,4,No,Medium,Tier 3,Yes,Low,Placed
Female,CSE,6.82,56.8,61.6,0,2.8,72.9,8,1,5,5,4,5,5,9.0,9,No,Low,Tier 1,Yes,Medium,Placed
Female,IT,9.21,82.3,79.6,0,2.6,64.1,6,4,5,3,5,4,2,4.9,6,No,Low,Tier 2,Yes,High,Placed
Male,ME,7.72,63.1,70.3,0,1.9,67.4,3,1,3,5,3,3,4,5.8,4,No,Low,Tier 3,Yes,High,Placed
Male,CSE,9.06,80.5,80.7,0,6.3,77.0,6,4,5,3,5,6,3,7.8,1,No,High,Tier 2,Yes,Medium,Placed
Male,ECE,9.67,89.4,82.0,0,1.9,70.9,6,4,3,3,4,2,2,7.3,8,Yes,Medium,Tier 3,Yes,Medium,Placed
Female,ME,8.01,73.5,68.5,0,4.2,75.5,6,3,4,5,4,4,1,7.3,7,No,Low,Tier 3,Yes,Medium,Placed
Male,IT,8.49,79.1,79.8,0,3.0,70.5,4,1,2,3,3,3,0,7.8,3,No,Low,Tier 3,Yes,,Placed
Female,CSE,7.91,67.5,73.5,0,3.6,71.0,6,2,5,3,4,6,4,7.3,5,No,High,Tier 1,Yes,,Placed
Female,CSE,7.16,63.4,76.9,2,6.1,69.9,5,2,2,3,4,4,1,6.3,10,No,Medium,Tier 2,Yes,Low,Not Placed
Male,IT,8.79,73.5,75.6,0,4.6,81.3,5,3,4,4,4,4,1,7.8,7,No,Medium,Tier 1,Yes,,Placed
Female,CSE,6.37,60.7,56.3,0,4.7,85.5,4,0,3,2,3,4,1,7.0,9,Yes,Medium,Tier 3,Yes,Medium,Placed
Male,CSE,9.74,98.7,84.1,0,4.6,75.1,7,2,5,3,5,6,6,6.5,9,No,Low,Tier 3,Yes,Medium,Placed
Male,IT,6.31,56.0,51.5,3,5.0,71.5,6,3,4,3,3,4,2,7.8,10,No,High,Tier 2,Yes,Medium,Not Placed
Female,ME,7.63,66.0,65.0,0,1.9,64.4,6,2,4,1,4,3,5,7.8,10,No,Medium,Tier 2,Yes,,Placed
Female,CSE,7.91,59.4,66.9,0,2.6,74.1,8,0,5,2,4,6,5,7.3,1,No,Medium,Tier 1,Yes,,Placed
Male,CSE,9.55,82.7,86.8,0,4.7,72.3,7,4,4,2,4,6,3,9.0,9,No,High,Tier 3,Yes,,Placed
Female,CSE,7.53,71.6,64.7,0,2.6,75.4,7,1,5,5,3,4,2,8.6,6,No,Medium,Tier 3,Yes,,Placed
Female,CSE,6.74,62.3,58.2,0,3.3,72.0,7,1,5,3,3,6,1,8.2,6,No,Low,Tier 3,Yes,High,Placed
Male,IT,7.19,69.4,61.6,0,4.5,68.6,8,1,5,2,3,5,3,9.0,7,No,Medium,Tier 3,Yes,Low,Placed
Female,ECE,6.44,66.6,54.7,0,6.2,83.6,5,0,3,1,3,3,4,6.8,9,No,Low,Tier 3,Yes,Low,Not Placed
Male,CE,9.43,82.8,83.8,0,5.7,81.1,4,3,3,2,5,3,5,6.4,7,No,Low,Tier 3,Yes,,Placed
Male,IT,10.0,85.2,100.0,0,7.2,78.2,7,4,4,3,5,4,0,8.0,7,No,Medium,Tier 2,No,Medium,Placed
Male,ECE,9.78,91.7,90.1,0,4.3,74.1,4,4,3,5,5,4,3,6.7,3,No,Low,Tier 2,Yes,Medium,Placed
Female,CSE,8.26,74.7,77.5,0,4.2,66.4,8,4,5,5,5,4,5,7.0,10,No,High,Tier 3,Yes,,Placed
Female,ECE,7.87,65.6,61.1,0,2.7,68.3,1,3,1,4,3,1,3,5.8,10,No,High,Tier 2,No,High,Placed
Male,IT,7.94,65.1,71.4,1,5.1,78.3,5,2,3,5,4,3,2,7.7,4,No,Low,Tier 2,No,High,Placed
Male,IT,8.02,76.5,68.6,1,6.5,76.4,5,3,4,1,5,5,0,5.2,8,No,Medium,Tier 1,Yes,Low,Placed
Female,CSE,8.66,78.9,79.6,2,2.9,72.6,7,4,5,5,4,6,3,6.9,7,No,High,Tier 1,Yes,Low,Placed
Male,ME,6.64,53.3,64.4,1,4.9,73.9,1,2,1,4,3,0,1,7.0,9,No,Medium,Tier 2,No,Low,Not Placed
Female,ME,9.03,82.1,81.6,0,6.2,76.1,8,2,5,2,4,5,2,6.5,10,No,Medium,Tier 1,Yes,Low,Placed
Female,IT,8.03,66.7,71.5,0,2.3,76.3,6,4,4,4,4,4,3,4.9,5,No,Medium,Tier 1,Yes,High,Placed
Male,CSE,9.16,85.8,82.0,0,5.1,80.4,4,4,3,2,4,2,5,4.9,5,Yes,Medium,Tier 2,Yes,,Placed
Female,ECE,8.83,84.2,78.0,0,5.2,63.5,5,2,4,4,5,5,6,6.1,2,No,Medium,Tier 1,No,Low,Placed
Male,IT,6.79,66.0,50.6,1,0.0,66.5,3,0,2,1,4,2,2,7.6,2,No,High,Tier 3,Yes,Low,Not Placed
Female,ECE,8.84,81.3,78.3,0,2.9,69.1,6,3,4,5,4,6,3,7.3,9,No,Medium,Tier 2,Yes,Low,Placed
Female,ECE,9.48,86.5,80.2,0,1.8,67.2,8,3,5,1,4,5,5,7.0,8,No,High,Tier 2,Yes,High,Placed
Female,CSE,8.75,78.1,67.0,0,3.0,66.9,6,1,5,1,4,4,4,5.9,10,No,Low,Tier 1,Yes,Low,Placed
Male,CSE,6.81,57.0,62.3,0,3.2,64.8,6,0,4,5,4,4,4,7.4,9,No,High,Tier 2,No,,Placed
Female,ECE,9.28,89.5,75.4,0,3.9,79.1,6,3,4,1,5,3,2,4.8,3,No,Medium,Tier 2,Yes,Medium,Placed
Male,IT,8.75,82.0,79.2,0,5.8,76.1,8,3,5,3,5,6,3,4.1,10,No,Medium,Tier 3,Yes,,Placed
Male,CSE,6.64,55.7,56.1,0,6.4,77.1,5,0,3,1,3,3,4,6.7,10,No,Medium,Tier 3,Yes,,Placed
Male,ECE,8.01,64.2,65.5,0,4.3,65.7,6,2,4,4,4,5,1,6.3,9,No,Low,Tier 1,Yes,Low,Placed
Male,ME,9.9,86.4,92.7,0,6.6,83.0,4,4,4,1,5,3,4,8.2,1,No,Low,Tier 2,Yes,Low,Placed
Male,CSE,8.61,84.2,80.4,0,5.7,72.1,6,2,4,5,3,4,4,7.2,5,No,Low,Tier 1,Yes,Low,Placed
Female,ECE,9.08,84.2,84.2,0,3.8,66.2,5,4,4,3,5,3,3,9.0,4,No,Low,Tier 3,Yes,Low,Placed
Female,CE,8.09,74.0,70.4,0,6.9,85.6,2,0,2,5,3,1,3,6.3,8,No,Medium,Tier 3,Yes,,Not Placed
Male,IT,8.76,85.5,73.5,0,4.1,58.8,6,2,4,2,5,4,1,7.6,5,No,Medium,Tier 2,Yes,Medium,Placed
Female,ME,9.52,75.4,82.7,0,4.5,67.1,8,4,5,5,5,5,3,6.7,9,No,Medium,Tier 2,Yes,,Placed
Male,ME,8.92,79.9,79.5,0,2.1,69.8,8,2,5,1,5,4,2,8.7,1,No,Low,Tier 3,Yes,High,Placed
Female,CSE,8.22,80.1,67.1,0,4.7,79.6,5,3,2,2,4,2,1,6.8,8,No,High,Tier 3,No,Low,Placed
Female,IT,8.64,72.7,79.7,0,4.8,67.5,7,3,5,5,4,6,4,8.0,6,No,Medium,Tier 2,Yes,Medium,Placed
Male,CSE,8.58,72.8,84.7,0,5.7,84.0,5,1,4,3,4,5,2,5.7,4,Yes,High,Tier 3,Yes,High,Placed
Female,CE,7.73,68.5,67.7,0,3.5,74.1,7,2,5,2,4,4,6,6.5,2,No,Medium,Tier 2,Yes,Low,Placed
Male,CSE,7.91,68.5,71.1,0,2.5,63.4,4,3,3,4,4,3,1,6.9,4,No,Low,Tier 2,Yes,Medium,Placed
Male,IT,8.39,73.6,84.9,2,4.8,78.0,5,2,4,2,3,3,3,8.5,5,No,Medium,Tier 3,No,High,Not Placed
Female,CE,6.62,60.4,63.0,0,5.5,77.7,3,0,1,2,4,0,3,4.4,3,No,Medium,Tier 2,Yes,Low,Placed
Male,CE,9.31,81.0,85.2,0,3.3,68.5,8,2,5,1,5,5,3,6.6,10,No,Low,Tier 3,Yes,High,Placed
Male,CSE,7.52,66.0,64.8,2,2.3,69.9,3,3,2,5,4,1,1,6.6,7,No,Low,Tier 1,Yes,,Not Placed
Male,ECE,6.93,58.2,67.5,0,3.2,66.5,6,1,4,2,4,2,3,4.5,6,No,Low,Tier 2,Yes,Low,Placed
Female,ME,10.0,89.0,90.3,0,7.2,85.5,4,4,3,2,5,4,4,6.4,1,No,Low,Tier 1,Yes,Medium,Placed
Male,CE,8.08,73.7,74.0,0,2.1,63.5,8,3,5,2,3,5,6,5.2,8,No,Medium,Tier 2,Yes,,Placed
Male,CSE,8.8,79.8,66.0,1,2.0,68.4,8,4,5,5,4,5,6,4.2,10,Yes,Medium,Tier 2,Yes,Medium,Placed
Female,IT,7.62,65.5,73.8,0,7.7,79.8,4,1,3,3,4,4,4,6.7,10,Yes,Low,Tier 3,No,High,Not Placed
Female,IT,9.52,81.9,86.4,0,3.7,69.9,7,3,5,5,4,6,1,6.6,4,No,Medium,Tier 2,Yes,High,Placed
Male,CSE,8.25,72.3,71.0,1,1.6,59.6,6,3,4,3,5,4,0,6.7,7,No,Medium,Tier 3,No,Low,Placed
Male,IT,7.43,64.8,71.3,1,1.2,57.8,6,3,5,2,4,5,2,7.3,10,No,Low,Tier 2,Yes,High,Placed
Male,ECE,6.91,56.6,64.1,0,5.1,81.4,8,2,5,5,4,5,3,5.9,3,No,Low,Tier 3,Yes,Low,Placed
Male,ECE,9.41,79.9,89.4,0,4.7,78.9,5,3,4,5,5,4,4,9.0,10,No,Low,Tier 2,Yes,Low,Placed
Male,ECE,8.18,76.2,70.0,0,5.2,82.7,5,1,3,5,3,2,5,7.0,9,No,Medium,Tier 2,Yes,Medium,Placed
Female,ME,9.55,74.2,83.3,0,2.3,69.2,7,4,5,2,5,4,5,8.5,2,Yes,Low,Tier 1,Yes,Medium,Placed
Female,CE,7.34,68.9,63.9,0,1.6,75.4,8,0,5,2,4,5,4,5.0,10,No,Medium,Tier 2,Yes,Low,Not Placed
Female,ECE,8.39,77.2,71.2,1,5.1,71.3,5,2,3,3,4,3,1,6.0,6,No,Medium,Tier 2,Yes,Medium,Placed
Male,ME,8.24,78.6,72.8,0,1.9,67.4,7,0,4,3,5,4,5,7.8,10,No,Medium,Tier 2,Yes,Low,Placed
Female,ME,10.0,89.6,93.8,0,3.7,60.0,4,2,3,5,4,2,2,6.7,7,No,Low,Tier 3,Yes,Medium,Placed
Male,CE,7.21,70.7,61.0,0,2.2,68.2,7,1,5,4,4,6,1,5.7,6,No,Medium,Tier 3,Yes,High,Placed
Female,CSE,7.71,73.9,71.0,0,7.3,76.8,7,3,5,1,3,3,6,4.8,10,No,Medium,Tier 3,No,Low,Placed
Female,IT,8.12,85.0,62.6,0,5.8,76.5,6,2,4,2,4,4,4,7.9,6,No,High,Tier 2,Yes,Low,Placed
Male,ECE,8.55,88.4,79.0,1,9.3,80.8,6,3,4,1,3,3,2,7.8,6,No,Medium,Tier 3,Yes,Medium,Not Placed
Female,CSE,8.3,70.7,76.8,0,5.3,71.9,5,1,4,1,4,3,3,7.3,10,No,Medium,Tier 3,Yes,Low,Placed
Male,CSE,9.53,100.0,83.4,0,4.6,83.1,8,2,5,1,5,6,1,6.4,6,No,Medium,Tier 1,Yes,High,Placed
Female,ECE,8.12,80.7,70.2,0,5.4,79.6,2,0,1,3,4,1,0,5.7,6,No,Medium,Tier 2,Yes,,Placed
Male,IT,9.71,86.3,92.1,0,0.9,57.0,8,4,5,2,5,5,0,6.9,7,No,High,Tier 1,Yes,Low,Placed
Male,ECE,9.15,76.0,76.7,0,0.4,61.2,5,2,3,4,4,4,1,5.4,4,No,Low,Tier 1,Yes,,Placed
Female,CE,8.61,75.1,85.7,1,5.4,82.1,7,2,4,4,5,5,1,6.1,2,No,High,Tier 1,Yes,,Placed
Male,CSE,7.51,65.6,67.1,0,2.8,57.9,5,1,4,4,4,5,2,8.5,6,No,Medium,Tier 1,Yes,Medium,Placed
Female,ECE,8.78,81.8,76.2,0,4.0,77.5,4,3,3,5,4,2,2,4.8,10,No,Medium,Tier 3,Yes,Low,Placed
Male,IT,9.53,81.2,77.2,0,0.7,61.3,7,4,5,2,5,6,2,7.8,3,No,Low,Tier 2,Yes,High,Placed
Female,CE,9.28,83.3,86.8,0,3.0,82.4,5,3,3,3,5,2,3,8.8,7,No,Medium,Tier 2,Yes,Medium,Not Placed
Female,CSE,7.41,70.2,67.1,0,3.3,65.7,7,0,5,3,4,5,5,8.0,10,Yes,Medium,Tier 3,Yes,Low,Placed
Male,ECE,8.34,70.2,78.2,1,5.8,81.4,3,2,2,5,5,2,0,7.5,9,No,Low,Tier 3,Yes,Medium,Placed
Male,CSE,6.66,59.3,66.9,1,4.3,62.9,8,0,5,3,3,5,5,6.4,3,No,Low,Tier 3,No,Medium,Not Placed
Male,ECE,6.82,57.4,57.6,2,1.2,62.9,2,2,1,2,3,0,0,6.2,1,No,High,Tier 2,Yes,Medium,Not Placed
Male,CE,9.08,90.7,79.6,0,3.0,67.9,4,4,3,5,5,3,6,4.3,5,Yes,Medium,Tier 2,Yes,Medium,Placed
Male,CE,9.17,79.0,77.6,0,6.2,74.6,8,2,5,4,5,6,4,7.0,8,No,Medium,Tier 2,Yes,,Placed
Female,CSE,9.74,89.2,83.9,0,3.1,69.0,4,2,3,1,5,2,6,6.5,8,Yes,Low,Tier 1,Yes,Medium,Placed
Female,IT,7.65,63.3,74.1,0,5.8,80.5,5,2,4,4,4,3,8,6.2,1,No,Medium,Tier 1,Yes,Low,Placed
Female,ME,9.69,83.1,91.2,0,2.9,77.0,8,2,5,1,5,5,5,7.0,3,No,Medium,Tier 2,Yes,Low,Placed
Female,ECE,9.67,85.1,87.6,0,4.7,75.7,4,3,3,2,4,3,1,7.1,8,No,Medium,Tier 3,Yes,High,Placed
Female,ECE,9.95,83.2,92.3,0,4.1,72.1,3,4,3,2,5,4,2,6.2,7,No,Medium,Tier 1,No,Low,Placed
Female,ME,9.34,84.8,93.0,0,3.8,72.6,5,3,5,2,4,5,5,8.9,5,No,Medium,Tier 1,Yes,Medium,Placed
Male,ME,5.59,50.0,50.0,1,1.4,66.7,4,0,3,3,3,4,3,7.9,3,No,Medium,Tier 1,Yes,Low,Not Placed
Female,ECE,8.43,76.2,80.1,0,0.8,62.5,5,1,3,2,4,3,2,8.1,7,No,Low,Tier 3,Yes,,Placed
Female,ECE,6.61,59.8,62.6,2,4.5,80.5,1,0,1,5,3,2,2,6.9,5,No,High,Tier 2,Yes,Low,Not Placed
Male,CSE,6.46,58.9,54.3,3,4.1,70.6,7,1,5,3,4,6,2,7.6,1,No,Medium,Tier 2,Yes,Medium,Not Placed
Male,IT,8.36,79.3,74.7,1,2.9,61.2,7,3,5,3,4,6,4,5.9,7,No,Medium,Tier 1,Yes,Low,Placed
Male,ECE,9.08,86.8,78.4,1,2.3,65.4,8,3,5,3,4,4,2,7.8,3,No,Medium,Tier 2,Yes,Low,Placed
Male,CSE,7.23,60.7,72.6,1,6.7,80.9,5,0,4,3,3,3,3,6.8,2,No,High,Tier 1,Yes,High,Placed
Female,CE,6.41,59.7,52.0,1,6.0,79.6,5,1,3,4,4,2,1,5.8,6,Yes,Low,Tier 2,Yes,,Not Placed
Male,IT,7.95,71.6,61.1,0,5.5,81.2,3,3,2,2,4,1,2,7.0,10,No,Low,Tier 1,Yes,Low,Placed
Male,IT,9.43,89.7,77.0,0,7.2,88.5,8,2,5,4,5,5,3,6.6,4,No,Medium,Tier 3,Yes,High,Placed
Female,ECE,8.35,72.6,72.4,0,1.8,59.6,3,2,2,5,4,3,1,9.0,1,No,Medium,Tier 2,Yes,High,Not Placed
Male,CSE,8.18,65.0,75.0,0,4.6,73.5,7,1,5,5,3,5,1,7.5,5,Yes,Medium,Tier 3,Yes,Low,Placed
Male,ECE,6.67,59.0,52.6,2,1.2,72.6,6,1,4,4,3,5,1,8.9,9,No,Low,Tier 2,Yes,High,Not Placed
Male,CSE,8.21,73.7,75.1,0,3.2,63.1,7,2,5,5,4,3,5,8.4,1,No,Medium,Tier 2,Yes,,Placed
Female,IT,9.16,88.3,84.3,0,3.4,66.5,8,2,5,4,4,5,4,7.0,8,Yes,Low,Tier 1,Yes,Low,Placed
Female,CSE,8.2,78.1,71.9,0,2.6,69.5,5,4,4,3,4,4,1,6.5,8,No,Low,Tier 2,Yes,High,Placed
Male,CSE,8.36,69.0,74.4,0,3.9,61.4,8,1,5,3,4,5,6,4.9,10,No,High,Tier 2,Yes,High,Placed
Female,ECE,10.0,95.8,92.5,0,8.3,77.1,7,2,5,1,5,6,6,6.0,8,Yes,Medium,Tier 2,Yes,Low,Placed
Male,ECE,10.0,85.4,91.4,0,4.5,76.8,5,4,3,3,5,4,2,7.8,9,No,Medium,Tier 3,Yes,,Placed
Female,CE,10.0,85.8,90.6,0,6.0,81.3,6,4,4,4,5,4,1,6.6,10,No,Low,Tier 3,Yes,,Placed
Female,ECE,10.0,90.8,80.1,0,4.2,75.6,5,2,3,5,5,2,3,7.5,4,Yes,Medium,Tier 3,Yes,Low,Placed
Female,CSE,6.98,63.8,59.8,2,0.7,63.6,3,1,2,4,4,3,3,4.6,4,Yes,Medium,Tier 1,Yes,Medium,Not Placed
Male,CSE,7.19,64.0,59.0,0,2.7,63.5,4,2,2,3,3,1,3,7.5,2,No,High,Tier 2,Yes,Medium,Placed
Female,ECE,8.6,76.7,80.5,1,2.9,68.3,3,3,2,1,5,1,2,8.3,10,No,High,Tier 1,Yes,Low,Not Placed
Female,CSE,8.07,66.1,70.3,1,3.9,76.9,7,2,4,4,5,5,6,4.9,4,Yes,Medium,Tier 2,Yes,Medium,Placed
Male,ME,8.39,75.0,82.8,1,5.2,67.7,4,2,2,4,3,1,2,7.4,2,No,Medium,Tier 2,No,High,Not Placed
Female,ME,6.48,64.4,64.3,1,5.7,82.5,6,0,4,3,3,3,2,8.6,9,No,Medium,Tier 1,Yes,,Placed
Male,CE,8.93,79.9,87.1,0,4.7,66.9,8,3,4,2,4,4,4,9.0,5,No,Medium,Tier 3,Yes,Medium,Placed
Female,IT,8.32,83.8,73.0,0,6.1,82.4,7,1,5,3,4,5,5,6.4,4,No,Low,Tier 2,Yes,High,Placed
Male,IT,7.62,68.6,65.4,3,2.7,64.8,7,1,4,3,4,4,4,7.9,2,No,Medium,Tier 2,No,Low,Not Placed
Female,IT,8.61,73.3,75.7,0,5.1,72.9,7,2,5,1,4,5,1,8.7,3,No,Low,Tier 1,Yes,High,Placed
Male,CSE,6.78,56.5,65.8,0,5.0,68.8,2,0,2,5,2,3,1,7.5,9,No,Low,Tier 2,Yes,Medium,Placed
Male,CSE,8.23,79.5,79.9,0,5.8,93.6,5,3,2,2,4,2,0,8.5,3,No,Low,Tier 3,Yes,,Not Placed
Male,ECE,9.45,86.5,83.7,0,2.5,69.4,8,2,5,2,5,5,4,7.0,9,Yes,Medium,Tier 2,Yes,Low,Placed
Male,IT,9.46,78.1,90.8,0,7.7,89.8,6,1,4,5,5,4,4,7.5,2,Yes,Medium,Tier 3,Yes,Medium,Placed
Male,IT,9.52,86.4,84.5,0,2.4,58.3,5,3,3,5,4,4,4,6.3,6,Yes,Medium,Tier 1,Yes,Medium,Placed
Male,IT,7.22,67.7,66.0,1,3.1,73.8,4,2,2,3,4,4,2,6.8,2,No,Medium,Tier 2,Yes,Medium,Not Placed
Male,CSE,8.9,73.6,77.9,0,5.5,81.8,5,2,4,5,4,4,8,7.5,5,Yes,Low,Tier 3,Yes,Low,Placed
Male,IT,6.97,61.6,72.7,0,0.9,63.1,4,0,3,2,4,2,3,6.2,2,No,Medium,Tier 2,Yes,Medium,Placed
Male,ECE,10.0,85.7,99.4,0,2.1,64.3,8,2,5,1,5,3,4,6.7,3,No,Low,Tier 1,Yes,Low,Placed
Female,CSE,7.31,63.5,69.7,0,4.2,68.1,3,1,2,4,3,2,3,7.9,6,Yes,Medium,Tier 2,Yes,Low,Placed
Male,ECE,9.13,77.2,81.0,0,0.4,64.4,8,3,5,5,5,5,3,9.0,2,No,High,Tier 2,Yes,Low,Placed
Female,CSE,7.38,56.7,57.9,1,2.4,62.7,4,0,4,5,3,4,4,4.5,10,Yes,Low,Tier 3,Yes,Medium,Placed
Female,ECE,9.5,78.5,85.8,0,4.2,73.8,4,3,3,2,5,1,4,9.0,9,Yes,Low,Tier 3,Yes,,Placed
Female,ECE,6.81,66.2,64.2,0,2.4,72.8,4,2,2,3,3,3,3,6.7,5,No,Medium,Tier 3,Yes,Low,Not Placed
Male,ECE,8.69,75.3,71.1,0,7.6,90.4,4,2,2,1,4,1,1,8.2,1,No,High,Tier 2,Yes,Low,Placed
Female,ME,9.34,93.1,92.8,0,5.5,79.0,7,4,5,2,5,5,3,8.4,5,No,Medium,Tier 1,Yes,,Placed
Male,IT,8.2,68.5,80.9,0,4.9,73.0,7,3,5,1,4,6,1,8.9,4,No,High,Tier 2,No,Low,Placed
Male,ME,8.37,76.6,70.8,2,4.3,76.0,3,0,2,5,4,1,2,6.1,9,No,Medium,Tier 3,Yes,Medium,Not Placed
Male,ECE,8.35,76.3,75.9,0,5.5,80.5,4,2,2,4,4,3,3,6.7,2,No,High,Tier 3,Yes,Medium,Placed
Female,IT,8.06,72.5,73.7,0,4.1,64.7,3,4,2,1,4,2,1,6.9,8,Yes,Low,Tier 1,Yes,Medium,Placed
Male,IT,7.98,77.6,71.6,0,2.0,64.9,5,2,2,4,4,2,2,6.6,2,No,Low,Tier 2,Yes,Low,Placed
Male,CSE,7.48,61.0,68.6,0,4.7,70.8,6,2,5,2,4,6,6,8.6,4,Yes,High,Tier 2,No,,Placed
Female,ECE,10.0,95.5,86.9,0,2.6,71.1,7,4,4,1,4,3,4,6.9,3,No,High,Tier 1,Yes,High,Placed
Female,CSE,9.83,86.7,87.9,1,4.9,62.9,7,1,5,2,5,5,8,5.1,10,Yes,Low,Tier 2,Yes,,Placed
Male,CSE,9.74,89.9,88.5,0,4.6,72.5,3,4,3,5,5,3,4,6.2,8,No,Low,Tier 2,Yes,Medium,Placed
Male,ME,8.88,79.1,76.8,0,2.7,70.5,8,1,5,5,5,5,3,5.1,4,No,Low,Tier 1,Yes,High,Placed
Female,IT,10.0,97.4,93.6,0,8.1,78.0,4,3,3,1,4,3,3,6.7,2,Yes,Low,Tier 3,Yes,Medium,Placed
Male,CSE,8.09,68.3,72.9,1,6.5,79.4,6,2,4,4,5,4,0,7.8,6,No,Low,Tier 3,Yes,Low,Placed
Male,IT,7.22,57.5,62.5,0,3.9,73.6,7,1,5,2,4,4,3,6.2,6,No,High,Tier 3,Yes,Low,Placed
Male,IT,9.57,89.7,81.6,0,5.0,63.3,6,4,4,2,4,5,1,6.5,2,Yes,Medium,Tier 1,No,,Placed
Female,IT,8.99,81.6,84.1,0,4.7,74.1,6,2,4,3,5,3,3,6.7,5,No,Medium,Tier 2,Yes,Medium,Placed
Female,CSE,9.3,85.4,84.2,0,2.9,64.9,8,1,5,2,4,6,2,7.2,10,Yes,Medium,Tier 2,Yes,Medium,Placed
Female,IT,8.81,85.6,75.5,0,5.1,70.6,8,3,5,1,5,3,2,7.6,10,No,Medium,Tier 2,Yes,Medium,Placed
Female,ECE,7.43,68.0,65.3,0,3.6,75.8,7,2,4,3,4,5,3,8.0,10,Yes,Medium,Tier 2,Yes,,Placed
Male,ME,6.94,61.1,60.7,0,1.2,74.5,6,0,4,2,4,2,6,9.0,5,No,Medium,Tier 3,Yes,High,Not Placed
Male,CSE,8.71,78.3,82.6,0,3.0,72.5,6,3,5,2,5,6,5,7.1,8,Yes,Medium,Tier 1,Yes,Medium,Placed
Male,CSE,9.07,91.4,89.3,0,3.0,72.4,5,4,4,1,4,3,4,7.9,7,Yes,Medium,Tier 3,Yes,,Placed
Male,CE,8.08,74.4,72.0,0,0.1,51.6,8,2,4,2,4,5,0,5.1,10,No,Medium,Tier 3,Yes,Low,Not Placed
Male,ECE,7.89,74.9,72.9,1,6.7,77.6,6,2,3,1,5,4,3,6.5,4,No,High,Tier 3,Yes,Medium,Placed
Female,CSE,8.65,73.9,81.0,0,2.9,69.8,8,2,5,3,5,5,4,6.7,2,No,High,Tier 3,Yes,Low,Placed
Female,CSE,8.3,78.9,68.9,0,3.2,65.5,7,2,5,2,4,6,3,5.8,10,Yes,Medium,Tier 2,Yes,,Placed
Female,ME,8.43,73.9,76.1,1,8.5,97.9,4,2,3,3,5,2,2,6.4,5,No,Medium,Tier 3,Yes,,Not Placed
Male,CSE,9.26,74.6,85.6,1,2.1,65.8,6,3,4,5,5,3,2,6.9,10,No,Low,Tier 2,Yes,Medium,Placed
Female,IT,8.05,73.5,75.1,0,3.8,78.9,6,2,4,2,4,2,2,6.4,9,No,Medium,Tier 3,Yes,,Placed
Female,CSE,9.65,87.5,85.5,0,0.8,64.9,4,3,3,3,4,2,2,9.0,4,Yes,Medium,Tier 1,Yes,,Placed
Male,CSE,8.78,80.8,72.5,0,2.7,70.5,6,2,5,4,5,5,8,7.6,3,No,Low,Tier 1,Yes,High,Placed
Female,ECE,8.16,72.1,75.9,0,3.0,71.0,6,1,5,4,5,5,5,9.0,7,No,Medium,Tier 2,Yes,Medium,Placed
Male,ECE,8.76,84.1,80.0,1,6.2,88.2,4,3,2,1,5,2,2,8.8,10,No,Medium,Tier 2,Yes,Medium,Placed
Male,ECE,6.18,57.2,59.8,0,2.3,66.2,4,1,3,4,3,3,0,6.2,3,Yes,Low,Tier 2,Yes,Low,Placed
Male,ECE,8.16,71.8,63.0,1,5.7,71.7,5,3,3,3,4,3,3,7.0,8,No,High,Tier 2,No,Medium,Placed
Male,IT,6.81,66.7,61.5,2,9.4,87.6,8,0,5,2,4,5,4,6.5,7,No,Low,Tier 3,Yes,Medium,Placed
Male,ME,8.3,76.5,73.1,0,7.5,77.1,6,3,4,1,3,4,5,6.8,8,No,High,Tier 2,Yes,High,Placed
Female,CSE,7.55,68.7,65.5,0,0.0,55.2,3,1,3,1,4,2,2,5.8,10,Yes,Medium,Tier 2,No,Low,Placed
Female,ECE,7.74,67.3,63.5,0,5.0,72.5,8,2,5,5,5,4,3,6.5,6,No,Medium,Tier 1,No,Low,Placed
Female,IT,10.0,99.9,85.1,0,7.1,78.1,6,4,4,1,5,3,2,7.4,6,Yes,Medium,Tier 2,Yes,,Placed
Female,ECE,8.29,69.7,75.3,1,2.3,53.3,4,3,3,5,5,3,3,7.4,4,No,Medium,Tier 2,Yes,Medium,Placed
Male,CSE,8.56,75.3,73.3,0,3.8,71.1,7,2,5,4,5,6,5,7.3,8,No,Medium,Tier 3,No,Medium,Placed
Female,CE,8.4,73.8,70.7,1,3.4,73.5,7,0,5,4,4,5,9,6.9,2,No,Medium,Tier 1,Yes,,Placed
Male,ME,9.08,80.8,81.4,0,5.9,76.3,4,0,3,4,5,2,2,8.0,7,Yes,Medium,Tier 1,Yes,Low,Placed
Male,ME,7.75,72.7,65.7,1,3.0,77.7,5,3,3,1,4,3,1,6.7,10,No,Medium,Tier 2,Yes,,Not Placed
Male,CSE,9.71,89.5,87.0,0,7.8,86.5,4,4,5,3,5,5,2,8.7,6,No,High,Tier 2,Yes,Low,Placed
Male,CSE,9.81,91.1,87.8,0,6.5,83.3,5,3,4,5,5,4,2,4.8,7,No,Low,Tier 2,Yes,High,Placed
Male,ME,8.33,74.5,75.9,0,0.9,55.3,6,2,5,5,4,6,3,7.8,2,No,Medium,Tier 3,Yes,Medium,Placed
Male,CSE,9.37,90.1,79.6,0,0.9,62.6,8,2,5,1,4,6,4,7.6,6,Yes,Low,Tier 2,Yes,,Placed
Male,ECE,8.33,71.1,79.2,0,4.4,77.3,0,4,1,3,4,0,2,6.2,3,No,Medium,Tier 2,Yes,Low,Placed
Female,ECE,9.54,81.6,89.6,0,3.6,67.5,3,2,3,1,4,2,0,6.6,8,Yes,Medium,Tier 2,Yes,,Placed
Male,CSE,9.16,76.3,82.2,0,3.8,82.1,7,2,5,5,4,5,5,7.6,7,No,Low,Tier 1,Yes,Medium,Placed
Male,IT,7.99,69.7,73.5,0,2.9,73.9,3,1,2,3,4,3,3,8.1,8,No,Low,Tier 3,Yes,Low,Placed
Male,IT,8.51,77.1,78.8,0,1.9,68.9,8,1,4,4,4,4,3,4.9,10,Yes,Low,Tier 2,Yes,High,Placed
Female,CE,9.01,78.3,83.9,0,4.1,71.5,8,1,5,4,5,6,1,7.8,9,No,Medium,Tier 2,Yes,Medium,Placed
Male,CSE,9.67,84.5,89.5,0,4.9,62.4,8,3,5,4,4,6,2,6.5,1,No,Medium,Tier 3,Yes,Medium,Placed
Male,CSE,6.79,66.7,63.4,1,6.1,82.6,6,1,3,2,4,3,2,8.4,4,No,High,Tier 1,Yes,High,Placed
Male,ECE,7.45,63.6,68.5,0,6.4,76.1,8,2,5,2,3,4,3,4.8,8,No,Medium,Tier 3,Yes,Medium,Placed
Male,CSE,8.18,72.0,75.5,0,4.1,68.6,8,4,5,4,4,6,1,9.0,7,No,Low,Tier 2,Yes,Low,Placed
Male,IT,8.65,79.7,67.1,0,4.7,72.4,8,2,5,5,5,3,4,5.9,7,No,High,Tier 2,Yes,Medium,Placed
Male,CSE,8.57,68.8,71.5,2,0.6,54.9,8,1,5,3,4,5,1,8.7,6,No,Medium,Tier 3,Yes,Medium,Placed
Male,ECE,8.42,69.8,78.5,1,5.4,71.1,3,3,3,5,4,2,0,6.9,1,No,Medium,Tier 3,Yes,Low,Placed
Male,ECE,9.59,90.1,81.0,0,6.7,83.8,8,3,5,2,5,4,5,6.0,5,No,Low,Tier 2,Yes,,Placed
Male,ME,6.6,50.2,59.4,0,5.3,78.6,6,2,5,3,4,5,1,7.3,3,Yes,Medium,Tier 3,Yes,Low,Placed
Female,CSE,7.19,57.3,60.6,1,3.9,73.0,3,0,2,3,4,2,4,8.2,3,Yes,High,Tier 2,Yes,Low,Placed
Male,ECE,7.62,60.3,69.7,0,2.1,58.0,5,1,3,1,4,3,5,5.1,3,No,Medium,Tier 2,Yes,,Placed
Male,CSE,10.0,88.2,74.0,0,2.1,72.7,7,2,4,4,5,5,1,7.8,10,No,Medium,Tier 1,Yes,High,Placed
Male,IT,9.07,75.2,83.0,0,3.6,73.5,8,2,5,5,5,6,5,7.0,9,No,Medium,Tier 1,Yes,Medium,Placed
Female,CSE,8.24,69.9,73.4,0,4.9,66.4,5,3,3,3,4,5,2,7.7,4,No,High,Tier 3,Yes,Medium,Placed
Male,IT,9.54,91.6,81.0,0,0.0,64.1,8,3,5,3,5,3,7,7.0,4,No,Low,Tier 1,Yes,Medium,Placed
Male,IT,6.81,60.3,65.8,0,1.4,61.6,6,1,4,1,4,6,4,6.3,9,No,Medium,Tier 1,Yes,Medium,Placed
Female,CSE,7.8,71.3,78.6,0,5.9,80.4,7,2,5,4,4,6,5,5.7,7,No,High,Tier 3,Yes,High,Placed
Male,CE,8.9,81.9,69.4,1,7.5,74.1,7,3,3,4,5,3,2,7.8,4,No,Low,Tier 1,No,Low,Placed
Male,CSE,8.42,81.1,72.4,0,3.7,68.4,3,3,2,2,5,0,0,7.8,7,No,Medium,Tier 1,Yes,Medium,Placed
Male,IT,9.05,79.0,73.9,0,5.3,63.7,4,2,3,5,4,4,2,7.8,5,No,Medium,Tier 2,Yes,Low,Placed
Female,ECE,7.85,70.3,61.8,0,3.8,70.9,3,1,1,5,4,2,0,7.5,9,Yes,Medium,Tier 2,Yes,High,Placed
Male,ECE,9.23,81.9,83.5,0,4.2,75.4,3,3,2,1,4,3,2,8.1,4,Yes,Medium,Tier 3,Yes,High,Placed
Female,ECE,8.09,67.8,67.4,0,1.8,61.7,3,2,1,1,4,2,1,8.7,9,Yes,Medium,Tier 2,Yes,High,Placed
Female,CSE,9.08,80.9,76.3,0,5.1,76.2,7,3,5,1,5,4,5,4.7,9,Yes,Medium,Tier 2,No,,Placed
Male,IT,8.6,78.9,73.6,1,2.5,61.0,5,1,3,4,5,4,1,4.2,10,Yes,Low,Tier 3,Yes,Low,Placed
Male,CSE,7.87,75.2,70.5,0,4.5,73.1,5,2,4,3,4,5,3,9.0,6,No,Medium,Tier 2,Yes,,Placed
Male,ME,7.32,61.5,71.4,1,5.5,83.5,5,1,3,3,3,3,4,5.4,6,No,Low,Tier 2,Yes,Low,Placed
Male,ECE,9.66,92.4,88.5,0,5.3,75.0,7,2,5,3,5,5,2,5.7,4,No,Low,Tier 3,Yes,Low,Placed
Male,IT,7.15,62.4,65.8,1,2.4,72.0,3,2,2,5,3,2,3,6.7,3,No,High,Tier 2,Yes,Low,Not Placed
Female,CSE,9.24,89.3,78.9,0,4.5,76.9,7,4,5,3,4,6,2,5.0,9,No,Medium,Tier 2,Yes,Medium,Placed
Female,ECE,7.28,65.4,69.9,0,2.8,73.1,6,2,4,5,4,5,2,6.5,10,Yes,High,Tier 1,No,Low,Placed
Female,ECE,9.1,83.3,87.2,0,5.5,68.8,8,3,5,2,4,5,6,5.9,7,No,Low,Tier 2,Yes,High,Placed
Male,CE,7.93,69.5,75.7,0,5.7,81.3,5,2,3,2,4,3,2,6.7,7,No,Medium,Tier 1,Yes,,Placed
Female,CSE,9.03,89.1,77.5,0,5.6,84.0,6,1,4,3,5,4,6,7.3,7,No,Low,Tier 2,Yes,Low,Placed
Female,CSE,9.94,85.0,93.4,0,7.0,89.4,8,4,5,2,5,5,5,6.6,6,No,Medium,Tier 3,Yes,Medium,Placed
Female,CSE,8.25,79.4,80.3,0,5.1,70.9,8,3,5,1,4,4,2,6.5,2,No,Medium,Tier 2,Yes,Medium,Placed
Male,CE,8.0,66.5,76.1,0,7.1,81.7,6,2,4,2,5,3,2,7.3,5,No,Low,Tier 1,Yes,,Placed
Female,CSE,7.65,65.5,67.9,0,5.5,69.9,3,0,2,1,2,1,3,8.3,10,Yes,High,Tier 3,Yes,High,Not Placed
Male,ME,5.5,58.0,50.0,0,2.7,65.6,3,0,2,2,2,2,1,8.9,6,No,Low,Tier 1,No,Medium,Placed
Male,CSE,7.42,69.9,67.7,1,4.5,67.5,4,2,2,3,3,3,0,6.7,9,Yes,Medium,Tier 3,Yes,High,Not Placed
Male,IT,10.0,91.3,87.4,0,6.2,83.9,5,2,3,3,5,2,5,9.0,1,No,High,Tier 2,Yes,High,Placed
Female,IT,6.87,62.8,50.0,0,6.4,84.3,4,1,3,1,3,2,1,8.1,10,No,High,Tier 1,Yes,Medium,Not Placed
Female,ECE,7.48,72.9,64.1,0,3.2,72.6,8,1,5,2,4,4,4,5.5,9,No,High,Tier 3,Yes,High,Placed
Male,ECE,7.85,72.5,71.9,1,3.2,70.7,4,1,3,1,3,2,3,5.5,7,No,Medium,Tier 1,No,High,Placed
Male,CSE,8.13,73.3,75.3,1,5.3,77.3,5,1,4,1,4,4,3,6.3,8,Yes,Low,Tier 3,No,High,Not Placed
Male,CSE,7.55,70.3,75.6,2,2.6,67.1,7,3,4,4,4,5,1,8.7,3,No,Low,Tier 1,Yes,High,Not Placed
Male,CSE,9.64,85.8,93.6,1,3.7,74.3,4,2,3,4,5,1,2,6.4,5,Yes,Medium,Tier 1,Yes,High,Placed
Male,ME,8.76,76.8,81.2,0,4.4,78.7,3,3,2,1,4,2,0,4.7,4,No,Medium,Tier 1,No,Low,Placed
Male,ECE,7.34,62.5,62.0,2,3.8,75.3,2,1,1,5,3,0,1,6.7,6,No,Low,Tier 1,Yes,Low,Not Placed
Female,IT,8.3,69.4,75.2,0,5.8,83.7,7,2,5,3,3,5,3,4.6,7,No,Medium,Tier 3,Yes,High,Placed
Male,ECE,8.03,74.6,70.1,1,5.6,90.3,1,1,1,3,4,0,1,5.7,4,Yes,Medium,Tier 2,Yes,Medium,Not Placed
Male,ME,9.13,81.4,71.4,0,4.5,77.0,4,3,3,3,5,4,3,6.3,1,No,Medium,Tier 3,Yes,Low,Placed
Male,ECE,9.43,76.7,98.2,0,1.9,60.2,5,2,2,3,5,2,1,7.2,8,No,Medium,Tier 1,Yes,Low,Placed
Female,ECE,9.25,81.3,77.7,0,6.9,75.5,2,2,2,4,5,1,2,8.2,8,No,Medium,Tier 2,Yes,Medium,Placed
Female,CSE,9.79,89.6,78.8,0,2.6,62.2,8,4,5,4,5,6,5,7.8,6,No,High,Tier 2,Yes,Low,Placed
Female,ECE,7.83,67.0,61.1,1,3.0,68.0,3,1,2,1,4,1,6,5.6,10,No,Low,Tier 2,Yes,,Placed
Male,ECE,6.7,61.7,59.2,0,2.5,67.0,7,1,4,5,4,4,2,6.6,2,Yes,Medium,Tier 2,Yes,,Placed
Male,CE,7.0,51.8,68.0,1,1.1,63.4,5,0,4,1,4,4,3,7.1,10,No,Low,Tier 2,Yes,Medium,Not Placed
Male,IT,9.28,91.3,79.9,0,6.1,78.4,5,2,3,5,5,4,2,6.7,8,No,Low,Tier 1,Yes,Low,Placed
Female,ECE,9.02,82.5,83.8,0,7.7,84.8,6,3,5,2,4,5,4,6.7,2,No,Medium,Tier 3,Yes,Medium,Placed
Female,CSE,7.39,56.9,68.3,1,1.5,65.4,3,1,3,5,4,5,1,4.9,10,No,High,Tier 3,No,Medium,Placed
Female,ECE,7.35,50.0,64.5,0,0.4,68.3,1,3,1,5,3,2,0,5.6,5,No,Low,Tier 2,Yes,Medium,Placed
Female,ECE,7.42,68.0,61.6,2,4.3,79.6,4,2,3,3,4,2,5,6.5,6,No,Medium,Tier 1,No,,Not Placed
Female,CSE,9.26,78.6,87.6,0,4.7,73.1,7,3,5,5,5,6,2,4.0,10,Yes,Medium,Tier 1,Yes,,Placed
Male,CE,9.81,89.8,89.1,0,0.0,61.4,6,4,5,5,5,5,5,7.8,3,No,Low,Tier 2,Yes,Medium,Placed
Female,IT,7.58,72.4,68.2,1,1.9,74.5,4,1,3,5,4,3,1,5.4,4,No,High,Tier 1,Yes,Medium,Not Placed
Male,IT,8.37,71.4,81.5,0,6.7,77.3,4,3,3,3,4,3,3,7.8,2,Yes,Medium,Tier 1,Yes,,Placed
Male,CSE,9.03,84.9,82.8,0,5.2,71.2,8,3,5,3,5,4,5,7.7,6,Yes,Low,Tier 3,No,Low,Placed
Male,IT,10.0,94.5,86.1,0,6.7,76.3,8,2,5,1,5,6,4,6.3,1,No,Medium,Tier 2,Yes,High,Placed
Male,CE,9.46,87.4,90.2,1,1.9,58.9,6,1,4,4,5,5,4,8.2,1,No,Medium,Tier 2,Yes,High,Placed
Male,ECE,10.0,96.6,96.7,0,4.0,69.0,6,3,4,3,4,5,4,7.9,6,Yes,Medium,Tier 1,Yes,Low,Placed
Male,ECE,9.18,78.0,84.6,1,3.9,63.5,5,3,3,4,4,3,2,6.6,4,Yes,Medium,Tier 3,No,,Placed
Male,IT,9.28,76.7,82.5,0,6.2,74.6,4,3,3,3,5,3,2,6.5,10,Yes,Low,Tier 1,Yes,Low,Placed
Male,ECE,9.64,78.5,95.3,0,2.7,75.5,5,4,4,1,5,5,5,8.3,3,No,Medium,Tier 3,Yes,Low,Placed
Male,ECE,8.63,78.0,85.4,0,3.0,60.8,6,3,4,5,4,3,2,7.3,7,No,Low,Tier 3,Yes,Low,Placed
Male,ECE,8.86,81.9,81.8,0,5.0,74.6,8,4,5,2,4,5,3,8.3,3,No,High,Tier 3,Yes,Low,Placed
Male,ME,9.14,85.4,75.5,0,5.6,72.7,7,1,5,3,5,5,1,4.1,4,No,Medium,Tier 3,Yes,Medium,Placed
Male,CSE,8.92,80.0,76.8,1,3.1,69.8,8,2,5,1,5,5,4,7.1,3,No,Low,Tier 2,Yes,,Placed
Female,IT,7.68,70.7,80.7,0,4.5,73.1,4,2,2,2,4,4,1,5.1,6,No,High,Tier 1,Yes,High,Not Placed
Female,ME,9.04,83.0,78.1,0,5.9,80.9,8,4,5,2,4,5,2,7.0,9,No,Low,Tier 1,Yes,Medium,Placed
Female,ME,8.48,78.5,82.2,0,4.6,74.8,8,2,5,5,4,4,1,7.9,2,No,Medium,Tier 2,No,Medium,Placed
Female,CSE,8.79,81.7,73.8,0,3.1,62.3,8,3,5,5,4,6,1,9.0,7,Yes,Medium,Tier 1,Yes,High,Placed
Male,ME,8.39,80.0,72.0,0,4.6,74.1,5,1,3,5,4,5,0,5.9,7,No,Low,Tier 2,Yes,Medium,Placed
Female,CSE,8.9,73.9,77.4,0,5.3,65.6,6,2,5,3,5,6,1,6.4,7,Yes,High,Tier 1,Yes,High,Placed
Male,CSE,8.76,75.2,81.6,0,4.2,62.9,7,3,5,5,4,5,0,6.9,5,No,Medium,Tier 3,Yes,Low,Placed
Male,ECE,7.22,67.4,66.3,1,5.1,81.0,8,2,5,1,4,6,7,5.8,9,Yes,Low,Tier 2,Yes,Low,Placed
Female,ECE,8.11,64.7,86.4,0,5.9,80.0,3,1,2,5,3,3,2,8.2,4,No,Medium,Tier 2,Yes,Medium,Placed
Male,ME,6.91,61.5,53.6,0,4.8,70.8,4,1,2,3,3,1,3,6.9,8,No,Medium,Tier 3,Yes,Medium,Placed
Female,CSE,9.89,94.1,80.0,0,5.7,76.3,6,4,5,3,5,5,3,7.1,9,No,High,Tier 1,Yes,Low,Placed
Female,ECE,8.14,80.8,70.2,1,3.7,75.7,2,1,1,4,4,1,1,7.7,10,No,Medium,Tier 3,Yes,Medium,Not Placed
Female,CSE,8.48,79.5,77.9,1,3.0,69.2,8,1,5,2,4,3,2,6.9,7,No,Medium,Tier 3,Yes,,Placed
Female,IT,8.97,82.7,82.7,0,6.8,76.4,8,2,5,5,4,6,3,6.0,1,No,Medium,Tier 1,Yes,Medium,Placed
Male,ME,6.4,62.3,57.2,1,0.0,55.6,4,1,2,2,4,2,4,6.9,5,No,Medium,Tier 2,No,Low,Not Placed
Male,ME,8.2,75.9,68.8,0,4.8,66.0,8,2,5,3,4,4,2,6.0,7,No,Medium,Tier 2,Yes,Medium,Placed
Male,ECE,8.28,77.8,73.8,0,3.4,66.6,2,2,1,1,4,1,3,7.1,6,Yes,Low,Tier 3,Yes,Low,Not Placed
Male,CSE,6.91,71.6,57.4,0,5.4,69.8,6,0,4,5,3,2,1,8.2,5,No,Medium,Tier 2,Yes,High,Placed
Female,IT,8.39,75.8,75.3,2,1.6,68.2,6,4,5,2,5,5,3,5.6,7,No,Medium,Tier 2,Yes,Low,Placed
Female,CSE,8.27,73.3,78.9,0,4.7,75.9,7,3,4,4,4,6,5,5.2,7,No,High,Tier 3,No,High,Placed
Female,ECE,8.24,80.8,63.1,2,5.2,69.9,3,3,2,3,5,3,2,7.1,5,No,Low,Tier 1,Yes,,Not Placed
Male,ME,10.0,89.4,95.5,0,4.8,69.9,3,4,2,1,5,2,1,6.1,1,No,Medium,Tier 3,Yes,Medium,Placed
Male,CSE,8.49,78.8,67.1,0,2.3,65.2,7,2,5,2,4,4,6,7.0,6,No,High,Tier 3,Yes,Low,Placed
Male,IT,9.09,85.7,76.1,0,2.8,65.5,7,4,5,1,4,4,2,7.4,6,No,Medium,Tier 3,Yes,High,Placed
Male,ECE,8.62,71.9,90.4,0,5.4,81.9,6,2,3,3,4,2,1,4.4,10,No,High,Tier 3,Yes,Medium,Placed
Female,CSE,8.82,79.2,76.4,0,3.8,82.0,7,3,3,1,4,3,3,7.8,5,No,High,Tier 2,Yes,High,Placed
Male,CSE,5.62,50.0,55.5,0,0.0,54.8,7,0,5,1,3,5,0,5.6,4,No,Medium,Tier 3,Yes,,Placed
Male,CSE,7.59,66.4,75.3,0,3.1,74.4,7,1,5,4,3,4,4,7.0,8,Yes,Medium,Tier 2,Yes,High,Placed
Male,IT,8.82,83.6,84.4,0,6.4,77.8,7,3,4,2,4,3,3,6.2,1,No,Low,Tier 2,Yes,Low,Placed
Female,ME,6.82,55.6,53.0,2,3.7,70.9,7,2,5,2,4,3,6,6.3,5,No,Medium,Tier 1,No,,Placed
Female,CSE,7.86,69.4,69.2,0,1.4,65.1,7,1,4,2,4,3,2,9.0,5,No,Low,Tier 3,Yes,Low,Placed
Male,CSE,9.33,85.3,79.1,0,3.3,67.1,8,3,5,2,5,6,5,7.4,3,No,Medium,Tier 3,Yes,Low,Placed
Male,ME,8.62,77.1,79.3,0,4.0,67.9,2,2,2,2,4,3,0,8.1,2,No,Medium,Tier 3,Yes,Medium,Placed
Male,ME,6.92,64.1,58.9,1,2.5,64.6,5,3,3,3,3,4,3,7.2,4,No,Medium,Tier 1,Yes,Low,Not Placed
Male,ECE,9.17,85.4,88.4,0,6.7,81.3,2,4,3,3,5,2,1,7.7,8,Yes,Low,Tier 3,Yes,,Placed
Female,ECE,6.16,58.7,58.5,0,3.4,71.8,2,1,1,4,2,2,1,7.5,10,No,High,Tier 3,Yes,Medium,Not Placed
Female,CSE,9.05,86.9,78.6,1,3.6,80.9,7,3,5,1,4,5,2,7.3,3,No,Low,Tier 2,Yes,High,Placed
Male,ME,7.85,82.4,70.3,0,3.7,70.6,7,3,5,3,4,4,7,8.3,6,No,Low,Tier 1,Yes,Medium,Placed
Male,IT,9.67,91.6,89.0,0,0.4,58.5,7,4,5,4,5,5,2,7.2,7,No,Low,Tier 2,Yes,Medium,Placed
Female,CSE,7.27,65.2,64.9,1,4.8,72.0,7,2,5,3,3,6,1,9.0,3,Yes,High,Tier 1,Yes,Medium,Placed
Male,ME,8.35,77.4,70.6,1,2.8,66.6,7,2,5,4,4,6,6,8.2,3,No,High,Tier 2,Yes,Medium,Placed
Female,ECE,6.37,55.7,55.6,0,0.0,59.3,3,1,2,2,3,2,3,5.6,10,No,Medium,Tier 1,Yes,High,Placed
Male,ECE,7.71,74.9,66.7,0,1.0,64.4,6,1,4,1,4,5,3,6.8,2,Yes,High,Tier 2,Yes,Medium,Placed
Male,CSE,10.0,91.4,79.9,0,3.9,83.9,5,4,3,5,5,2,1,7.5,8,No,Low,Tier 1,Yes,Low,Placed
Male,IT,8.59,85.3,81.4,0,6.5,78.9,7,4,4,3,4,4,5,7.1,1,No,High,Tier 1,Yes,High,Placed
Male,ECE,7.15,62.7,61.0,0,5.4,69.3,7,2,3,1,3,3,2,7.8,3,No,Low,Tier 1,No,High,Placed
Female,ECE,9.14,80.9,79.2,0,5.1,82.8,8,4,5,5,4,3,1,8.0,7,Yes,Low,Tier 3,Yes,,Placed
Male,ECE,7.34,65.0,69.7,1,4.2,74.9,3,2,2,4,2,0,1,5.4,10,No,Low,Tier 2,No,Medium,Placed
Male,CSE,8.13,70.6,74.4,0,4.8,66.1,3,4,3,1,4,2,5,8.5,7,No,Medium,Tier 2,Yes,Medium,Placed
Male,CSE,8.16,76.2,71.7,0,4.2,73.6,7,2,5,3,3,5,5,6.4,3,No,Medium,Tier 2,Yes,Medium,Placed
Male,CE,7.75,71.0,70.5,0,2.5,68.2,3,1,3,3,4,2,4,6.3,6,No,Medium,Tier 2,Yes,Low,Not Placed
Male,CSE,9.46,86.9,82.6,0,2.6,71.7,5,3,4,3,5,4,6,6.3,2,Yes,High,Tier 3,Yes,Medium,Placed
Male,ME,6.34,50.0,51.8,0,4.0,84.3,7,0,4,2,4,5,3,8.0,8,No,Medium,Tier 1,No,Low,Placed
Female,ECE,8.03,67.4,70.5,1,2.5,67.5,3,2,2,3,4,1,1,6.7,9,No,Low,Tier 1,Yes,Low,Placed
Male,ECE,7.91,70.8,69.3,1,0.6,60.0,2,3,1,3,3,2,0,6.2,9,No,Medium,Tier 3,Yes,High,Not Placed
Male,ECE,8.76,79.4,74.9,0,5.2,76.1,8,2,5,3,5,6,7,6.5,4,No,Medium,Tier 2,Yes,Medium,Placed
Female,ECE,7.21,72.9,57.8,0,4.9,72.8,6,2,4,3,3,3,6,4.8,7,Yes,High,Tier 1,Yes,High,Placed
Male,CSE,6.71,55.6,60.3,0,0.6,54.9,3,1,3,3,3,2,2,6.0,7,No,Medium,Tier 1,Yes,High,Placed
Female,ECE,7.43,61.2,54.5,0,1.5,68.0,6,3,4,4,3,5,2,5.5,9,No,Medium,Tier 1,Yes,Medium,Placed
Male,ME,7.44,61.7,66.9,1,4.7,63.2,0,2,1,3,4,1,1,6.7,6,No,Low,Tier 3,Yes,High,Placed
Female,ME,8.26,74.9,72.3,0,1.7,58.3,4,1,3,2,4,4,2,7.8,8,Yes,Medium,Tier 1,Yes,Low,Placed
Female,CSE,9.83,92.1,87.7,0,4.1,65.2,7,4,3,3,5,4,3,7.7,1,No,High,Tier 3,Yes,Medium,Placed
Female,ECE,8.59,74.5,77.8,0,5.7,76.9,7,3,5,4,4,4,1,8.5,9,No,Low,Tier 3,Yes,Medium,Placed
Female,CSE,7.91,72.0,74.3,0,3.1,66.3,8,2,5,2,3,4,7,8.2,7,Yes,High,Tier 2,Yes,Medium,Placed
Male,CSE,6.28,50.6,53.3,2,5.3,80.3,4,0,3,4,3,4,3,6.4,8,No,Medium,Tier 1,Yes,,Not Placed
Female,CSE,8.5,70.1,74.2,0,3.0,74.8,8,2,5,5,5,6,5,7.0,6,Yes,Low,Tier 1,Yes,Low,Placed
Male,IT,7.0,60.7,63.4,0,3.3,63.2,7,2,5,1,3,6,6,7.0,7,No,High,Tier 2,No,Low,Placed
Male,CSE,8.06,76.8,67.3,0,4.8,67.9,6,1,4,5,3,5,2,4.4,5,No,Medium,Tier 2,Yes,Medium,Placed
Male,CSE,7.13,60.7,59.7,0,5.3,68.5,3,2,3,5,3,3,2,5.5,10,No,Medium,Tier 2,No,High,Placed
Male,CSE,8.0,71.1,73.3,0,1.5,70.8,4,2,2,2,4,2,1,6.8,1,No,Low,Tier 2,Yes,High,Placed
Male,CSE,8.11,68.3,71.3,2,1.4,64.7,5,2,3,1,5,3,2,6.8,7,No,Low,Tier 3,Yes,Low,Not Placed
Male,ME,8.38,70.1,70.1,1,1.0,58.7,4,2,2,1,4,2,3,7.6,5,No,High,Tier 2,Yes,Low,Placed
Male,CSE,10.0,92.3,82.4,0,7.4,85.5,5,3,3,5,5,5,2,7.6,1,No,Medium,Tier 2,Yes,,Placed
Female,CSE,7.7,66.4,68.7,0,3.1,65.9,6,3,3,1,4,3,6,4.9,10,No,High,Tier 3,Yes,Low,Placed
Female,ME,7.8,63.2,72.5,1,2.6,69.7,6,1,4,5,4,5,6,7.6,9,No,Low,Tier 1,Yes,High,Placed
Male,ECE,9.29,76.4,87.0,0,4.6,71.7,6,3,4,1,3,4,2,7.2,6,No,Low,Tier 1,No,High,Placed
Male,CE,8.62,82.6,70.6,0,0.7,55.9,8,1,5,4,4,5,4,7.7,9,No,Low,Tier 1,Yes,Low,Placed
Male,ME,9.55,77.6,87.9,2,3.3,74.2,6,3,2,4,5,1,1,8.3,7,No,Medium,Tier 1,Yes,Low,Placed
Male,CSE,9.18,88.2,77.3,0,4.0,70.2,7,3,5,5,4,6,1,6.8,8,No,High,Tier 2,Yes,Low,Placed
Male,ME,10.0,93.2,98.6,0,2.1,71.0,6,2,5,3,5,6,2,8.5,3,Yes,Medium,Tier 2,No,Low,Placed
Male,CSE,8.74,76.5,77.1,0,1.7,74.1,7,2,5,5,4,4,6,5.9,5,Yes,Medium,Tier 2,Yes,High,Placed
Male,ECE,7.06,67.2,57.3,2,3.2,73.4,6,0,4,4,3,4,7,5.9,7,Yes,High,Tier 3,Yes,Medium,Not Placed
Female,ECE,9.22,82.0,84.5,0,3.0,74.1,8,3,5,2,5,6,3,7.5,1,No,Medium,Tier 1,Yes,Medium,Placed
Male,CSE,8.45,78.1,75.6,0,3.0,72.8,6,2,4,3,3,4,4,6.6,8,No,Low,Tier 2,Yes,Medium,Placed
Male,ME,7.59,58.9,71.8,0,1.0,60.5,5,2,4,1,4,4,2,7.3,5,No,High,Tier 1,Yes,Low,Placed
Male,IT,7.43,67.6,68.0,0,1.0,66.8,3,1,2,2,4,3,5,9.0,8,Yes,Medium,Tier 2,Yes,Low,Placed
Male,IT,8.78,77.2,87.4,0,6.5,79.3,5,3,3,2,4,3,3,7.5,2,No,Low,Tier 2,Yes,,Placed
Male,ME,5.89,50.5,51.1,1,1.4,55.4,2,0,2,1,2,2,3,7.3,5,No,Low,Tier 3,Yes,Medium,Not Placed
Female,ECE,5.14,50.7,50.6,1,3.6,73.3,0,0,2,5,3,0,3,6.0,9,No,Medium,Tier 2,No,High,Not Placed
Male,CSE,8.09,83.4,69.5,1,3.7,74.7,7,3,4,4,4,3,4,5.0,10,No,Medium,Tier 1,Yes,Medium,Placed
Male,CSE,7.5,74.0,68.6,0,3.0,66.1,7,2,5,3,3,6,3,6.9,2,No,Low,Tier 2,No,,Placed
Female,ECE,8.02,78.0,69.7,0,3.7,62.9,8,3,5,4,4,6,3,8.3,2,No,Low,Tier 1,Yes,Medium,Placed
Female,ECE,7.88,66.8,76.4,1,3.3,77.9,7,2,4,3,3,3,4,6.6,6,Yes,Medium,Tier 1,Yes,,Placed
Female,IT,6.87,65.2,66.6,1,3.2,71.2,5,0,4,4,4,4,5,7.5,3,No,High,Tier 2,Yes,,Placed
Male,ECE,9.74,85.7,90.2,0,6.1,83.6,7,2,5,4,4,5,2,8.7,1,No,Medium,Tier 1,Yes,Low,Placed
Female,ECE,7.7,66.9,71.0,0,2.1,64.5,2,2,1,5,4,2,1,8.7,1,No,Low,Tier 2,No,Low,Placed
Male,ECE,8.22,84.7,77.4,1,2.7,67.3,3,3,1,5,4,0,4,7.5,6,Yes,Low,Tier 2,Yes,High,Not Placed
Male,IT,9.67,77.0,91.8,0,5.8,72.2,7,3,5,1,5,5,5,7.2,4,Yes,Low,Tier 2,Yes,Medium,Placed
Male,ME,7.14,66.7,64.8,0,2.8,76.9,1,0,2,2,4,3,3,5.2,10,No,Low,Tier 1,No,,Placed
Male,ME,9.21,85.0,85.6,0,3.1,83.6,6,3,3,5,5,3,1,6.2,3,No,Medium,Tier 3,Yes,Low,Placed
Male,ECE,8.67,82.2,85.8,0,2.8,67.7,5,2,2,3,4,0,1,6.7,3,No,Medium,Tier 2,Yes,Low,Placed
Male,IT,9.65,90.9,85.9,0,6.1,79.4,6,4,5,3,5,6,3,6.0,3,No,Medium,Tier 3,Yes,,Placed
Female,CSE,9.85,91.2,90.0,0,5.8,85.2,8,4,5,4,5,5,3,7.3,1,No,Medium,Tier 2,Yes,Low,Placed
Female,IT,8.75,80.8,76.8,0,1.6,55.1,6,3,5,2,4,6,4,9.0,3,No,Low,Tier 2,Yes,Medium,Placed
Female,ECE,8.82,75.5,86.1,1,6.8,93.8,5,2,3,4,5,0,5,8.8,5,No,Medium,Tier 2,Yes,Low,Not Placed
Male,ECE,8.11,73.3,71.8,0,0.0,69.7,6,2,3,2,5,3,3,7.3,9,Yes,Medium,Tier 2,Yes,High,Placed
Female,ECE,6.79,65.3,63.7,0,0.6,56.1,4,1,2,4,3,4,1,7.9,7,No,Medium,Tier 1,Yes,Low,Placed
Male,ME,8.3,71.3,85.3,0,0.8,57.3,6,3,4,2,4,4,3,6.1,4,No,Low,Tier 2,Yes,Low,Placed
Female,CSE,8.96,82.5,85.7,0,1.8,58.0,6,1,4,5,4,4,4,8.8,5,Yes,Medium,Tier 3,Yes,Low,Placed
Male,IT,7.16,68.7,63.2,0,3.1,62.3,6,2,3,5,3,3,2,5.1,6,No,Low,Tier 2,Yes,Medium,Placed
Female,ECE,9.28,81.9,87.6,0,1.9,68.9,5,1,3,5,4,5,2,8.1,8,No,Low,Tier 1,Yes,Medium,Placed
Male,ECE,7.81,78.1,72.5,0,1.6,60.6,3,3,2,5,5,2,4,7.6,9,Yes,High,Tier 2,Yes,,Placed
Female,CSE,8.97,83.6,73.0,0,4.9,76.5,8,4,5,1,5,6,6,6.1,3,Yes,High,Tier 3,Yes,High,Placed
Female,ECE,6.98,54.9,57.0,2,3.3,76.5,1,2,1,3,3,1,5,6.7,7,No,Low,Tier 3,Yes,,Not Placed
Male,ECE,6.23,56.5,54.5,0,5.5,81.0,2,0,2,5,3,1,2,5.6,7,No,Low,Tier 1,Yes,High,Placed
Male,ECE,9.85,84.8,90.4,0,5.7,82.1,6,3,3,5,5,3,2,5.7,4,No,Medium,Tier 3,Yes,,Placed
Female,ME,8.2,68.7,70.8,1,4.2,76.3,7,2,5,1,4,4,4,5.1,5,No,Low,Tier 2,Yes,Medium,Placed
Male,ECE,9.13,77.4,82.3,1,5.3,81.5,8,2,5,3,5,4,5,7.9,7,No,Medium,Tier 2,No,Medium,Placed
Female,IT,8.17,83.1,70.9,0,3.5,70.8,7,2,4,4,4,4,1,8.4,6,No,Low,Tier 2,Yes,Medium,Placed
Male,ME,6.86,57.8,57.2,0,1.4,61.2,8,1,5,3,3,5,4,4.4,8,No,Low,Tier 3,Yes,,Placed
Male,IT,9.28,82.8,81.3,0,1.0,56.3,8,1,5,2,5,5,3,9.0,7,No,Medium,Tier 3,No,Low,Placed
Male,CSE,7.68,70.8,70.7,1,0.0,64.4,5,1,4,4,4,4,5,7.0,6,No,High,Tier 3,Yes,Medium,Placed
Male,ECE,8.89,76.5,82.5,0,5.4,81.2,4,3,3,4,5,2,0,7.3,2,No,Low,Tier 1,Yes,High,Placed
Female,ECE,7.92,67.2,69.5,1,4.2,68.8,6,1,4,2,4,3,6,5.2,10,No,Medium,Tier 3,Yes,Medium,Placed
Male,ME,6.35,54.0,64.6,1,0.0,57.8,3,2,2,5,2,2,2,8.6,7,No,Low,Tier 1,Yes,Low,Not Placed
Male,IT,9.02,78.3,77.7,1,5.1,75.1,5,2,3,3,5,2,1,7.2,7,Yes,Low,Tier 1,Yes,,Placed
Male,CSE,8.89,82.7,81.3,1,4.0,71.0,7,3,5,2,4,5,1,8.4,5,No,High,Tier 2,Yes,Medium,Placed
Male,CSE,9.02,76.9,79.1,0,2.0,61.0,7,3,5,3,5,4,4,8.5,6,No,Medium,Tier 2,Yes,Low,Placed
Female,IT,7.07,71.3,59.4,1,2.0,74.0,7,0,5,4,4,6,3,8.6,3,No,Medium,Tier 2,No,,Not Placed
Female,CSE,6.43,56.8,53.4,1,3.3,67.4,8,1,5,4,3,5,7,6.2,2,No,Medium,Tier 2,No,Medium,Placed
Male,ME,9.09,89.9,81.3,0,6.2,81.0,8,3,5,5,5,5,8,6.8,9,No,High,Tier 3,Yes,Low,Placed
Female,ECE,9.86,88.4,81.1,0,3.9,69.0,8,4,5,5,4,4,5,6.3,1,No,High,Tier 1,Yes,,Placed
Female,IT,6.71,53.0,62.3,0,2.4,63.4,7,1,5,2,3,4,4,8.1,3,Yes,Low,Tier 1,Yes,,Placed
Male,CSE,7.42,63.6,68.8,1,8.3,83.3,8,2,5,3,4,5,6,7.4,10,No,Low,Tier 3,Yes,Medium,Not Placed
Female,CSE,7.93,74.0,74.6,0,5.8,72.5,4,2,4,5,4,4,1,8.3,10,No,Medium,Tier 1,Yes,,Placed
Male,ME,7.39,61.3,74.9,0,5.8,69.6,7,1,5,3,4,6,2,8.3,2,Yes,Medium,Tier 2,Yes,High,Placed
Male,IT,7.94,71.3,73.1,0,5.9,76.6,8,2,5,1,5,4,4,4.9,10,No,High,Tier 2,Yes,Low,Placed
Female,ECE,9.27,85.2,78.2,0,6.4,80.9,8,2,5,2,5,5,2,8.6,4,No,Medium,Tier 2,Yes,,Placed
Male,ECE,9.2,84.7,80.7,0,4.8,77.1,4,3,3,3,4,2,4,8.1,7,Yes,High,Tier 2,Yes,Medium,Placed
Female,ME,8.92,83.1,80.4,0,4.0,71.7,6,1,4,5,4,5,4,6.6,5,No,Low,Tier 1,Yes,Medium,Placed
Female,IT,8.15,74.5,72.2,0,4.2,70.4,2,2,2,5,3,3,2,7.4,8,No,High,Tier 3,Yes,Low,Placed
Male,IT,9.0,76.0,76.3,1,1.2,65.4,7,3,4,3,5,5,4,6.9,10,No,Medium,Tier 1,Yes,Low,Placed
Female,IT,5.83,51.1,50.0,1,0.0,55.3,4,2,2,4,1,2,3,7.7,7,No,High,Tier 2,Yes,,Not Placed
Male,CSE,7.33,66.0,68.0,1,5.4,83.1,8,0,5,1,4,5,8,6.6,1,No,Low,Tier 1,No,Medium,Placed
Male,CSE,8.85,81.9,82.9,0,7.6,82.6,4,1,3,2,4,3,2,7.6,8,No,Medium,Tier 2,Yes,Low,Placed
Female,ME,7.52,64.0,65.5,0,3.2,74.4,2,0,1,3,4,1,0,7.1,5,Yes,Medium,Tier 2,Yes,Medium,Not Placed
Female,IT,8.56,76.8,78.2,0,6.8,83.2,7,2,5,5,4,5,1,6.5,7,No,Medium,Tier 3,Yes,Medium,Placed
Male,CSE,9.46,94.7,78.1,1,7.1,80.6,8,2,5,2,5,5,4,7.2,3,No,Medium,Tier 3,Yes,Medium,Placed
Male,CSE,7.95,76.2,66.2,0,3.0,69.9,5,1,2,3,4,1,1,9.0,2,No,High,Tier 2,Yes,Medium,Placed
Female,CE,8.32,79.3,74.6,1,6.4,73.4,7,0,4,5,4,4,6,6.2,2,Yes,Medium,Tier 3,Yes,Medium,Placed
Female,CSE,8.07,72.3,65.9,2,5.3,77.3,7,2,5,1,4,6,3,6.7,10,No,Medium,Tier 2,Yes,Low,Placed
Female,ECE,9.15,83.3,83.3,0,3.4,66.3,5,3,5,3,4,6,6,6.2,5,No,Low,Tier 2,Yes,Low,Placed
Male,ECE,9.26,83.4,76.2,0,5.1,71.6,7,3,5,3,5,6,1,6.3,3,No,High,Tier 2,Yes,,Placed
Male,ME,9.44,87.4,91.2,0,4.6,79.7,6,3,3,2,5,4,1,8.0,3,No,Medium,Tier 2,Yes,Medium,Placed
Male,CE,7.86,64.6,77.2,0,0.1,57.3,8,2,5,2,3,4,3,7.9,8,No,Medium,Tier 3,Yes,Medium,Placed
Female,ECE,9.48,81.3,92.4,0,9.0,92.6,7,4,5,5,5,6,2,7.0,2,Yes,Low,Tier 1,Yes,Low,Placed
Male,ME,9.46,78.1,80.5,0,1.9,61.5,2,3,2,4,5,1,3,8.2,2,No,Medium,Tier 2,Yes,High,Placed
Male,ME,7.85,74.4,74.7,0,4.4,78.0,6,2,3,1,4,3,4,8.0,1,No,Low,Tier 3,Yes,Medium,Placed
Female,ECE,10.0,93.6,86.9,0,7.7,78.7,8,4,5,5,4,5,3,6.8,7,No,Low,Tier 3,Yes,Low,Placed
Male,ME,8.36,72.0,65.8,0,3.5,70.6,6,1,3,5,4,1,2,5.2,6,No,Medium,Tier 3,Yes,,Placed
Female,CSE,8.37,71.8,71.6,0,2.5,68.8,2,2,3,2,4,3,2,8.0,3,No,Low,Tier 2,Yes,Low,Placed
Female,CSE,8.05,76.1,77.0,0,4.3,75.1,7,1,4,5,4,4,6,7.2,3,No,Low,Tier 2,Yes,Medium,Placed
Female,CSE,9.26,86.9,84.8,0,3.3,70.1,6,2,5,1,5,2,2,7.0,10,No,Medium,Tier 2,Yes,,Placed
Male,CSE,9.27,91.6,80.5,0,6.4,73.1,6,3,4,3,4,3,5,6.4,3,No,Low,Tier 2,No,Low,Placed
Male,ECE,6.99,58.8,61.9,1,2.3,58.6,3,1,2,4,4,2,6,7.9,2,No,Medium,Tier 3,Yes,High,Not Placed
Female,IT,8.58,76.6,74.2,0,2.9,68.4,7,3,5,4,5,5,3,7.4,5,No,Low,Tier 3,Yes,Medium,Placed
Female,CE,7.78,70.6,69.3,2,3.8,81.1,6,3,4,3,3,3,5,6.7,2,Yes,Medium,Tier 3,Yes,Medium,Placed
Female,CE,7.57,71.0,75.0,1,1.4,61.8,3,0,2,2,4,3,2,5.5,7,No,Medium,Tier 1,Yes,Medium,Not Placed
Male,ECE,6.54,63.7,57.0,0,2.9,75.9,2,1,2,5,2,4,0,8.3,10,No,Medium,Tier 3,Yes,,Placed
Female,ECE,7.88,70.3,80.0,1,2.9,74.0,7,2,5,4,4,5,2,7.7,8,No,Low,Tier 3,No,High,Placed
Female,ECE,8.15,74.4,68.2,0,1.5,68.2,6,2,4,2,5,4,2,7.3,7,No,Low,Tier 2,Yes,High,Placed
Female,CSE,8.34,73.5,77.8,0,2.8,62.6,7,1,5,5,4,3,6,4.0,5,No,Low,Tier 2,Yes,Medium,Placed
Female,CSE,8.02,65.0,76.9,2,5.5,79.3,7,2,5,4,4,4,7,7.0,9,No,Medium,Tier 3,Yes,,Placed
Female,ME,7.26,61.1,58.6,1,0.0,62.6,7,2,5,4,4,3,4,6.7,10,No,High,Tier 2,Yes,Low,Placed
Female,IT,6.68,57.8,61.7,0,6.0,78.1,8,2,5,3,3,3,4,6.3,7,No,Low,Tier 3,Yes,,Placed
Male,CSE,9.41,87.5,78.0,0,3.0,70.6,7,3,5,2,5,5,6,7.9,2,Yes,Low,Tier 2,Yes,Medium,Placed
Male,CSE,6.73,50.0,69.8,1,4.7,71.1,8,2,5,1,4,5,2,7.9,6,No,Low,Tier 3,Yes,Low,Not Placed
Male,CE,8.77,81.8,85.4,0,6.0,81.3,4,3,2,4,5,2,1,7.5,4,No,Medium,Tier 3,No,Medium,Placed
Male,CSE,7.9,74.0,74.4,0,2.1,71.7,8,3,5,5,3,6,5,8.2,6,No,Medium,Tier 2,Yes,Medium,Placed
Male,IT,9.05,79.2,81.6,1,4.9,64.6,7,4,5,2,5,6,4,5.8,5,No,Medium,Tier 3,Yes,,Placed
Male,CE,8.14,82.8,70.7,1,1.4,64.6,3,2,2,4,5,1,3,6.5,5,No,High,Tier 2,Yes,Medium,Not Placed
Male,IT,7.1,65.2,60.6,0,1.2,56.1,6,3,4,1,4,3,2,7.1,3,No,Medium,Tier 2,Yes,,Placed
Male,ECE,8.76,80.0,86.1,0,3.5,66.9,6,2,4,1,5,5,3,6.3,7,No,Low,Tier 1,Yes,High,Placed
Female,ME,8.36,74.4,76.1,1,3.7,72.8,4,3,3,4,4,4,2,7.9,5,No,Low,Tier 2,Yes,Low,Placed
Female,ECE,8.43,66.7,82.2,1,5.9,79.3,4,2,3,3,4,4,2,6.4,5,Yes,Medium,Tier 3,Yes,Low,Placed
Male,ME,8.01,68.8,78.7,0,1.0,60.4,3,4,2,4,4,2,1,8.6,10,No,Medium,Tier 3,Yes,,Placed
Female,ECE,9.43,80.9,84.4,0,5.2,85.4,5,3,4,4,5,4,2,5.9,10,Yes,Medium,Tier 1,Yes,High,Placed
Male,CSE,7.92,74.6,70.4,1,3.2,70.8,3,3,2,5,5,2,0,9.0,7,No,Medium,Tier 2,Yes,Medium,Placed
Male,ECE,8.58,74.6,75.9,0,3.7,68.1,8,3,5,5,4,6,3,9.0,10,No,Medium,Tier 1,Yes,Low,Placed
Male,ECE,7.81,71.8,66.1,1,0.0,61.8,6,3,4,3,3,4,4,6.9,9,No,High,Tier 2,Yes,,Placed
Male,IT,8.07,64.5,72.1,1,3.5,62.2,2,1,3,5,5,4,5,8.4,3,No,Medium,Tier 3,Yes,Medium,Placed
Female,CE,7.76,76.7,69.7,0,5.5,78.5,6,4,3,4,4,2,0,6.5,10,Yes,Medium,Tier 2,Yes,Low,Placed
Female,ME,7.21,68.5,68.2,0,3.4,68.7,5,0,3,3,4,3,2,8.2,8,No,Low,Tier 2,Yes,High,Placed
Male,CSE,8.67,77.9,77.5,0,3.2,76.3,7,3,5,5,4,3,5,6.8,7,No,Medium,Tier 2,Yes,High,Placed
Male,CE,8.03,69.9,76.2,0,7.7,77.7,8,2,5,5,4,3,3,5.5,10,No,High,Tier 1,Yes,Medium,Placed
Male,ECE,7.02,67.3,66.1,1,3.9,76.0,2,2,2,4,4,3,2,4.0,4,No,Medium,Tier 3,Yes,High,Not Placed
Male,IT,7.74,67.1,73.3,2,0.4,61.1,2,1,2,3,4,1,4,6.7,6,No,Medium,Tier 2,Yes,,Not Placed
Male,IT,8.91,77.6,81.0,0,0.8,66.5,8,2,5,5,5,6,2,7.3,5,No,Medium,Tier 2,Yes,Low,Placed
Male,CSE,10.0,88.9,92.5,0,6.9,85.9,4,4,3,2,5,2,2,8.6,3,No,Low,Tier 3,Yes,Low,Placed
Female,IT,5.28,54.8,50.0,0,2.9,70.9,4,0,2,4,4,2,1,7.0,7,No,Medium,Tier 3,Yes,,Not Placed
Female,CSE,8.82,76.2,71.8,0,5.6,81.7,7,4,5,2,5,5,6,8.2,5,No,Low,Tier 3,Yes,High,Placed
Male,ECE,8.73,82.0,76.5,0,3.2,71.3,6,3,3,1,5,3,3,6.5,6,No,High,Tier 3,Yes,,Placed
Female,ECE,8.58,73.4,72.7,0,4.8,71.1,4,2,4,5,4,4,2,6.6,5,Yes,High,Tier 3,No,High,Placed
Male,CSE,8.15,62.8,80.9,0,3.1,78.1,8,3,5,2,5,5,1,8.3,7,No,Low,Tier 2,Yes,Medium,Placed
Male,CE,9.61,88.5,91.2,0,3.7,60.9,6,3,3,1,5,4,1,4.0,9,No,Low,Tier 1,Yes,Low,Placed
Male,CSE,9.79,83.8,89.3,0,4.9,68.8,3,2,3,4,5,3,0,7.0,5,No,Medium,Tier 2,Yes,,Placed
Female,CSE,7.8,68.7,72.1,1,1.4,62.5,6,2,4,2,4,4,0,6.5,7,No,Medium,Tier 3,Yes,,Placed
Female,ME,8.04,76.6,79.4,0,4.5,69.8,1,1,1,3,4,1,0,8.6,7,No,Low,Tier 1,Yes,Low,Placed
Female,CE,8.5,72.0,73.9,0,4.3,72.8,6,3,4,4,3,4,4,6.4,10,No,Medium,Tier 1,Yes,Low,Placed
Male,IT,8.29,72.5,80.8,0,0.9,62.9,7,2,5,4,5,3,3,7.6,8,No,Medium,Tier 1,Yes,Low,Placed
Female,CE,9.45,88.3,94.0,0,9.3,84.6,7,4,5,3,5,5,5,8.1,2,Yes,Low,Tier 3,Yes,Medium,Placed
Male,ME,8.28,72.2,74.9,1,3.2,71.8,5,1,2,4,5,0,5,5.2,6,No,High,Tier 2,Yes,Medium,Not Placed
Female,ECE,9.81,88.7,84.4,0,1.9,60.0,8,4,5,1,5,4,3,6.8,1,No,High,Tier 2,Yes,Low,Placed
Male,CSE,10.0,89.3,89.1,0,6.9,83.3,7,4,3,5,5,3,3,6.5,4,Yes,Medium,Tier 1,Yes,,Placed
Male,CSE,8.71,77.7,83.7,0,1.5,61.8,7,2,5,4,4,6,6,8.1,8,No,High,Tier 3,Yes,High,Placed
Male,ECE,9.08,80.7,84.5,0,2.8,67.5,6,2,4,2,3,4,2,7.8,7,No,Low,Tier 2,Yes,Low,Placed
Female,ME,9.38,86.7,85.8,0,4.3,67.2,1,2,2,4,5,1,3,6.7,3,No,Low,Tier 1,Yes,Low,Placed
Male,ECE,7.91,61.6,66.8,1,2.8,79.7,5,3,5,3,4,5,4,5.7,6,No,Low,Tier 2,Yes,Medium,Placed
Female,CE,9.21,81.6,83.3,0,5.0,71.8,8,3,5,2,5,5,4,8.2,2,No,Medium,Tier 2,Yes,High,Placed
Male,ECE,8.97,76.8,82.4,1,5.1,83.8,6,2,5,3,5,4,7,6.9,2,No,High,Tier 2,Yes,High,Placed
Female,CSE,8.8,82.6,77.0,0,2.4,61.9,6,1,4,4,5,6,4,5.1,7,No,Medium,Tier 2,No,,Placed
Female,CSE,9.09,87.8,79.8,0,6.9,78.4,3,2,3,1,5,3,0,5.2,4,No,High,Tier 1,Yes,Medium,Placed
Female,IT,8.64,77.7,81.6,0,3.4,71.8,8,2,5,2,4,5,2,7.5,8,Yes,Medium,Tier 3,No,,Placed
Male,CE,8.36,74.4,78.3,0,4.4,74.3,1,2,1,4,4,1,2,5.5,3,No,Medium,Tier 1,Yes,High,Placed
Male,IT,8.87,82.3,80.1,0,3.2,67.0,8,1,5,4,4,3,2,9.0,9,No,Medium,Tier 1,Yes,Low,Placed
Male,CSE,8.23,74.7,73.1,0,3.1,69.0,4,2,3,3,5,3,1,5.9,10,No,Low,Tier 3,Yes,,Placed
Female,IT,7.83,69.7,70.0,1,3.9,77.6,4,1,2,4,4,3,3,7.0,1,No,Low,Tier 3,Yes,High,Placed
Male,CSE,9.44,86.2,90.2,0,7.7,76.0,7,4,4,1,5,4,5,7.2,2,Yes,Medium,Tier 1,No,High,Placed
Male,CSE,9.31,82.1,86.8,0,4.8,79.1,7,4,5,2,5,6,3,6.1,9,No,Medium,Tier 1,Yes,Medium,Placed
Male,IT,6.1,58.5,55.9,1,1.9,67.3,4,1,2,4,3,2,3,4.3,9,No,Medium,Tier 3,Yes,,Placed
Male,CSE,6.45,66.8,66.3,0,4.2,74.9,7,1,5,3,3,5,3,7.2,10,No,Medium,Tier 3,Yes,Low,Placed
Female,ME,8.48,75.5,73.0,0,2.9,60.3,7,3,4,1,4,4,2,6.1,4,No,Low,Tier 2,Yes,High,Placed
Male,CSE,8.73,80.7,72.9,1,5.9,81.5,5,3,4,5,4,4,1,7.1,4,Yes,Medium,Tier 2,No,Medium,Placed
Female,ME,7.46,57.3,55.4,1,3.8,62.9,6,0,4,1,4,4,1,6.9,5,No,Medium,Tier 1,Yes,,Placed
Male,IT,8.43,67.2,78.6,0,1.2,61.2,7,3,5,4,4,5,3,7.3,2,No,Medium,Tier 2,Yes,,Placed
Male,ECE,8.47,77.3,84.0,0,4.8,71.4,8,2,5,4,4,4,3,8.9,6,No,High,Tier 1,Yes,High,Placed
Male,ME,5.57,50.0,57.6,0,2.3,66.4,1,1,1,2,4,0,1,6.3,7,Yes,Medium,Tier 2,No,Medium,Placed
Male,CSE,8.87,76.2,76.9,0,4.8,73.4,7,1,5,4,5,5,6,6.4,1,No,Medium,Tier 1,Yes,Medium,Placed
Male,ME,6.96,64.9,58.7,0,5.9,76.3,5,1,3,1,4,3,5,5.0,10,No,High,Tier 2,No,Low,Placed
Female,ECE,8.67,76.6,66.5,0,3.4,69.8,7,3,4,5,4,2,1,6.8,9,No,High,Tier 2,Yes,Medium,Placed
Male,CSE,8.08,74.9,69.4,1,3.7,75.7,7,3,5,1,4,5,3,7.5,1,No,High,Tier 2,Yes,High,Placed
Female,ECE,8.72,79.1,73.0,0,4.3,86.4,8,1,5,4,5,6,1,6.4,6,No,Low,Tier 1,Yes,Low,Placed
Male,CSE,9.3,87.4,90.0,0,2.7,58.9,8,4,5,4,5,6,8,7.5,7,No,Low,Tier 2,Yes,Medium,Placed
Male,IT,7.85,70.0,71.5,0,4.2,68.2,6,3,4,5,4,5,0,6.8,8,No,Low,Tier 3,Yes,,Placed
Female,ECE,8.3,74.6,75.0,1,4.4,73.2,0,1,1,5,4,1,2,5.4,4,No,Low,Tier 2,Yes,,Placed
Male,CSE,9.25,81.8,79.7,0,2.2,64.2,8,3,5,2,5,4,3,7.4,8,No,High,Tier 3,Yes,Medium,Placed
Male,ECE,9.07,79.3,74.9,0,6.4,78.2,8,3,5,5,5,5,7,6.8,10,No,Medium,Tier 2,Yes,High,Placed
Male,ECE,7.92,73.5,64.8,1,0.6,60.9,1,2,1,3,4,0,1,7.1,3,Yes,Low,Tier 2,Yes,Medium,Not Placed
Male,CE,10.0,85.3,84.9,0,5.6,78.1,8,4,5,4,5,4,1,6.3,2,No,Low,Tier 2,Yes,,Placed
Female,IT,8.32,80.1,78.8,0,6.8,88.0,2,2,2,2,4,2,3,6.2,10,Yes,Low,Tier 3,Yes,Low,Placed
Male,ECE,8.32,70.0,67.9,0,5.6,84.2,2,1,1,1,5,1,1,7.2,7,No,Medium,Tier 1,Yes,High,Placed
Female,IT,7.02,61.5,65.9,1,1.9,61.2,8,0,5,2,3,6,4,6.7,8,No,Medium,Tier 1,Yes,Low,Not Placed
Female,ME,9.11,79.9,97.0,0,5.7,72.3,6,1,4,4,4,3,1,9.0,1,No,High,Tier 2,No,High,Placed
Male,CSE,7.79,73.0,68.0,1,8.2,78.5,8,0,5,4,4,6,3,8.0,10,Yes,High,Tier 3,Yes,Low,Placed
Female,ME,9.67,93.1,88.8,0,3.6,64.0,4,3,3,5,5,3,2,7.7,6,No,Low,Tier 3,Yes,High,Placed
Male,ECE,8.02,73.7,72.4,0,4.0,63.2,6,0,4,5,4,5,4,6.8,1,No,Medium,Tier 2,Yes,High,Placed
Female,ME,8.86,87.5,73.3,0,5.5,83.6,7,2,4,3,4,4,3,4.6,7,No,Low,Tier 2,Yes,,Placed
Male,IT,8.29,71.1,69.3,1,2.3,71.2,7,3,4,3,5,6,3,6.0,2,No,Medium,Tier 2,Yes,Medium,Placed
Female,ECE,8.21,72.5,71.5,0,0.9,60.0,7,1,5,4,5,6,5,6.2,9,No,High,Tier 2,Yes,,Placed
Male,IT,8.96,73.7,80.4,1,4.8,73.7,7,1,5,4,4,5,3,6.7,4,Yes,Medium,Tier 2,Yes,Low,Placed
Male,CE,8.26,68.8,84.2,0,4.1,68.0,1,2,2,3,4,1,1,7.0,10,No,Medium,Tier 3,Yes,Low,Not Placed
Female,ECE,7.61,73.1,65.2,0,1.9,59.7,8,4,5,3,4,6,1,7.8,8,Yes,Medium,Tier 3,Yes,Medium,Placed
Female,ME,8.89,79.0,75.9,2,4.8,78.4,7,3,5,5,5,5,5,7.3,3,Yes,Low,Tier 2,Yes,Low,Not Placed
Male,ECE,8.96,78.3,76.0,1,3.3,71.8,8,3,5,2,5,4,5,8.4,10,No,Low,Tier 2,No,Medium,Placed
Male,IT,7.85,66.2,76.6,3,4.8,69.9,6,2,5,5,4,4,5,6.6,4,No,Medium,Tier 2,No,,Placed
Female,ME,7.1,67.3,61.0,0,4.4,81.5,6,1,3,3,4,3,2,7.3,10,No,Medium,Tier 2,Yes,,Placed
Female,CSE,9.22,80.9,91.3,0,4.3,79.8,8,1,5,1,5,6,4,7.4,3,No,Low,Tier 2,Yes,Medium,Placed
Female,ECE,8.83,73.7,81.1,0,4.0,66.5,5,4,3,3,4,3,2,7.3,2,Yes,Medium,Tier 1,Yes,Medium,Placed
Female,ME,9.05,81.6,89.4,0,0.5,54.6,8,3,5,1,4,5,2,8.5,10,No,High,Tier 1,Yes,Medium,Placed
Female,CSE,8.5,79.0,76.9,0,1.0,64.9,4,3,3,5,4,3,0,8.0,6,No,Medium,Tier 2,Yes,Medium,Placed
Female,CSE,10.0,89.2,89.1,0,7.6,94.1,8,4,4,5,5,4,1,5.4,7,No,Medium,Tier 3,Yes,High,Placed
Male,ECE,10.0,87.4,91.2,0,6.8,75.9,8,3,5,5,5,5,1,6.9,6,No,Medium,Tier 1,Yes,Low,Placed
Male,ECE,8.23,74.4,80.9,1,3.4,74.0,6,3,4,4,4,4,1,7.0,1,No,Medium,Tier 2,Yes,,Placed
Female,ECE,8.38,68.6,76.8,0,4.9,72.4,0,4,1,4,4,0,1,9.0,8,No,Medium,Tier 2,Yes,Medium,Placed
Female,CSE,9.04,84.6,84.1,0,0.7,65.5,6,1,4,5,5,4,1,6.6,4,No,High,Tier 1,Yes,Medium,Placed
Male,CSE,7.72,71.4,69.9,0,1.0,52.6,7,2,5,2,4,3,2,5.8,10,Yes,Medium,Tier 3,Yes,Medium,Placed
Male,ME,7.27,70.5,64.5,1,0.0,55.9,5,2,3,4,4,4,3,7.5,8,No,Medium,Tier 3,Yes,Medium,Placed
Female,ECE,7.53,63.6,70.4,1,1.8,66.8,3,2,2,2,4,1,1,7.6,3,No,Low,Tier 1,No,Low,Placed
Male,CSE,7.58,60.3,69.5,0,2.7,69.6,2,1,3,4,4,3,1,6.9,5,Yes,Low,Tier 3,Yes,,Placed
Male,ECE,6.38,50.0,58.6,0,5.4,66.2,2,1,2,3,3,2,6,6.7,9,No,Medium,Tier 2,Yes,Medium,Not Placed
Male,ME,8.83,74.5,73.4,0,3.5,66.4,7,2,4,5,5,5,1,8.1,9,No,High,Tier 3,Yes,Low,Placed
Male,CSE,7.6,62.4,65.8,0,4.5,70.2,5,2,4,4,4,4,1,6.0,7,No,Medium,Tier 2,Yes,Low,Placed
Male,CSE,6.87,64.4,62.1,1,3.3,73.2,6,1,5,3,4,4,2,6.6,4,Yes,Low,Tier 1,Yes,Low,Not Placed
Male,CSE,9.25,80.8,76.7,0,3.7,70.3,5,4,3,2,4,3,3,6.4,4,No,Low,Tier 2,Yes,Low,Placed
Male,IT,6.82,60.2,65.1,2,3.3,71.9,8,1,5,4,3,6,4,8.3,7,No,Medium,Tier 3,Yes,Medium,Not Placed
Female,CE,9.52,82.7,79.8,0,4.5,80.4,2,4,2,2,5,1,2,7.3,7,Yes,Low,Tier 1,Yes,,Placed
Male,CE,8.2,72.9,70.0,1,0.0,59.2,4,1,2,5,5,1,1,5.7,9,Yes,Low,Tier 3,Yes,High,Not Placed
Female,CE,8.74,82.0,80.5,0,4.0,75.2,7,1,5,4,4,4,4,5.8,6,No,Medium,Tier 1,Yes,Medium,Placed
Female,ME,7.03,71.0,56.4,1,3.7,76.0,3,0,2,5,4,3,3,9.0,10,Yes,Low,Tier 3,Yes,Low,Placed
Male,ECE,6.98,67.3,66.2,1,7.3,80.3,5,0,3,1,4,4,0,8.3,8,No,Medium,Tier 1,Yes,,Not Placed
Female,ME,7.6,68.6,62.3,2,4.5,71.2,1,2,1,5,4,2,0,8.0,9,No,Medium,Tier 3,Yes,,Not Placed
Male,CSE,5.69,50.0,53.3,3,7.2,85.2,5,0,3,2,3,4,2,7.0,10,No,Low,Tier 2,No,Medium,Not Placed
Female,ME,5.81,58.3,50.0,0,2.4,69.4,0,1,1,2,3,2,2,8.8,7,No,Medium,Tier 2,Yes,Low,Placed
Male,CE,8.71,73.7,79.1,0,2.5,73.2,8,1,5,5,5,6,4,5.7,10,No,Medium,Tier 3,Yes,Low,Placed
Female,ECE,10.0,89.9,88.8,0,7.4,84.4,6,4,4,4,5,4,1,7.9,10,Yes,Medium,Tier 3,Yes,Low,Placed
Female,ECE,8.57,71.3,73.4,0,3.5,69.1,7,1,4,4,4,4,2,6.5,2,No,Medium,Tier 2,Yes,Medium,Placed
Male,CSE,8.23,79.9,62.4,0,2.4,68.2,6,2,5,2,4,6,3,6.7,4,No,Medium,Tier 1,Yes,Medium,Placed
Male,ME,7.89,78.0,64.8,0,4.0,69.3,2,2,2,2,3,2,2,7.9,4,Yes,High,Tier 2,Yes,Medium,Placed
Female,ME,9.3,77.2,75.2,1,4.4,63.0,6,3,4,3,4,2,2,6.8,6,No,Medium,Tier 2,Yes,High,Placed
Female,IT,7.35,59.3,63.0,1,6.5,83.8,6,1,5,4,4,5,1,6.5,2,No,Medium,Tier 2,Yes,Low,Not Placed
Male,ECE,8.22,71.5,77.2,0,2.4,61.5,4,2,3,3,4,3,2,6.4,7,No,Low,Tier 2,Yes,Medium,Placed
Female,CE,9.7,90.1,95.4,0,5.5,78.2,7,3,5,2,5,6,2,4.6,10,No,Low,Tier 1,No,,Placed
Male,ME,9.18,78.6,88.3,0,7.5,82.7,4,4,3,2,4,3,2,7.9,4,No,Low,Tier 3,Yes,Medium,Placed
Female,IT,8.13,69.4,77.2,0,6.2,79.9,4,2,3,3,3,3,3,5.8,10,No,Medium,Tier 3,Yes,Medium,Placed
Male,ECE,10.0,93.1,98.1,0,7.6,76.3,2,4,2,4,5,3,3,9.0,8,No,Low,Tier 1,Yes,Low,Placed
Female,ECE,10.0,91.2,95.8,0,4.0,64.5,7,3,5,4,4,5,2,6.7,3,No,Medium,Tier 2,Yes,Low,Placed
Male,ME,10.0,89.5,99.2,0,5.2,75.5,8,3,5,2,5,4,4,8.6,2,Yes,Medium,Tier 2,Yes,High,Placed
Male,CE,7.93,71.6,72.4,0,2.5,68.0,0,3,1,1,4,2,1,4.8,6,Yes,Low,Tier 2,Yes,,Not Placed
Male,IT,9.78,89.3,90.8,0,8.9,88.2,8,4,5,1,5,5,1,7.9,10,No,Medium,Tier 1,Yes,Low,Placed
Male,CSE,10.0,94.0,83.4,0,5.8,74.1,4,3,3,2,4,5,2,8.2,1,No,Medium,Tier 2,Yes,High,Placed
Male,CSE,8.21,78.1,67.1,0,4.5,67.9,4,1,2,1,4,1,1,8.6,2,No,Low,Tier 1,Yes,Medium,Placed
Male,IT,7.16,61.8,68.3,2,3.9,75.3,4,1,3,2,4,3,5,5.2,10,No,Medium,Tier 2,Yes,Medium,Not Placed
Female,ECE,8.18,73.0,68.1,0,0.0,69.2,8,1,5,4,4,5,3,6.2,5,Yes,Medium,Tier 3,Yes,High,Placed
Male,ME,6.62,56.5,59.8,2,0.0,62.6,6,0,4,4,3,4,5,7.7,9,No,Medium,Tier 3,Yes,Low,Not Placed
Male,ECE,6.79,63.1,69.9,0,1.8,70.4,6,1,4,1,4,4,0,7.2,7,No,Low,Tier 1,Yes,Low,Placed
Male,CSE,7.8,65.2,70.1,1,2.9,59.6,4,1,2,1,4,1,2,7.4,3,No,Medium,Tier 2,Yes,Medium,Not Placed
Male,CE,7.48,61.6,69.9,0,5.3,80.2,2,0,1,4,4,4,1,6.6,2,Yes,High,Tier 3,No,Medium,Not Placed
Male,CE,7.96,69.2,70.2,0,5.6,73.9,7,2,5,5,4,6,3,8.9,1,No,Medium,Tier 1,Yes,,Placed
Male,ECE,8.86,69.2,84.7,0,4.0,70.5,4,3,3,5,5,4,3,9.0,1,No,Low,Tier 3,Yes,Low,Placed
Male,ECE,8.53,58.4,80.2,0,4.6,80.5,3,2,3,3,4,6,5,7.1,10,No,Medium,Tier 3,Yes,Low,Placed
Male,IT,7.09,65.6,67.3,2,3.6,68.6,8,2,5,3,3,5,5,7.5,3,No,Medium,Tier 3,Yes,High,Placed
Male,CSE,9.12,84.3,86.1,0,6.2,81.8,7,3,5,1,5,5,4,7.1,5,No,Medium,Tier 1,Yes,Low,Placed
Male,IT,7.88,65.9,68.5,0,2.5,65.7,5,3,3,3,4,3,1,8.5,8,No,Medium,Tier 1,No,High,Placed
Male,CSE,7.2,63.8,77.8,0,3.4,62.0,3,1,2,5,4,3,0,8.0,8,No,Medium,Tier 3,Yes,High,Not Placed
Male,ME,8.47,83.5,75.1,0,4.4,77.1,1,1,2,2,4,0,0,5.7,4,No,High,Tier 2,Yes,Medium,Placed
Female,IT,8.21,72.9,72.7,0,2.5,67.9,5,2,4,2,4,5,3,6.3,9,No,Medium,Tier 1,Yes,Medium,Placed
Male,ME,8.01,78.2,68.0,0,1.0,63.8,5,2,3,5,3,5,2,5.8,10,Yes,Medium,Tier 2,Yes,Low,Placed
Female,ECE,9.4,80.9,84.6,0,4.7,75.7,6,3,5,2,5,4,4,9.0,7,No,Low,Tier 1,Yes,,Placed
Male,ME,9.28,84.1,84.6,0,8.5,92.7,5,1,4,3,4,3,3,7.8,10,No,High,Tier 3,No,Medium,Placed
Female,ECE,8.39,77.6,74.6,1,4.2,72.6,7,2,4,1,3,3,1,6.3,6,Yes,High,Tier 2,Yes,Low,Placed
Female,CSE,7.29,62.8,72.2,0,5.5,64.2,6,1,4,5,4,4,2,6.2,5,No,Low,Tier 3,No,Low,Placed
Male,IT,7.72,67.7,70.9,1,3.3,77.3,6,2,3,4,4,4,1,8.0,8,No,Medium,Tier 3,Yes,Medium,Placed
Female,CE,8.64,76.6,82.3,1,4.8,75.8,6,2,4,4,4,4,5,8.1,8,No,Low,Tier 1,Yes,Low,Placed
Male,ME,9.32,79.5,74.3,0,1.2,58.8,1,2,2,1,5,3,4,8.0,5,No,Medium,Tier 2,Yes,Medium,Placed
Male,ECE,5.25,50.0,50.0,0,1.8,69.9,7,0,5,2,2,6,5,6.5,7,Yes,Medium,Tier 3,No,Low,Placed
Female,CSE,8.65,83.6,80.7,1,5.2,69.1,5,3,3,4,5,4,7,7.4,6,No,Low,Tier 2,Yes,,Placed
Female,CSE,8.13,78.7,68.2,1,3.5,59.5,5,2,4,4,5,4,2,7.1,6,No,High,Tier 3,Yes,Low,Placed
Male,ME,7.98,81.3,67.2,0,0.7,67.5,3,1,1,5,4,0,1,5.9,8,Yes,Low,Tier 3,Yes,High,Placed
Male,CE,6.6,57.0,59.4,0,3.2,75.4,5,0,4,2,4,4,3,5.9,10,No,Medium,Tier 1,Yes,High,Placed
Male,ECE,9.81,85.4,88.2,0,5.8,83.3,3,4,2,2,5,4,4,7.5,1,No,Medium,Tier 3,Yes,Low,Placed
Male,IT,7.94,74.3,68.7,0,2.7,65.8,7,4,5,1,4,2,0,7.2,10,Yes,Medium,Tier 1,Yes,Low,Placed
Female,CSE,7.67,75.7,67.9,0,0.0,58.4,4,0,3,5,4,4,4,7.7,3,No,Low,Tier 1,Yes,High,Placed
Male,ECE,9.27,88.6,88.1,1,7.5,80.2,2,4,2,1,5,2,1,7.9,7,No,Low,Tier 3,Yes,,Placed
Male,CSE,8.19,76.8,71.7,0,4.2,65.5,5,3,4,3,4,6,2,8.8,10,Yes,Medium,Tier 3,No,Low,Placed
Male,ECE,8.63,73.5,71.1,1,7.3,80.0,4,0,3,1,4,3,4,6.1,2,No,Medium,Tier 2,No,Low,Not Placed
Male,CSE,8.05,68.6,72.3,0,4.7,72.5,8,3,5,3,3,6,5,7.8,4,No,Low,Tier 1,Yes,Medium,Placed
Male,IT,7.83,72.9,68.0,0,2.7,62.1,8,2,5,2,3,5,6,7.9,9,Yes,Low,Tier 2,Yes,Low,Placed
Female,CSE,8.51,78.6,81.6,0,4.7,81.3,8,0,5,1,5,3,5,6.6,5,No,Low,Tier 2,Yes,,Placed
Female,IT,10.0,89.2,97.8,0,4.6,70.1,8,3,5,5,5,6,2,7.1,9,Yes,Medium,Tier 2,Yes,Medium,Placed
Female,ECE,9.15,84.6,77.1,0,7.7,90.7,3,2,2,4,5,3,1,6.7,3,Yes,Medium,Tier 1,Yes,,Placed
Male,IT,9.36,84.6,86.4,0,6.6,84.4,7,4,5,5,5,4,1,9.0,9,Yes,Low,Tier 2,Yes,Medium,Placed
Female,ME,9.43,88.6,73.7,0,5.4,77.3,4,1,2,4,5,2,2,7.1,6,No,Medium,Tier 3,Yes,Medium,Placed
Female,IT,8.57,74.2,80.7,1,4.8,67.5,6,1,4,4,5,2,4,7.5,5,No,Low,Tier 2,Yes,Low,Placed
Female,CSE,9.93,82.2,91.3,0,4.2,76.2,3,2,3,1,5,4,4,6.7,2,No,High,Tier 1,Yes,,Placed
Male,CE,6.41,51.3,58.3,1,2.8,78.6,8,0,5,5,3,5,8,6.4,7,No,High,Tier 3,Yes,Medium,Placed
Male,IT,9.06,77.9,81.5,0,6.2,75.3,8,4,5,2,5,5,4,5.4,3,No,Medium,Tier 3,Yes,Low,Placed
Male,CSE,9.35,81.2,79.3,0,3.2,71.8,8,2,5,5,4,6,6,8.3,7,Yes,High,Tier 3,Yes,Low,Placed
Male,CSE,8.99,80.7,76.7,0,3.5,68.9,6,3,5,4,4,4,5,7.9,3,No,High,Tier 1,Yes,Medium,Placed
Male,ECE,6.51,54.3,53.8,0,4.1,63.6,7,1,5,2,3,4,5,6.6,7,Yes,High,Tier 1,Yes,Medium,Placed
Male,IT,8.49,70.9,77.7,0,2.7,68.4,2,2,2,2,4,3,2,5.9,4,Yes,Medium,Tier 2,Yes,,Placed
Male,ECE,8.43,68.2,68.3,0,3.1,68.1,3,3,1,3,4,1,5,7.2,1,No,Medium,Tier 2,Yes,,Placed
Female,ECE,8.54,77.8,69.0,1,4.0,65.5,6,2,5,3,4,6,6,6.4,3,Yes,Low,Tier 2,Yes,Low,Placed
Male,CSE,7.79,70.0,77.4,0,3.8,76.2,7,2,5,3,4,4,4,6.7,10,No,Medium,Tier 2,Yes,Medium,Placed
Male,CSE,9.4,85.5,85.6,0,6.9,76.7,7,2,4,4,5,3,1,5.5,9,No,Medium,Tier 1,Yes,Medium,Placed
Female,IT,7.81,67.9,62.8,2,0.9,59.7,4,0,3,3,4,4,3,7.3,5,Yes,Low,Tier 2,Yes,Medium,Placed
Female,CSE,9.91,98.1,94.0,0,5.1,78.4,5,4,4,2,5,6,0,7.3,4,No,Low,Tier 2,Yes,Medium,Placed
Female,ME,8.52,70.8,72.3,1,3.0,63.1,7,1,4,1,5,5,3,8.3,4,No,Medium,Tier 2,Yes,High,Placed
Female,IT,7.69,69.5,66.0,1,3.3,73.7,6,0,3,5,4,5,3,6.8,5,No,Low,Tier 2,Yes,Low,Placed
Male,CSE,9.86,77.7,88.8,0,0.0,61.0,7,3,5,3,5,6,2,6.6,2,No,Medium,Tier 2,Yes,Low,Placed
Female,ME,7.09,65.8,57.1,0,2.5,68.9,2,0,2,5,3,2,3,5.1,9,No,High,Tier 2,Yes,High,Placed
Male,CSE,8.33,71.1,77.9,0,5.0,81.1,8,1,5,4,5,5,3,8.3,4,Yes,Medium,Tier 2,Yes,Low,Placed
Male,ME,8.67,71.3,75.0,1,2.6,65.3,8,2,5,2,5,5,1,8.1,3,No,Medium,Tier 2,Yes,Low,Placed
Male,CSE,6.92,64.5,50.0,1,3.0,64.3,5,2,4,4,3,4,2,7.0,2,No,Medium,Tier 1,Yes,,Not Placed
Male,CE,8.28,68.4,76.3,0,3.4,57.4,4,1,1,1,4,1,3,5.4,8,No,Medium,Tier 2,Yes,High,Placed
Male,ECE,7.74,65.5,76.3,0,4.4,69.3,4,2,3,4,4,4,2,5.5,6,No,Low,Tier 3,Yes,Low,Placed
Female,ECE,10.0,94.8,96.3,0,7.3,81.0,8,4,5,3,5,5,3,6.3,5,Yes,High,Tier 2,Yes,Low,Placed
Female,ME,8.05,73.2,66.1,1,3.9,68.9,3,2,3,2,4,5,1,8.2,8,No,Low,Tier 1,Yes,Medium,Placed
Male,CSE,8.38,73.5,77.9,0,9.8,91.0,7,2,4,1,4,5,4,7.3,3,Yes,Low,Tier 3,Yes,Low,Placed
Male,CE,9.24,83.8,80.8,0,9.2,81.1,6,2,5,3,4,6,4,5.2,9,No,Medium,Tier 1,Yes,High,Placed
Female,ECE,9.18,80.6,84.0,0,7.3,79.8,4,3,3,5,5,3,2,7.5,2,No,Low,Tier 1,Yes,Low,Placed
Female,ME,9.41,87.9,77.8,0,6.0,81.2,7,2,5,5,5,4,3,6.0,6,No,Medium,Tier 2,Yes,Medium,Placed
Male,CSE,7.56,67.2,64.9,0,4.7,78.6,6,0,5,3,4,5,3,6.4,6,Yes,Low,Tier 3,Yes,Low,Placed
Female,ME,9.84,83.8,83.3,0,7.0,88.9,3,2,3,3,4,2,5,8.2,9,Yes,Low,Tier 1,No,High,Placed
Male,CSE,9.39,77.0,75.1,0,8.2,81.7,7,3,5,5,5,4,3,7.9,6,No,Low,Tier 2,Yes,High,Placed
Male,ECE,7.67,74.6,63.5,1,4.2,66.3,6,2,5,1,4,4,4,8.3,7,No,Low,Tier 2,Yes,Medium,Placed
Female,CSE,8.09,65.7,73.2,1,4.5,77.8,6,2,5,2,4,6,5,7.0,7,Yes,Medium,Tier 1,No,High,Placed
Male,CE,9.12,85.8,75.4,1,5.5,77.0,8,4,5,5,4,6,1,8.1,9,Yes,High,Tier 2,Yes,,Placed
Male,CSE,8.98,76.4,80.8,0,3.8,68.8,7,1,3,5,5,3,4,6.3,2,No,Medium,Tier 3,Yes,High,Placed
Female,IT,7.07,60.3,66.9,0,7.0,75.7,8,2,5,2,3,6,3,6.7,8,Yes,High,Tier 2,No,Medium,Placed
Female,IT,6.07,60.8,60.5,1,1.5,59.4,4,1,2,2,4,3,5,6.6,5,No,Low,Tier 1,Yes,High,Placed
Male,CSE,6.94,59.0,71.2,1,4.7,72.5,8,2,5,3,3,4,3,7.0,9,No,Medium,Tier 1,Yes,Medium,Not Placed
Male,ME,7.93,70.0,75.1,0,1.6,78.2,8,2,5,4,4,3,7,5.5,10,No,Low,Tier 2,Yes,Low,Placed
Male,CSE,8.2,79.6,67.8,1,3.9,71.8,6,2,4,2,4,2,2,6.7,8,No,Medium,Tier 3,No,Medium,Placed
Female,ECE,5.44,52.0,51.5,0,2.5,71.9,3,1,2,2,2,1,0,8.7,8,No,Medium,Tier 2,Yes,,Not Placed
Male,CE,8.55,80.2,81.5,0,3.9,66.7,6,3,5,4,5,4,4,5.7,6,No,Medium,Tier 2,Yes,Medium,Placed
Male,ME,6.42,53.6,53.1,1,0.6,51.0,6,1,4,4,3,4,2,5.4,10,No,Medium,Tier 1,No,Low,Placed
Female,ME,7.34,61.7,71.6,2,5.2,78.9,0,1,1,4,3,2,1,5.5,4,No,Medium,Tier 2,Yes,,Not Placed
Male,CSE,7.76,72.6,66.9,0,3.2,64.5,5,1,4,3,4,3,2,9.0,5,No,Medium,Tier 1,Yes,High,Placed
Male,ECE,8.85,79.6,79.8,0,6.1,73.3,5,3,5,1,4,6,4,7.6,4,No,High,Tier 3,Yes,High,Placed
Male,CSE,8.23,73.8,79.6,0,3.9,71.7,7,4,5,5,4,4,3,6.7,6,Yes,Low,Tier 2,Yes,High,Placed
Female,CE,6.37,51.2,54.9,0,5.7,84.5,3,1,3,5,4,3,0,7.1,6,Yes,Medium,Tier 3,Yes,Medium,Not Placed
Male,ECE,9.73,84.1,86.1,0,3.1,73.9,8,3,5,1,5,5,1,7.3,5,No,Medium,Tier 3,Yes,Medium,Placed
Male,CE,9.15,73.8,87.0,0,5.6,73.4,5,4,3,1,5,4,1,6.2,7,No,Medium,Tier 3,Yes,Medium,Placed
Female,CSE,8.95,81.2,83.1,0,8.2,86.2,7,3,5,4,5,5,4,6.4,1,No,Low,Tier 1,No,,Placed
Male,ECE,6.61,61.6,50.0,1,2.5,70.0,1,0,2,4,4,3,1,6.8,2,No,Medium,Tier 1,Yes,High,Placed
Male,ECE,7.67,73.6,61.6,0,5.6,79.4,6,0,4,4,4,5,4,6.1,7,No,Medium,Tier 3,Yes,High,Placed
Male,CSE,7.73,62.3,68.3,2,1.5,62.9,8,1,5,3,5,4,3,6.5,1,No,Medium,Tier 3,No,Medium,Placed
Male,ECE,8.9,83.5,78.5,0,3.7,73.6,8,2,5,1,4,5,1,7.4,10,Yes,Low,Tier 3,Yes,High,Placed
Male,IT,8.87,79.5,75.7,0,0.3,63.6,7,4,4,1,5,4,2,5.8,5,No,High,Tier 1,Yes,Medium,Placed
Male,IT,10.0,95.2,100.0,0,5.3,77.9,7,3,5,3,5,4,7,9.0,6,No,Medium,Tier 2,Yes,Low,Placed
Male,ECE,8.42,66.8,81.2,1,2.8,62.7,6,3,4,1,4,5,3,7.9,5,Yes,Medium,Tier 3,Yes,High,Placed
Male,ECE,7.9,78.9,58.4,0,5.5,76.6,0,3,1,4,3,0,0,5.5,5,No,Medium,Tier 1,Yes,Low,Placed
Female,CSE,8.84,78.5,85.0,0,4.6,78.5,6,4,5,4,4,5,3,4.0,10,No,High,Tier 2,Yes,Medium,Placed
Female,IT,7.45,68.0,62.0,0,3.5,59.6,7,1,4,4,3,5,3,6.2,2,No,Low,Tier 2,Yes,Low,Placed
Female,CSE,9.14,78.1,81.6,0,5.6,82.9,3,3,3,4,5,4,0,7.8,3,No,Low,Tier 1,Yes,Medium,Placed
Female,IT,10.0,85.1,82.1,0,6.1,82.6,8,3,5,4,5,6,5,7.6,8,No,Medium,Tier 1,Yes,Medium,Placed
Male,ECE,8.07,75.1,78.6,0,3.2,71.6,3,3,2,2,4,3,3,6.9,3,No,Medium,Tier 1,Yes,Medium,Placed
Female,ECE,7.86,69.0,71.7,0,6.2,81.1,3,2,3,4,4,4,3,6.3,9,Yes,Low,Tier 1,Yes,Medium,Placed
Male,IT,6.28,64.6,63.3,3,3.5,70.6,3,1,2,2,3,2,1,5.9,9,No,High,Tier 2,No,Low,Not Placed
Female,CSE,8.07,71.2,74.0,1,0.0,55.2,8,3,5,3,5,6,3,6.5,2,No,Medium,Tier 1,Yes,Medium,Placed
Female,ME,6.6,63.6,57.2,0,4.4,72.0,5,1,2,3,3,0,3,5.8,3,No,Medium,Tier 1,No,High,Not Placed
Female,ECE,7.28,64.4,61.6,0,2.7,68.3,5,1,3,2,4,2,1,6.5,1,No,Low,Tier 3,Yes,,Placed
Female,CSE,7.16,50.2,56.1,0,3.2,68.3,5,0,3,1,4,2,1,8.6,2,No,Low,Tier 2,Yes,,Not Placed
Male,ECE,8.66,75.8,76.3,0,0.0,61.9,3,2,2,4,5,1,1,6.1,8,Yes,Medium,Tier 2,Yes,,Placed
Male,ME,8.11,76.7,74.1,1,4.6,75.5,5,3,3,5,4,1,5,7.7,10,Yes,High,Tier 3,Yes,High,Placed
Male,CE,9.5,86.2,74.6,1,2.6,68.0,3,4,2,1,5,3,3,7.9,7,No,Medium,Tier 3,Yes,Medium,Placed
Male,CSE,8.0,69.5,76.0,1,3.0,71.7,5,4,2,1,4,2,4,5.7,5,No,High,Tier 1,No,High,Placed
Male,IT,8.06,73.6,73.0,0,6.1,81.6,8,1,5,5,4,5,2,6.0,8,No,High,Tier 2,Yes,Medium,Placed
Female,CSE,8.33,81.3,73.2,0,0.0,54.7,5,4,3,5,5,4,3,8.3,8,No,Medium,Tier 2,Yes,Low,Placed
Female,CSE,8.84,84.9,74.1,0,4.7,80.0,7,2,5,4,4,4,1,5.9,10,No,Medium,Tier 2,Yes,Medium,Placed
Male,CSE,9.51,78.3,79.7,1,4.8,71.3,5,3,5,2,5,3,4,6.9,9,No,Medium,Tier 3,Yes,,Placed
Female,CSE,7.44,67.1,66.1,1,4.5,75.2,2,2,3,4,4,3,4,9.0,10,Yes,Medium,Tier 3,Yes,Low,Not Placed
Female,CSE,8.86,80.6,79.0,0,6.2,77.4,7,3,5,4,5,5,5,8.2,4,No,Low,Tier 3,Yes,Low,Placed
Female,IT,7.27,59.9,54.9,0,5.8,77.5,5,1,3,4,4,3,9,7.1,10,Yes,Medium,Tier 1,Yes,Low,Placed
Female,ECE,8.79,75.1,90.5,1,4.3,79.1,8,2,5,4,4,5,2,8.0,4,No,Low,Tier 1,Yes,Low,Placed
Male,CSE,5.22,50.0,50.0,2,2.5,66.6,6,1,4,1,3,3,4,6.9,2,No,High,Tier 3,No,,Not Placed
Female,CSE,7.18,60.1,70.5,0,3.1,71.1,8,1,5,1,5,6,6,8.2,8,No,High,Tier 2,Yes,,Placed
Female,CE,7.57,60.5,65.7,0,4.0,77.3,2,0,1,2,4,3,1,4.5,4,No,Low,Tier 1,Yes,Low,Placed
Male,IT,7.82,69.4,72.9,1,0.0,64.0,5,2,2,5,4,3,3,6.8,4,Yes,Medium,Tier 3,Yes,Medium,Placed
Male,CSE,8.9,83.6,78.7,0,3.0,71.6,7,1,5,3,5,3,3,4.5,10,No,Medium,Tier 1,Yes,,Placed
Female,CSE,7.13,61.0,62.0,1,6.4,89.7,5,1,4,2,4,5,2,7.2,3,Yes,Medium,Tier 1,Yes,Low,Placed
Male,CSE,9.32,92.0,84.4,1,3.2,70.0,8,3,5,4,5,5,1,6.7,1,No,Low,Tier 3,Yes,,Placed
Female,CSE,9.06,88.0,79.0,0,5.6,82.0,8,1,5,4,4,5,1,8.6,5,No,Medium,Tier 1,Yes,Medium,Placed
Female,CSE,9.01,79.5,86.7,0,5.7,90.5,6,2,4,1,5,4,1,7.9,7,No,Low,Tier 1,Yes,Medium,Placed
Male,ECE,8.5,75.2,69.3,0,6.4,76.4,8,2,5,2,5,5,7,6.4,4,No,Low,Tier 1,Yes,High,Placed
Male,CSE,9.06,87.9,80.6,1,3.4,78.4,8,4,4,5,4,4,6,6.5,4,No,Low,Tier 2,Yes,High,Placed
Female,ECE,8.27,70.9,70.6,0,3.5,73.0,5,2,3,3,4,1,3,7.5,3,No,Low,Tier 1,Yes,Low,Placed
Male,CSE,7.51,68.8,70.8,0,4.6,82.5,7,3,5,2,4,3,0,6.3,6,No,Medium,Tier 2,Yes,,Placed
Male,IT,7.76,74.5,58.8,0,2.4,68.1,7,2,5,5,3,6,3,7.0,9,Yes,High,Tier 2,Yes,,Placed
Male,IT,8.53,74.2,82.5,0,2.6,72.1,5,3,4,4,5,5,3,8.6,2,No,Medium,Tier 3,Yes,High,Placed
Male,ME,7.16,64.0,59.1,1,6.0,71.2,7,2,5,3,3,4,3,6.0,6,No,Medium,Tier 1,No,Medium,Placed
Female,ECE,5.58,50.0,53.0,0,2.6,62.0,4,1,2,3,3,4,2,6.5,8,No,Low,Tier 3,Yes,,Placed
Male,ECE,9.39,78.8,73.5,0,5.0,78.2,7,3,5,5,5,4,4,6.6,1,No,Medium,Tier 1,Yes,,Placed
Female,ECE,7.86,78.3,67.7,0,4.8,77.8,1,3,1,2,4,0,2,9.0,5,Yes,Low,Tier 2,Yes,Low,Placed
Male,CE,6.09,56.7,52.3,0,4.0,68.1,5,1,3,2,3,2,1,7.7,1,No,Medium,Tier 2,Yes,Low,Not Placed
Male,ECE,8.71,81.9,78.6,0,4.5,77.1,7,3,5,2,5,3,5,8.4,4,No,High,Tier 1,Yes,High,Placed
Female,IT,7.89,73.0,73.3,0,5.4,78.3,8,3,5,3,4,5,3,7.9,9,No,Low,Tier 3,No,Medium,Placed
Female,IT,7.48,67.9,78.0,0,6.9,83.6,8,2,5,5,4,5,2,8.0,6,No,Medium,Tier 1,Yes,Medium,Placed
Male,ECE,7.44,64.3,64.0,0,2.1,71.7,0,1,1,1,4,3,4,7.6,6,No,Low,Tier 1,Yes,Low,Not Placed
Male,ME,9.04,90.1,84.4,0,2.0,59.4,8,3,5,3,4,6,2,7.4,6,Yes,Medium,Tier 2,Yes,Low,Placed
Male,CSE,6.66,53.5,57.3,1,3.8,75.6,5,1,3,3,3,4,4,5.3,6,Yes,Low,Tier 2,Yes,Medium,Placed
Male,CSE,8.08,66.8,74.1,1,4.7,76.6,4,0,3,2,5,2,3,7.4,3,Yes,Medium,Tier 1,Yes,Medium,Not Placed
Female,ECE,8.72,75.3,70.4,0,4.6,70.3,8,2,5,1,5,5,3,6.9,9,No,Low,Tier 1,Yes,Low,Placed
Male,CSE,7.21,66.9,65.9,0,7.4,76.3,8,0,5,1,3,6,2,7.7,9,No,Medium,Tier 1,Yes,Medium,Placed
Male,IT,9.84,89.4,83.4,0,2.1,64.0,6,4,5,4,4,4,3,6.9,7,No,Medium,Tier 2,Yes,High,Placed
Male,CSE,8.96,76.6,71.6,0,0.7,60.4,4,1,3,1,5,4,3,7.9,2,No,Medium,Tier 2,Yes,,Placed
Female,ECE,10.0,88.3,89.3,0,5.0,72.9,6,4,4,2,5,4,2,8.1,4,No,Medium,Tier 1,Yes,Medium,Placed
Female,ME,8.04,70.1,72.7,1,4.4,74.0,0,2,1,4,4,0,0,4.0,10,Yes,High,Tier 1,Yes,Low,Not Placed
Male,ME,9.6,87.6,84.6,0,3.7,76.9,7,1,5,1,5,6,3,6.5,10,No,Medium,Tier 2,Yes,Medium,Placed
Female,ECE,8.51,74.2,78.5,1,5.6,78.7,7,2,5,5,4,6,2,4.8,8,No,Low,Tier 3,Yes,,Placed
Male,IT,7.59,76.6,77.1,1,0.7,57.0,7,2,3,4,3,2,3,7.3,6,Yes,Low,Tier 3,Yes,Medium,Placed
Male,ME,6.08,53.3,50.0,1,0.5,63.3,1,1,2,4,3,2,1,6.6,10,No,High,Tier 3,No,,Placed
Female,ECE,8.29,73.2,78.6,1,0.0,58.3,3,4,2,2,4,1,3,8.6,2,No,Medium,Tier 1,Yes,,Placed
Female,CSE,7.73,73.1,65.9,1,2.6,65.8,7,3,5,1,4,5,1,7.2,1,No,Medium,Tier 3,Yes,Medium,Not Placed
Female,ECE,8.22,76.6,75.6,0,6.4,76.6,4,3,3,1,4,4,5,6.4,1,No,Low,Tier 2,Yes,Medium,Placed
Male,IT,8.29,80.3,74.1,0,1.0,64.3,8,3,5,3,3,5,3,8.1,2,Yes,Medium,Tier 3,Yes,High,Placed
Male,ME,10.0,94.8,97.6,0,4.1,72.7,8,2,5,2,5,4,3,6.6,6,No,Low,Tier 1,Yes,Medium,Placed
Female,IT,9.78,86.8,87.6,0,4.6,70.8,7,4,5,1,5,4,3,6.4,5,Yes,High,Tier 2,Yes,Medium,Placed
Male,ECE,9.46,90.9,85.1,0,7.1,83.2,8,4,5,5,4,4,3,7.5,10,Yes,High,Tier 2,Yes,Medium,Placed
Male,CSE,7.99,69.9,77.1,1,2.3,66.0,7,3,4,3,4,3,3,8.9,9,No,Low,Tier 2,Yes,Low,Placed
Male,CSE,8.36,69.7,77.6,0,2.2,64.8,5,4,3,5,3,2,5,8.0,3,No,Medium,Tier 3,Yes,,Placed
Female,ECE,10.0,89.8,93.1,0,6.1,79.0,3,4,2,4,5,1,1,7.7,6,No,Low,Tier 3,Yes,Low,Placed
Male,ME,8.64,79.7,84.0,0,1.9,64.8,8,1,5,2,5,5,6,9.0,6,No,Medium,Tier 3,Yes,Low,Placed
Male,CE,5.8,53.3,53.2,1,6.4,76.9,8,0,5,5,2,5,4,6.1,10,No,High,Tier 2,Yes,Low,Not Placed
Female,CSE,10.0,92.2,97.6,0,4.7,79.1,8,2,5,2,5,6,4,6.1,10,No,Medium,Tier 2,Yes,High,Placed
Male,ECE,8.05,68.5,65.0,2,0.5,66.7,4,3,4,4,4,4,2,7.2,1,No,Medium,Tier 1,Yes,High,Not Placed
Male,ECE,8.54,79.9,75.8,0,5.3,73.2,7,2,4,4,4,4,2,8.8,9,No,Low,Tier 3,Yes,High,Placed
Male,ECE,8.63,84.6,77.4,0,4.9,76.4,8,2,5,3,5,4,2,5.9,6,No,High,Tier 2,Yes,High,Placed
Male,CSE,8.44,72.1,71.9,0,3.5,68.7,8,3,5,5,4,6,7,9.0,6,No,Medium,Tier 3,Yes,Low,Placed
Male,CSE,7.67,73.5,72.5,0,2.7,66.7,5,1,4,4,3,5,3,5.3,10,No,Medium,Tier 2,Yes,Low,Placed
Male,CSE,7.18,66.5,65.8,0,7.2,78.8,4,2,2,5,3,1,2,6.9,9,Yes,Low,Tier 2,Yes,Medium,Placed
Female,CSE,6.7,63.7,50.0,1,0.0,54.7,7,1,4,2,3,2,1,7.2,2,Yes,Medium,Tier 3,Yes,High,Not Placed
Male,CSE,9.36,80.3,90.3,0,1.0,63.1,5,4,4,3,5,4,2,5.9,10,No,High,Tier 1,Yes,Low,Placed
Female,CSE,7.43,67.6,71.9,0,2.9,67.8,3,3,2,4,3,2,2,6.3,6,No,Medium,Tier 1,Yes,Medium,Placed
Male,ME,9.9,89.3,90.1,0,5.0,73.4,4,3,2,5,5,3,1,8.0,1,No,Medium,Tier 1,Yes,,Not Placed
Male,ECE,8.57,77.0,78.9,1,4.0,78.3,2,1,2,4,5,2,2,8.7,9,No,Medium,Tier 3,Yes,Low,Placed
Male,IT,5.5,50.7,50.0,0,2.6,69.5,8,1,5,5,2,5,5,4.5,10,Yes,Medium,Tier 1,Yes,Low,Placed
Male,CSE,7.06,66.2,58.8,1,5.1,77.0,3,2,2,3,3,0,0,7.2,10,No,Medium,Tier 1,Yes,Low,Not Placed
Female,ECE,6.91,69.2,50.0,0,0.5,70.0,6,1,4,5,3,3,3,6.9,8,No,Low,Tier 1,Yes,High,Placed
Male,ECE,9.13,87.3,78.6,0,4.7,76.5,4,4,3,3,5,2,3,7.1,7,No,Medium,Tier 2,Yes,,Placed
Male,CSE,8.24,78.8,73.6,0,3.4,80.4,3,3,2,2,4,2,4,6.6,1,No,Medium,Tier 2,Yes,High,Placed
Female,IT,9.3,90.4,86.3,0,5.3,74.2,8,3,5,2,5,6,6,5.5,4,Yes,Medium,Tier 1,Yes,,Placed
Female,CSE,8.21,74.9,67.6,1,5.0,75.1,8,4,5,2,4,6,2,8.9,8,No,High,Tier 3,Yes,High,Placed
Female,IT,9.07,77.2,86.4,2,5.5,81.7,7,2,5,4,5,5,4,8.4,10,No,Medium,Tier 3,Yes,Medium,Not Placed
Male,IT,7.0,63.9,63.4,1,2.8,58.1,5,1,4,3,3,3,4,6.9,8,No,Low,Tier 1,Yes,Medium,Not Placed
Female,ECE,7.85,72.9,75.8,2,2.5,68.6,3,3,1,5,4,0,2,6.4,1,No,High,Tier 3,Yes,,Placed
Male,ECE,8.59,81.5,81.5,0,4.4,86.1,2,2,2,1,4,3,3,6.3,8,No,Medium,Tier 2,Yes,Medium,Not Placed
Male,ME,7.27,68.1,66.1,1,1.1,58.5,4,3,3,2,5,4,6,4.0,10,No,Medium,Tier 1,Yes,High,Placed
Male,ECE,8.86,78.9,81.6,1,8.4,92.4,6,3,5,4,4,6,1,7.4,10,No,Medium,Tier 1,Yes,,Placed
Male,ME,8.72,84.5,75.3,0,7.2,81.0,8,3,5,2,5,6,3,7.9,10,Yes,Medium,Tier 2,Yes,,Placed
Male,CSE,8.43,77.4,75.5,0,0.9,76.7,6,2,4,2,4,3,2,7.2,3,No,Low,Tier 2,No,Low,Placed
Male,CSE,8.71,77.3,79.3,0,4.5,69.8,6,3,4,4,5,3,1,6.9,1,No,Medium,Tier 1,Yes,,Placed
Female,ECE,8.76,70.2,83.0,0,6.4,75.7,8,2,5,3,5,5,0,7.2,3,No,High,Tier 3,Yes,,Placed
Male,ECE,8.41,78.0,76.0,0,3.2,65.0,1,2,1,4,4,2,2,6.0,8,No,Medium,Tier 2,Yes,Medium,Placed
Male,IT,8.53,71.0,86.8,0,2.5,68.4,5,2,4,2,4,2,3,6.4,8,No,Medium,Tier 2,Yes,Low,Placed
Male,CSE,8.37,70.3,75.8,0,6.4,77.2,7,2,5,4,4,6,2,6.8,7,No,Low,Tier 1,No,Medium,Placed
Female,IT,7.9,73.4,58.7,0,6.7,77.2,4,3,4,5,4,5,3,7.8,2,No,Low,Tier 2,Yes,High,Placed
Male,CSE,8.78,81.4,76.7,0,0.8,64.1,8,3,5,2,4,5,1,8.7,6,Yes,Medium,Tier 2,Yes,Medium,Placed
Male,ECE,8.81,73.7,74.6,0,4.2,75.9,7,3,5,5,4,2,5,6.7,10,No,Medium,Tier 2,Yes,,Placed
Female,ECE,7.73,67.6,67.8,0,3.8,61.2,4,3,3,5,4,4,2,5.7,10,Yes,High,Tier 3,Yes,Medium,Placed
Female,ECE,8.5,76.2,70.7,1,0.5,66.0,7,3,4,1,4,5,5,7.0,3,No,Medium,Tier 3,Yes,Low,Placed
Male,CSE,9.87,92.9,80.2,0,0.8,56.3,6,1,5,1,5,4,6,9.0,6,No,Medium,Tier 2,Yes,Low,Placed
Female,ECE,7.86,67.8,66.8,0,2.2,65.1,3,2,1,2,3,3,5,5.9,4,No,Medium,Tier 2,Yes,Low,Placed
Female,IT,8.21,77.8,75.8,0,4.0,70.2,2,2,2,4,4,2,1,8.1,9,Yes,Low,Tier 3,Yes,High,Placed
Female,ECE,8.93,76.1,82.9,0,6.6,81.7,8,2,5,2,4,4,4,8.6,9,No,High,Tier 2,Yes,Medium,Placed
Male,ECE,10.0,83.7,85.8,0,0.0,56.1,8,2,5,5,5,6,1,6.6,1,No,Medium,Tier 1,Yes,,Placed
Female,IT,8.57,82.6,80.8,1,4.2,76.5,5,2,5,2,4,3,9,6.2,5,Yes,Low,Tier 2,Yes,Low,Placed
Male,CE,7.46,74.3,64.2,3,2.1,62.3,5,2,4,3,3,4,1,7.7,6,No,Medium,Tier 1,Yes,Low,Not Placed
Male,ECE,7.44,72.8,63.3,0,5.1,80.6,3,4,2,4,4,2,2,7.4,2,No,High,Tier 3,Yes,High,Placed
Male,CSE,8.35,78.7,72.9,0,6.0,77.2,3,1,2,4,4,1,0,7.8,6,No,High,Tier 2,Yes,High,Placed
Male,IT,8.67,78.6,66.1,1,6.1,79.2,7,2,5,4,5,5,2,9.0,7,No,Low,Tier 2,Yes,Low,Placed
Male,ME,8.94,83.3,79.1,0,3.8,76.5,8,2,5,5,5,5,1,7.2,6,No,High,Tier 1,Yes,Low,Placed
Female,CSE,7.99,74.5,63.8,0,3.3,69.0,1,3,2,5,4,1,2,5.6,10,No,Low,Tier 2,Yes,Medium,Placed
Male,CSE,8.22,82.9,71.1,2,6.7,91.0,8,3,5,3,4,4,5,7.1,10,Yes,Low,Tier 3,No,Low,Placed
Male,IT,7.95,68.0,67.6,0,3.3,68.9,6,1,5,5,4,5,4,7.3,8,No,High,Tier 1,No,Low,Placed
Male,CSE,8.6,74.5,81.8,0,4.1,73.4,8,2,5,2,5,5,5,8.5,6,Yes,High,Tier 2,Yes,Medium,Placed
Male,IT,9.53,81.3,81.1,0,3.1,77.4,4,3,4,1,4,4,6,6.8,4,Yes,Medium,Tier 3,Yes,Low,Placed
Female,CSE,7.64,75.5,79.9,0,4.7,76.6,8,0,5,1,3,4,2,6.5,3,Yes,Medium,Tier 2,Yes,Medium,Placed
Male,CE,9.44,85.0,80.9,0,1.3,68.4,7,1,5,3,5,5,0,5.4,4,No,High,Tier 2,No,Low,Placed
Male,ECE,9.86,85.2,86.2,1,3.4,68.4,2,3,2,4,4,3,2,7.7,2,No,Medium,Tier 2,Yes,Medium,Not Placed
Male,ECE,9.3,74.1,84.7,0,4.2,62.4,6,2,3,3,4,2,1,9.0,10,No,High,Tier 2,Yes,Medium,Placed
Male,IT,7.86,66.6,67.4,0,6.1,75.3,6,2,4,3,4,5,2,6.7,5,No,Medium,Tier 1,Yes,Medium,Placed
Male,ECE,7.99,73.1,76.4,1,3.7,70.9,4,0,2,3,4,1,1,7.5,10,No,High,Tier 1,Yes,Medium,Placed
Female,ECE,7.08,55.0,53.1,0,0.0,56.3,8,0,5,1,4,3,7,6.3,4,No,High,Tier 2,Yes,Low,Placed
Female,CSE,7.34,61.5,66.7,0,2.8,68.7,8,3,5,3,5,5,5,5.5,4,No,Low,Tier 3,Yes,,Placed
Male,CSE,8.58,77.4,73.6,0,6.9,73.2,7,2,4,4,5,4,5,7.5,5,No,High,Tier 1,Yes,,Placed
Female,CSE,8.21,72.8,77.5,0,4.3,73.3,3,4,2,5,5,2,3,7.0,7,No,Medium,Tier 1,Yes,Low,Placed
Female,ME,7.18,58.7,64.1,1,2.6,64.2,3,2,1,5,4,0,0,4.1,7,No,Medium,Tier 2,No,,Not Placed
Female,CSE,7.68,65.1,71.4,0,2.0,57.8,6,3,5,1,4,4,4,8.9,8,No,Medium,Tier 3,No,Medium,Placed
Male,CSE,9.31,82.6,88.4,0,4.7,74.7,7,4,5,4,5,6,5,7.5,6,No,Low,Tier 1,Yes,Low,Placed
Male,ECE,8.71,80.2,85.2,1,2.6,67.9,8,4,5,5,4,4,5,7.1,10,Yes,Medium,Tier 3,Yes,,Placed
Male,ME,8.52,79.5,78.4,0,4.1,70.7,3,1,3,1,4,5,1,6.5,10,No,High,Tier 1,Yes,High,Placed
Female,CE,8.12,72.5,81.3,0,2.5,62.8,6,2,4,3,5,2,2,7.5,5,No,Low,Tier 3,Yes,Medium,Placed
Female,CSE,7.61,74.9,62.7,0,2.2,61.4,5,4,5,5,4,5,7,7.5,8,No,Medium,Tier 2,Yes,Low,Placed
Male,CSE,8.55,74.5,74.8,0,3.2,77.0,7,2,5,5,5,4,1,7.5,6,No,High,Tier 2,Yes,Low,Placed
Male,IT,9.32,78.6,80.3,1,3.8,74.9,7,3,5,5,4,4,8,8.3,7,No,Medium,Tier 2,Yes,,Placed
Female,CSE,9.63,77.6,86.8,0,3.9,68.8,6,4,5,3,4,5,2,8.6,8,No,Medium,Tier 3,Yes,Low,Placed
Female,IT,7.2,68.0,65.6,0,3.4,67.5,3,2,2,1,4,3,3,9.0,4,No,Medium,Tier 1,Yes,High,Placed
Female,IT,8.65,77.4,74.9,0,6.2,73.4,6,4,5,5,4,4,3,6.0,4,No,Medium,Tier 1,Yes,,Placed
Female,CE,7.31,58.5,71.1,1,3.2,68.9,3,1,2,3,4,5,2,6.3,6,No,Medium,Tier 2,Yes,Medium,Not Placed
Male,CSE,7.54,69.2,50.8,0,6.9,86.9,8,1,5,3,4,4,6,7.4,2,No,High,Tier 3,Yes,High,Placed
Male,IT,9.26,87.8,88.6,0,3.7,73.5,7,3,4,1,4,4,5,6.1,9,No,Medium,Tier 3,Yes,Medium,Placed
Female,CE,9.22,84.2,79.7,0,2.7,72.6,7,3,5,1,4,4,3,6.3,9,Yes,High,Tier 2,Yes,Low,Placed
Male,ME,8.47,73.0,78.1,0,4.6,67.9,7,3,5,1,4,6,5,7.6,2,No,Medium,Tier 2,Yes,Medium,Placed
Male,ECE,8.02,66.5,65.6,0,5.5,73.6,2,1,2,1,4,1,2,8.1,1,No,Medium,Tier 1,No,High,Not Placed
Female,CSE,7.61,69.7,69.4,0,2.4,68.7,5,1,3,3,4,3,3,8.5,10,No,Medium,Tier 3,Yes,Medium,Placed
Male,CSE,6.24,56.3,57.1,0,1.1,52.1,6,2,5,2,4,5,3,6.8,4,No,Medium,Tier 3,Yes,High,Placed
Female,ECE,9.87,100.0,93.8,0,6.0,74.8,8,3,5,5,5,5,4,7.6,4,No,Medium,Tier 2,Yes,Medium,Placed
Male,ME,8.44,71.0,80.4,0,6.7,75.8,8,1,5,3,4,4,2,7.3,3,Yes,Low,Tier 2,Yes,High,Placed
Female,ECE,8.34,77.0,67.9,0,5.1,81.9,0,1,1,4,4,0,0,7.0,5,No,Low,Tier 3,Yes,High,Placed
Male,ECE,8.52,73.9,76.3,0,2.5,71.8,7,2,5,2,4,5,3,6.0,3,No,Low,Tier 3,Yes,Medium,Placed
Male,ECE,6.2,52.4,60.2,0,3.7,73.5,6,1,4,4,3,5,0,5.9,6,Yes,Low,Tier 2,Yes,Medium,Placed
Female,ME,7.85,65.1,67.5,0,1.6,64.6,4,2,2,5,4,1,2,7.8,10,No,Medium,Tier 2,Yes,Medium,Placed
Male,IT,8.9,85.2,71.0,1,6.1,81.1,8,3,5,4,5,5,5,6.0,3,No,Low,Tier 2,Yes,Medium,Placed
Female,CSE,7.75,74.8,69.8,0,4.4,71.9,6,1,5,3,3,5,4,4.9,6,No,Medium,Tier 2,Yes,High,Placed
Female,ECE,10.0,94.3,82.8,0,4.9,79.4,8,3,5,5,4,5,2,7.0,6,Yes,Low,Tier 2,Yes,,Placed
Male,CSE,7.37,64.1,63.1,1,4.3,68.4,7,1,5,3,4,4,1,8.7,4,No,Medium,Tier 2,Yes,Medium,Placed
Male,ME,8.48,78.8,71.5,0,4.0,66.7,6,2,3,4,4,4,2,4.0,10,No,Medium,Tier 2,Yes,Medium,Placed
Male,CE,7.46,73.4,65.6,0,4.4,72.8,6,1,4,1,3,4,2,6.7,4,No,Low,Tier 2,Yes,Medium,Placed
Male,IT,8.61,66.0,82.9,1,4.0,73.3,6,4,4,4,4,6,1,7.8,7,No,High,Tier 2,Yes,Medium,Placed
Female,CSE,7.28,68.1,68.3,1,6.3,84.8,3,1,2,4,3,3,2,4.8,10,Yes,Low,Tier 1,Yes,,Placed
Female,IT,8.9,84.6,85.8,0,1.2,59.5,8,1,5,1,4,6,5,6.7,5,No,Medium,Tier 3,Yes,Low,Placed
Female,CSE,8.17,76.9,75.8,0,2.3,66.7,7,1,4,1,4,4,2,5.6,10,No,High,Tier 2,Yes,High,Placed
Female,ME,6.35,53.0,57.8,0,3.3,70.5,4,1,3,1,3,5,4,5.8,10,No,Medium,Tier 1,Yes,High,Placed
Male,CSE,8.26,70.0,80.6,0,3.6,67.5,8,3,5,4,4,4,4,6.5,9,No,Low,Tier 2,Yes,Low,Placed
Female,IT,7.86,72.3,63.3,1,6.0,80.8,4,2,3,2,4,4,3,5.7,10,No,Medium,Tier 3,Yes,Medium,Placed
Female,ECE,7.62,68.8,75.5,0,1.3,58.8,2,3,1,5,4,1,0,5.6,8,No,Medium,Tier 3,Yes,High,Placed
Female,ME,6.84,65.9,64.2,0,5.1,74.7,6,1,3,3,3,2,4,6.9,6,No,High,Tier 2,Yes,Medium,Not Placed
Female,IT,10.0,94.3,94.4,0,3.7,73.1,7,2,5,5,4,5,4,9.0,2,No,High,Tier 3,Yes,Medium,Placed
Male,CSE,7.64,66.2,65.8,0,5.7,79.1,6,2,3,4,3,3,3,7.9,7,No,Medium,Tier 1,Yes,,Placed
Female,CSE,8.14,65.5,69.1,0,4.8,75.5,8,3,5,3,5,6,3,8.2,9,No,High,Tier 3,Yes,Medium,Placed
Male,IT,7.32,59.4,66.0,0,3.7,65.2,8,2,5,4,3,6,5,8.0,9,No,Low,Tier 1,Yes,Medium,Placed
Male,ECE,7.56,62.9,62.0,1,2.0,71.3,3,2,1,2,3,0,4,6.2,2,No,Low,Tier 1,No,Medium,Not Placed
Male,CSE,8.16,71.0,71.1,0,4.7,73.9,8,2,5,3,3,6,0,7.4,10,Yes,High,Tier 2,Yes,Medium,Placed
Female,ECE,8.11,74.4,70.9,0,3.2,61.9,2,4,1,4,5,2,3,8.3,8,Yes,Low,Tier 2,Yes,Low,Placed
Female,ME,9.83,86.9,86.0,0,3.8,65.6,8,4,5,3,5,5,2,8.0,5,No,Low,Tier 2,Yes,High,Placed
Female,CSE,8.5,70.6,72.9,1,5.6,69.8,6,4,4,5,4,5,3,7.2,6,Yes,Low,Tier 3,Yes,Medium,Placed
Female,CSE,10.0,92.9,81.9,0,7.0,75.5,4,4,5,5,4,5,1,7.6,6,No,Medium,Tier 3,Yes,Medium,Placed
Male,CSE,6.44,56.5,60.4,1,0.7,60.9,7,1,5,2,3,5,4,9.0,8,No,Medium,Tier 2,Yes,High,Placed
Female,ECE,10.0,86.8,90.9,0,5.6,65.0,5,2,3,2,5,3,3,8.0,2,No,Medium,Tier 2,Yes,High,Placed
Male,IT,9.86,84.9,82.8,0,6.6,83.9,4,4,3,2,5,3,2,6.6,3,No,Low,Tier 1,Yes,High,Placed
Male,IT,9.19,84.1,84.5,0,3.7,77.4,5,2,4,2,5,3,2,6.9,10,No,Medium,Tier 1,Yes,Medium,Placed
Male,ME,9.93,88.1,87.8,0,1.7,70.4,4,4,3,2,5,3,0,5.7,9,No,High,Tier 2,Yes,Medium,Placed
Female,CSE,6.17,52.7,51.0,0,4.7,67.7,5,1,3,2,3,4,4,9.0,3,No,High,Tier 1,Yes,Low,Placed
Female,IT,6.56,53.3,61.9,0,3.6,73.9,3,1,3,5,3,2,1,8.9,1,No,Medium,Tier 3,Yes,Low,Placed
Male,ECE,9.31,80.9,83.8,0,10.0,95.2,5,3,3,2,4,4,3,7.1,6,No,High,Tier 2,Yes,Medium,Placed
Male,CSE,6.01,55.2,60.8,1,4.7,84.2,7,1,5,1,3,5,8,9.0,7,No,Medium,Tier 1,No,Medium,Not Placed
Female,IT,6.09,57.7,51.1,2,3.0,62.4,5,0,3,4,2,2,3,7.8,9,No,Low,Tier 2,Yes,Low,Not Placed
Male,CE,7.91,75.6,73.3,0,1.1,66.9,2,2,1,5,5,3,1,6.5,1,No,Low,Tier 1,Yes,High,Placed
Female,CE,7.48,64.0,75.0,0,2.1,64.7,5,1,3,4,4,2,0,8.1,9,No,Low,Tier 2,Yes,Medium,Not Placed
Female,CE,6.63,52.4,60.2,2,5.8,79.8,2,0,2,5,3,2,1,7.5,10,No,Medium,Tier 3,Yes,Medium,Not Placed
Male,CSE,7.2,67.5,59.4,1,0.5,58.9,7,1,5,5,4,4,4,8.0,7,No,Low,Tier 2,Yes,Low,Placed
Male,CSE,8.31,75.5,72.1,0,0.6,63.6,2,2,2,4,4,1,3,5.4,10,No,Medium,Tier 1,Yes,,Placed
Female,ME,8.83,72.7,86.3,0,6.0,88.0,7,3,5,2,5,6,2,6.0,3,No,Low,Tier 3,No,High,Placed
Female,CSE,9.11,85.5,88.6,1,3.2,65.5,8,2,5,5,5,3,2,8.8,5,No,High,Tier 1,Yes,Low,Placed
Male,ECE,8.0,57.9,69.4,1,3.5,64.0,3,3,3,3,4,4,0,9.0,4,Yes,Medium,Tier 3,Yes,Medium,Not Placed
Female,CE,9.77,83.0,84.1,0,5.2,72.3,5,4,4,2,5,4,3,8.7,7,No,High,Tier 2,Yes,Medium,Placed
Male,CE,10.0,98.1,93.8,0,3.5,73.4,7,1,5,4,5,5,1,9.0,2,No,High,Tier 2,Yes,Medium,Placed
Male,ECE,8.1,86.8,68.6,0,0.8,65.1,3,1,2,4,4,1,3,7.7,6,No,Low,Tier 3,Yes,Medium,Placed
Female,CE,7.52,72.2,68.0,0,2.7,58.6,7,0,5,5,4,5,1,7.6,10,No,Medium,Tier 3,Yes,,Placed
Female,IT,8.49,74.8,63.1,0,4.9,73.6,7,2,5,5,4,6,2,5.9,4,No,Low,Tier 1,Yes,Low,Placed
Male,ME,6.93,64.2,70.0,1,4.1,75.1,7,0,5,3,3,6,3,6.3,9,No,High,Tier 1,Yes,Medium,Not Placed
Female,CSE,8.23,63.9,75.1,0,7.0,82.5,6,1,3,1,4,3,1,4.6,8,No,Medium,Tier 3,Yes,Medium,Placed
Male,CSE,9.11,79.8,79.7,0,4.8,75.8,8,4,5,3,5,4,2,6.6,5,No,Low,Tier 1,Yes,Low,Placed
Male,ECE,8.22,65.9,75.8,1,2.3,73.7,6,2,5,3,4,4,2,4.5,8,No,Low,Tier 2,Yes,Low,Placed
Male,CSE,9.33,89.5,87.2,1,6.8,79.3,8,4,5,2,5,5,4,8.3,6,No,Medium,Tier 3,Yes,,Placed
Female,CSE,7.19,68.6,56.0,0,6.9,82.6,2,3,3,3,4,4,3,7.5,6,No,High,Tier 2,Yes,Medium,Placed
Male,CSE,8.52,79.8,72.5,0,2.6,62.8,6,3,3,1,4,3,2,4.6,10,No,Medium,Tier 3,Yes,Low,Placed
Male,ECE,7.96,75.6,69.7,1,5.1,82.7,2,2,1,5,5,1,0,6.8,6,No,High,Tier 3,Yes,,Placed
Male,IT,8.22,71.2,67.1,1,5.3,69.8,3,1,2,4,4,3,3,9.0,10,Yes,Medium,Tier 2,Yes,Medium,Not Placed
Female,CSE,7.62,68.4,66.3,0,4.7,71.3,6,0,5,4,3,5,0,6.8,8,Yes,Low,Tier 3,Yes,Low,Placed
Female,CE,9.53,82.4,83.6,0,1.2,63.7,7,3,4,1,5,3,5,5.8,3,No,High,Tier 2,Yes,Medium,Placed
Female,ME,7.62,68.8,64.6,0,10.0,87.8,6,1,5,5,4,5,5,4.9,10,No,Low,Tier 2,Yes,Low,Placed
Male,CSE,7.81,69.8,67.4,0,3.1,71.7,7,2,4,2,4,5,3,4.9,10,No,High,Tier 2,Yes,High,Placed
Female,IT,7.17,66.4,63.1,2,4.7,66.9,5,2,3,5,4,2,4,7.6,6,No,Medium,Tier 3,Yes,Low,Placed
Male,ME,9.36,78.8,75.6,0,5.8,68.4,5,4,3,2,4,3,4,6.5,10,No,Low,Tier 3,Yes,Low,Placed
Female,ECE,8.24,74.2,78.1,0,3.2,65.0,4,2,3,2,4,4,2,6.6,8,No,Medium,Tier 1,Yes,High,Not Placed
Female,CE,7.75,69.7,71.9,0,6.5,85.2,4,1,2,2,3,0,3,6.5,3,No,High,Tier 2,Yes,Low,Placed
Male,CSE,8.17,74.5,71.4,0,4.0,62.4,4,1,4,5,4,6,3,6.8,3,No,High,Tier 3,No,Medium,Placed
Female,ME,7.05,58.8,63.4,1,2.7,70.5,4,2,3,2,5,3,2,5.5,10,No,Low,Tier 2,Yes,Low,Placed
Male,CSE,8.17,70.5,73.2,1,1.1,68.1,4,2,4,5,3,3,2,7.4,10,Yes,Low,Tier 1,No,,Not Placed
Male,IT,9.72,83.3,96.8,0,3.2,70.4,5,3,3,3,5,4,1,5.3,7,No,Medium,Tier 2,No,Medium,Placed
Male,ECE,7.13,73.9,60.6,0,4.7,69.3,7,2,5,4,3,6,5,6.1,5,No,Medium,Tier 3,Yes,High,Placed
Male,ME,9.87,94.8,90.2,0,3.4,66.5,5,1,3,5,5,3,3,8.2,3,No,Medium,Tier 3,Yes,Low,Placed
Male,CSE,9.74,87.3,75.5,0,5.3,81.2,7,1,5,4,4,5,1,7.5,7,No,Low,Tier 3,Yes,Medium,Placed
Female,ME,8.51,78.8,78.0,0,7.3,81.6,8,3,5,5,5,3,2,7.8,7,No,High,Tier 1,Yes,Medium,Placed
Male,CE,9.22,90.7,80.7,0,3.4,70.8,6,2,4,2,5,5,4,9.0,3,No,Medium,Tier 3,Yes,Low,Placed
Female,ECE,8.83,87.5,81.0,0,6.3,78.3,7,3,5,4,4,4,0,6.9,8,No,High,Tier 2,Yes,Medium,Placed
Male,ME,8.37,77.3,76.2,0,4.4,74.0,5,2,3,2,5,2,5,7.0,6,No,Medium,Tier 3,Yes,Low,Not Placed
Male,ECE,8.09,68.7,72.6,1,4.6,74.4,2,0,2,3,4,3,0,6.7,3,No,Medium,Tier 2,Yes,Low,Placed
Female,IT,9.03,87.3,82.0,2,4.0,76.7,8,1,5,4,4,4,3,6.5,6,No,High,Tier 1,Yes,Low,Placed
Male,ECE,8.03,73.4,76.2,0,4.8,71.6,8,3,5,3,4,6,4,5.8,3,No,Medium,Tier 2,Yes,High,Placed
Male,IT,9.11,80.3,80.8,0,2.4,62.3,7,2,5,2,5,5,1,7.1,6,No,High,Tier 1,Yes,Low,Placed
Female,IT,7.23,68.5,63.4,1,2.5,67.4,5,2,5,1,4,6,2,7.4,7,No,High,Tier 3,Yes,Medium,Placed
Male,ECE,10.0,86.8,94.9,0,2.8,67.8,7,4,4,3,4,3,2,7.5,4,No,Medium,Tier 3,Yes,Low,Placed
Male,CSE,6.79,53.4,61.8,0,0.5,61.6,1,1,2,3,3,3,4,7.1,4,No,Medium,Tier 2,Yes,Low,Placed
Male,ECE,10.0,96.4,86.2,0,1.6,74.5,6,4,4,3,5,4,6,8.1,3,No,Low,Tier 3,Yes,Medium,Placed
Female,IT,8.02,74.4,74.4,1,3.8,68.0,6,2,4,3,4,4,5,7.0,5,No,Low,Tier 2,Yes,Medium,Placed
Female,CSE,9.19,86.8,81.5,0,2.9,72.8,8,3,5,2,5,4,4,6.5,1,No,Low,Tier 3,Yes,Low,Placed
Female,ECE,9.17,73.3,75.7,0,3.9,69.9,5,3,3,1,4,3,1,5.9,8,No,Low,Tier 3,Yes,Low,Placed
Female,IT,8.73,80.7,80.8,0,5.3,79.3,5,4,4,5,4,2,2,5.1,4,No,Low,Tier 3,Yes,High,Placed
Male,ECE,9.74,89.1,85.6,0,4.5,74.2,6,4,5,5,5,4,2,8.8,4,No,Medium,Tier 2,Yes,,Placed
Male,ME,7.68,67.4,59.9,0,3.8,73.7,8,3,5,5,4,5,3,6.2,6,No,Medium,Tier 2,Yes,Medium,Placed
Female,CSE,6.41,56.0,51.2,0,0.3,63.9,8,1,5,2,3,4,1,5.9,8,No,Medium,Tier 3,Yes,Medium,Placed
Male,CSE,8.19,71.2,76.8,0,4.1,69.0,3,2,2,2,5,3,5,6.5,10,Yes,Low,Tier 1,Yes,Medium,Placed
Male,CE,8.85,87.5,80.8,1,2.6,55.9,4,3,3,1,5,3,1,6.7,7,No,Low,Tier 3,Yes,High,Not Placed
Male,CSE,8.33,79.2,74.1,2,5.4,80.7,6,2,4,5,5,5,1,9.0,1,No,Medium,Tier 3,Yes,Medium,Placed
Male,CSE,8.38,74.1,77.7,0,2.4,55.1,6,4,3,5,4,4,2,6.6,6,No,Medium,Tier 2,Yes,Low,Placed
Female,IT,6.64,56.5,62.7,0,1.7,61.8,5,3,3,5,3,4,1,9.0,9,No,Medium,Tier 3,Yes,Low,Placed
Male,ECE,8.92,80.2,84.2,0,6.8,75.3,3,2,2,4,5,3,1,7.1,8,No,Medium,Tier 3,Yes,Low,Placed
Male,IT,7.38,66.4,70.2,0,0.4,65.6,2,1,2,5,4,2,2,9.0,8,No,High,Tier 2,Yes,,Placed
Male,IT,8.65,72.6,74.8,0,7.4,90.4,8,1,5,4,4,6,6,8.1,7,Yes,Medium,Tier 2,No,High,Placed
Female,CSE,8.62,83.1,65.8,1,4.2,73.0,7,2,4,4,4,0,1,7.4,4,No,Medium,Tier 3,Yes,,Placed
Male,CSE,7.65,67.6,66.0,1,3.3,67.7,4,0,2,2,4,2,1,8.9,1,No,High,Tier 2,Yes,Medium,Not Placed
Male,CE,8.48,76.7,88.4,0,3.1,65.5,7,1,4,1,5,5,3,8.3,5,No,High,Tier 1,Yes,Medium,Placed
Female,ECE,8.19,77.8,77.5,0,5.8,79.2,3,2,2,5,4,1,1,7.8,5,No,Medium,Tier 3,Yes,High,Placed
Female,CSE,9.33,91.9,81.8,0,4.4,66.2,8,3,5,4,5,6,3,9.0,8,Yes,Medium,Tier 2,Yes,Medium,Placed
Male,CE,9.55,86.5,83.7,0,4.3,64.3,7,1,5,2,4,5,7,6.4,1,No,Low,Tier 3,Yes,Medium,Placed
Male,CSE,8.33,67.8,81.2,0,3.9,67.4,5,3,3,5,4,2,1,5.8,9,Yes,Medium,Tier 1,Yes,Low,Placed
Male,IT,8.17,76.5,67.7,0,3.1,67.0,7,3,5,4,4,6,2,6.2,8,Yes,High,Tier 1,Yes,Medium,Placed
Male,CSE,9.42,85.6,88.0,0,6.5,68.6,6,2,5,3,5,6,1,9.0,1,No,Medium,Tier 3,No,Low,Placed
Male,CSE,9.4,81.9,77.4,0,3.1,77.7,6,3,3,1,4,4,4,8.7,3,No,High,Tier 1,Yes,High,Placed
Male,CSE,9.28,85.4,89.1,0,1.4,60.9,4,2,3,3,5,3,0,6.4,10,No,Medium,Tier 3,Yes,,Placed
Male,IT,7.85,67.4,70.3,0,4.6,69.0,4,1,3,2,3,1,4,4.2,10,No,High,Tier 3,Yes,Low,Placed
Male,ME,6.55,51.3,63.8,1,1.1,66.9,8,1,5,3,4,5,3,6.8,8,No,Medium,Tier 3,Yes,Low,Not Placed
Female,IT,9.49,86.1,83.2,0,6.9,73.6,8,3,5,1,5,6,4,5.8,10,No,Low,Tier 1,Yes,Medium,Placed
Female,ECE,10.0,85.3,99.9,0,4.8,72.3,3,4,2,5,4,1,3,6.4,6,No,Medium,Tier 2,Yes,Medium,Placed
Female,ECE,7.16,63.1,65.7,1,0.0,61.1,1,2,1,3,4,2,1,5.7,10,No,Low,Tier 3,No,Low,Not Placed
Male,CSE,8.43,78.8,78.7,0,4.8,69.5,4,2,2,4,5,1,1,5.1,4,No,Low,Tier 2,Yes,,Placed
Male,ECE,9.84,78.0,94.2,0,3.3,69.2,4,3,2,5,5,3,3,9.0,8,Yes,High,Tier 2,Yes,Low,Placed
Female,ME,7.81,68.4,79.0,0,6.5,82.0,7,1,5,2,4,3,3,6.2,2,No,Low,Tier 2,Yes,Low,Placed
Male,ME,8.24,69.4,72.9,1,3.7,68.6,5,3,4,5,5,3,5,8.7,3,No,Medium,Tier 1,Yes,Medium,Placed
Male,CSE,7.82,62.9,71.1,0,3.8,81.1,1,1,2,2,3,1,4,6.7,3,Yes,Low,Tier 3,Yes,Low,Not Placed
Male,IT,8.14,73.4,75.2,0,3.2,68.5,7,2,5,5,4,3,2,5.6,7,No,Low,Tier 3,Yes,Medium,Placed
Female,CSE,9.13,79.6,88.4,0,3.4,70.1,8,3,5,3,4,5,2,7.6,10,No,High,Tier 3,Yes,Low,Placed
Female,IT,6.53,61.8,63.3,0,0.0,59.1,6,3,4,1,4,4,3,6.5,5,No,Medium,Tier 2,Yes,High,Placed
Male,CSE,9.16,84.5,73.5,0,2.9,68.6,7,3,5,4,4,5,3,6.8,7,Yes,Medium,Tier 3,Yes,Low,Placed
Male,ECE,7.18,67.4,57.7,0,2.0,63.3,6,1,3,5,3,1,3,7.2,7,Yes,Medium,Tier 1,Yes,Medium,Placed
Female,ECE,8.57,67.5,80.8,0,3.2,75.6,5,2,3,5,4,2,4,6.0,7,No,Medium,Tier 2,Yes,Medium,Placed
Male,ECE,6.1,55.6,63.4,0,6.2,85.4,6,1,4,4,4,2,2,5.1,10,No,High,Tier 2,Yes,Low,Placed
Female,ME,6.88,62.8,59.5,1,7.2,84.5,7,3,5,3,4,6,5,6.9,4,No,Medium,Tier 3,Yes,Low,Placed
Female,ECE,8.17,67.3,76.5,1,4.4,73.3,2,0,2,2,4,1,3,8.2,9,No,Medium,Tier 3,Yes,Low,Not Placed
Female,ECE,9.43,84.2,82.5,0,2.8,66.0,5,2,4,3,5,4,4,5.9,5,No,High,Tier 3,Yes,,Placed
Male,CE,9.05,82.6,82.2,0,1.2,61.3,5,4,4,3,5,5,0,7.2,5,No,Low,Tier 3,Yes,Low,Placed
Male,ME,6.85,61.8,57.8,0,3.0,80.0,5,0,3,5,4,1,1,8.8,3,No,Medium,Tier 3,Yes,Low,Placed
Male,IT,9.28,86.6,80.8,0,1.5,62.7,8,3,5,2,4,5,5,6.9,2,No,High,Tier 1,Yes,,Placed
Female,CSE,8.87,82.1,79.1,0,3.6,61.3,6,1,5,1,4,4,1,7.1,5,No,Medium,Tier 3,Yes,Low,Placed
Female,ME,8.58,80.4,78.5,0,3.9,79.5,8,2,5,2,5,5,5,7.1,10,Yes,High,Tier 2,Yes,Low,Placed
Male,ME,10.0,83.3,97.5,0,4.4,65.7,6,3,4,4,5,3,0,6.2,6,No,Medium,Tier 2,Yes,,Placed
Male,ECE,7.65,65.2,64.8,1,4.2,67.2,3,1,2,2,3,4,1,5.8,7,Yes,High,Tier 1,Yes,,Placed
Female,ECE,8.53,74.7,84.1,0,0.1,59.8,6,0,4,4,4,2,5,5.8,9,No,High,Tier 2,Yes,Medium,Not Placed
Female,ECE,7.92,70.4,74.8,2,2.1,66.1,3,3,2,5,5,2,2,7.4,10,No,Low,Tier 2,Yes,Medium,Placed
Female,CSE,9.79,79.9,84.9,0,2.1,66.0,6,2,3,4,5,4,1,7.9,5,No,Low,Tier 2,Yes,High,Placed
Male,CSE,8.16,72.5,70.0,0,3.1,70.1,6,2,5,5,4,6,6,8.0,7,No,Medium,Tier 2,No,,Placed
Male,CSE,8.04,76.0,66.3,1,4.2,69.2,5,2,5,1,5,4,3,6.5,2,No,Medium,Tier 3,Yes,,Placed
Female,ME,7.74,62.8,65.6,1,2.5,59.4,4,2,3,2,4,4,2,8.3,2,No,Low,Tier 3,Yes,,Placed
Female,ME,9.35,76.5,76.6,0,10.0,88.2,7,2,4,1,5,4,2,7.4,9,No,Low,Tier 2,Yes,Medium,Placed
Male,IT,7.99,78.0,71.9,0,6.5,73.6,6,3,4,1,4,6,4,7.1,5,Yes,Medium,Tier 2,Yes,Medium,Placed
Male,CE,5.12,50.0,50.0,1,1.9,69.6,4,0,3,3,2,3,1,4.0,3,No,High,Tier 1,Yes,Low,Not Placed
Male,CSE,9.87,98.5,85.2,0,6.7,77.3,7,2,4,2,5,5,9,6.0,9,No,Medium,Tier 2,Yes,Medium,Placed
Male,IT,10.0,90.6,96.0,0,7.3,80.8,8,4,5,3,5,6,6,5.2,3,No,Medium,Tier 1,Yes,Medium,Placed
Male,IT,8.17,72.9,74.3,0,1.5,71.4,5,4,3,4,4,3,1,7.8,3,Yes,Low,Tier 3,Yes,High,Placed
Female,ECE,8.56,73.3,78.5,1,1.6,65.9,5,2,4,5,3,3,4,7.1,9,No,Medium,Tier 2,Yes,,Placed
Male,ME,9.13,93.9,87.3,0,4.2,68.5,5,3,3,4,5,2,3,5.7,5,No,Low,Tier 1,Yes,,Placed
Female,IT,8.54,82.8,71.1,0,6.1,76.7,7,2,5,3,4,4,4,7.4,2,Yes,Low,Tier 2,No,Low,Placed
Male,ECE,6.63,62.0,58.7,0,4.7,74.2,3,2,1,4,4,1,0,5.3,6,Yes,High,Tier 2,Yes,,Not Placed
Female,IT,7.92,72.7,76.7,0,0.6,64.9,3,3,3,5,4,3,4,5.7,10,No,High,Tier 2,Yes,High,Placed
Female,CSE,8.01,66.3,64.9,0,2.4,67.2,8,2,5,5,4,4,4,6.1,2,No,Low,Tier 1,Yes,Low,Placed
Male,CSE,10.0,90.0,91.6,0,2.8,64.0,3,2,3,4,5,3,4,7.6,5,No,Low,Tier 3,Yes,Medium,Placed
Male,ECE,9.6,80.8,93.8,0,5.7,82.9,6,3,5,2,4,5,6,8.7,1,No,Medium,Tier 1,Yes,Low,Placed
Male,ME,8.36,73.7,66.1,0,1.2,57.7,3,2,2,1,4,0,1,6.3,10,No,Medium,Tier 1,Yes,Low,Not Placed
Male,IT,9.74,88.2,95.1,0,1.5,67.4,5,4,4,5,5,4,4,8.6,2,Yes,Low,Tier 1,Yes,,Placed
Female,IT,8.43,76.8,79.8,0,4.1,73.8,7,4,5,2,4,5,6,7.1,7,No,Medium,Tier 2,Yes,Low,Placed
Female,ECE,10.0,84.9,90.9,0,4.0,71.6,6,3,5,4,5,6,3,7.3,10,No,Low,Tier 1,Yes,Medium,Placed
Male,CSE,7.39,69.1,72.3,1,5.8,72.5,4,2,2,1,4,0,1,6.9,10,No,Medium,Tier 1,Yes,High,Not Placed
Male,IT,8.15,72.9,75.2,1,2.8,55.2,7,1,5,5,4,5,2,6.8,4,Yes,Medium,Tier 2,Yes,Medium,Placed
Male,ME,10.0,93.8,85.1,0,6.2,70.6,8,2,5,1,5,5,3,7.5,1,No,Medium,Tier 2,Yes,Medium,Placed
Female,CSE,7.69,72.1,67.1,1,5.8,79.3,2,2,2,2,4,1,3,7.9,1,No,Medium,Tier 1,Yes,,Placed
Male,ECE,7.86,76.8,70.3,0,3.8,73.5,6,2,5,2,4,6,3,5.9,7,No,High,Tier 2,Yes,High,Placed
Male,CE,8.81,75.3,82.3,0,2.9,76.3,7,3,5,2,4,5,4,6.8,3,No,High,Tier 2,Yes,,Placed
Female,CE,9.54,95.7,82.3,0,7.4,82.4,7,3,4,3,5,3,2,9.0,5,Yes,Low,Tier 1,Yes,High,Placed
Female,ECE,7.86,65.1,71.6,0,4.9,75.0,3,3,2,5,3,2,1,7.2,6,No,Low,Tier 2,Yes,Medium,Placed
Male,ECE,9.93,87.6,89.6,0,3.4,66.7,3,4,2,4,5,2,2,7.3,2,No,Medium,Tier 1,Yes,,Placed
Female,IT,7.09,64.7,64.6,1,2.1,64.4,6,2,4,4,3,4,2,8.4,7,No,Low,Tier 1,Yes,Low,Placed
Male,ME,8.98,83.6,84.5,0,6.6,79.8,4,2,2,5,4,3,4,6.4,5,No,Medium,Tier 2,Yes,High,Placed
Male,ECE,7.0,61.5,60.8,0,2.7,76.4,5,1,3,2,4,1,0,7.0,8,No,Medium,Tier 1,No,Low,Placed
Female,CSE,6.49,58.1,53.7,0,2.9,70.4,2,1,2,2,3,2,1,8.0,4,No,Medium,Tier 1,Yes,Low,Not Placed
Female,CE,7.4,76.5,65.7,1,2.5,65.4,2,2,2,3,4,1,2,8.5,8,No,Medium,Tier 2,Yes,,Placed
Male,CSE,7.77,66.7,62.1,0,3.2,66.1,8,1,5,2,4,5,2,4.2,6,No,Medium,Tier 3,Yes,Medium,Placed
Male,CSE,7.18,59.5,67.2,0,4.8,63.5,4,2,3,1,3,3,2,6.1,5,No,High,Tier 3,Yes,,Placed
Male,ECE,9.43,78.4,87.3,0,3.0,62.4,3,3,2,3,5,3,2,5.8,5,No,Low,Tier 3,Yes,Medium,Placed
Male,CSE,8.59,74.2,78.3,0,3.8,69.6,7,3,4,2,4,4,5,6.9,4,No,Medium,Tier 3,Yes,High,Placed
Male,ME,8.18,56.9,67.1,0,2.6,67.8,2,1,1,5,5,2,2,5.9,10,No,Low,Tier 3,Yes,High,Not Placed
Male,CSE,8.5,76.5,71.7,0,5.0,70.6,7,2,5,4,3,6,6,7.8,5,No,Low,Tier 3,Yes,,Placed
Male,ME,8.32,83.4,83.0,0,3.8,77.0,5,0,4,4,5,4,2,7.2,4,No,Medium,Tier 2,Yes,Medium,Placed
Female,CSE,8.7,78.0,77.0,1,1.5,68.4,3,2,3,2,4,3,2,8.1,4,No,Low,Tier 2,Yes,,Not Placed
Female,CSE,7.81,76.4,74.0,1,3.7,73.3,8,1,5,2,5,4,3,8.1,7,No,Low,Tier 1,Yes,Medium,Placed
Female,CSE,6.35,55.2,70.3,0,4.5,79.1,8,0,5,4,4,6,1,7.8,3,Yes,Low,Tier 2,Yes,High,Placed
Male,IT,6.46,66.9,56.6,1,3.2,75.7,2,1,2,3,4,2,1,6.6,4,No,Medium,Tier 3,Yes,Medium,Not Placed
Female,IT,8.17,75.6,76.0,0,0.0,57.5,7,2,4,4,4,4,3,7.1,4,Yes,Medium,Tier 2,Yes,High,Placed
Female,CSE,8.36,75.1,74.9,1,6.5,77.1,6,2,5,1,4,5,5,6.4,7,No,Low,Tier 3,Yes,High,Not Placed
Female,CE,10.0,85.1,93.3,0,2.0,65.5,7,3,5,3,5,6,4,5.4,6,No,Medium,Tier 2,Yes,Low,Placed
Female,ME,9.39,85.4,87.1,0,5.2,73.6,2,4,2,4,5,1,0,8.1,8,No,Low,Tier 2,Yes,Medium,Placed
Female,IT,8.67,86.9,80.6,1,3.2,61.4,8,2,5,5,5,4,6,6.9,5,No,Medium,Tier 2,Yes,,Placed
Male,ECE,6.41,50.0,65.2,0,3.8,73.7,8,1,5,3,3,4,4,5.2,10,No,Medium,Tier 2,Yes,Low,Placed
Male,ME,7.11,63.5,60.4,1,3.6,70.9,6,2,4,2,3,2,6,7.6,9,No,Medium,Tier 2,No,Low,Placed
Female,CSE,9.72,85.6,88.5,0,6.0,83.7,4,2,3,5,5,2,3,6.7,4,Yes,High,Tier 3,Yes,High,Placed
Female,ECE,8.31,67.9,74.5,1,4.5,66.5,5,2,4,3,4,3,1,4.5,10,No,High,Tier 3,Yes,Low,Placed
Female,IT,7.37,62.6,61.1,1,4.3,77.2,5,2,4,3,4,4,5,5.4,6,No,Low,Tier 3,Yes,Medium,Not Placed
Male,ECE,6.57,63.2,60.0,0,1.6,75.3,3,1,1,3,3,1,1,6.2,10,Yes,High,Tier 1,Yes,Medium,Placed
Male,CSE,9.5,82.8,91.2,0,7.0,76.9,6,3,5,3,5,5,3,7.3,3,Yes,Low,Tier 3,Yes,Medium,Placed
Male,CSE,7.31,71.4,58.5,0,1.0,60.2,6,3,5,2,4,3,1,7.9,6,Yes,High,Tier 2,Yes,Medium,Placed
Female,CE,8.32,73.3,80.0,0,6.6,80.8,3,2,2,1,3,2,1,7.9,6,No,Low,Tier 2,Yes,Low,Placed
Male,ME,7.78,69.6,72.1,0,0.3,63.2,8,0,5,2,4,5,3,7.7,3,No,Medium,Tier 3,Yes,Medium,Placed
Male,ECE,10.0,94.4,94.6,0,7.6,72.2,8,2,5,5,5,6,1,7.0,3,Yes,Low,Tier 2,Yes,Medium,Placed
Male,IT,8.58,76.6,77.4,0,4.8,78.7,6,3,4,1,5,5,3,9.0,1,No,Low,Tier 1,Yes,Medium,Placed
Male,CSE,9.54,87.3,100.0,0,3.0,59.9,7,3,5,5,5,3,4,7.8,8,Yes,Medium,Tier 2,Yes,,Placed
Female,ECE,7.66,66.5,71.1,0,1.2,67.7,2,3,1,1,4,4,1,7.3,4,No,High,Tier 3,Yes,Low,Placed
Female,IT,6.84,60.1,62.7,0,4.0,62.5,7,1,4,1,3,4,1,7.7,8,No,Medium,Tier 2,Yes,High,Placed
Female,ECE,7.64,72.7,69.2,0,4.9,71.2,3,2,3,1,4,3,2,6.5,9,Yes,Medium,Tier 2,No,Low,Placed
Male,CSE,8.25,70.6,70.4,0,4.1,77.1,2,3,2,3,4,1,2,6.9,8,No,Medium,Tier 2,Yes,Low,Placed
Female,ECE,6.59,53.9,58.0,0,3.2,66.2,7,2,5,4,3,6,4,4.5,4,No,Low,Tier 3,Yes,,Placed
Male,IT,7.12,62.6,61.9,0,2.5,72.8,7,1,5,1,4,4,3,6.5,5,No,Low,Tier 3,Yes,,Placed
Female,CSE,9.28,83.4,86.5,1,6.4,79.3,8,3,5,3,5,6,4,9.0,8,No,Low,Tier 2,Yes,Low,Placed
Male,IT,7.58,63.3,73.1,0,3.4,70.7,7,1,5,3,4,5,4,7.2,10,No,Medium,Tier 1,Yes,Medium,Placed
Male,CE,9.5,92.6,91.1,0,4.7,71.7,4,3,3,1,5,3,3,7.1,2,No,Low,Tier 2,Yes,High,Placed
Female,CSE,7.33,66.9,64.1,0,5.1,70.4,5,3,4,4,4,6,4,8.2,3,Yes,Low,Tier 2,Yes,Low,Placed
Female,CE,7.35,62.1,59.4,1,1.5,73.5,7,1,5,3,4,5,5,7.4,2,Yes,Low,Tier 3,Yes,Low,Not Placed
Male,ECE,9.0,83.6,84.8,1,3.8,71.9,8,3,5,4,5,4,4,6.1,6,No,Low,Tier 1,Yes,Medium,Placed
Female,ECE,8.9,84.9,75.9,0,6.6,72.2,8,2,5,5,5,5,4,7.0,5,No,High,Tier 2,Yes,Low,Placed
Male,CE,6.79,55.6,67.1,0,4.6,76.7,5,1,3,1,3,4,3,5.6,4,Yes,Low,Tier 3,Yes,High,Not Placed
Male,IT,8.26,76.8,77.1,1,4.9,67.2,3,2,2,4,5,2,1,7.2,8,No,Medium,Tier 2,No,Low,Not Placed
Male,CSE,9.5,82.9,88.6,0,3.2,69.0,8,4,5,5,5,5,3,6.0,8,No,Medium,Tier 3,Yes,Low,Placed
Male,ECE,8.59,79.7,74.1,0,6.2,72.0,3,1,2,1,4,4,1,8.1,5,No,Medium,Tier 3,Yes,Medium,Placed
Male,ECE,8.49,86.8,74.9,1,7.9,79.1,3,2,1,3,4,1,1,6.4,3,No,Low,Tier 3,Yes,Medium,Not Placed
Male,ECE,9.0,77.2,78.7,0,2.4,68.0,8,2,5,1,4,5,1,6.0,8,No,Medium,Tier 2,Yes,Medium,Placed
Male,ECE,7.71,70.8,74.9,0,5.6,77.8,1,1,1,5,4,0,3,6.9,4,Yes,Low,Tier 2,No,Low,Placed
Female,CSE,8.61,67.4,72.8,1,1.2,57.1,6,2,3,2,5,3,4,7.4,4,No,Medium,Tier 3,Yes,,Placed
Male,ME,8.02,82.1,76.9,0,5.2,76.2,7,2,4,2,4,3,3,5.6,9,No,Low,Tier 2,Yes,High,Placed
Female,ECE,7.34,55.5,70.6,0,4.9,66.0,5,3,3,1,4,4,2,6.4,7,No,Medium,Tier 1,Yes,High,Placed
Male,CSE,7.49,68.3,66.7,0,1.7,70.7,8,2,5,3,4,5,4,7.1,5,Yes,Medium,Tier 1,Yes,,Placed
Female,IT,6.31,61.9,65.7,0,5.9,77.7,7,2,5,2,3,3,1,8.6,9,No,Medium,Tier 2,Yes,High,Placed
Male,IT,8.54,76.4,79.6,0,2.0,65.9,8,2,5,5,4,5,3,4.0,9,Yes,Medium,Tier 3,Yes,Medium,Placed
Male,ECE,9.54,84.0,75.4,0,7.9,79.5,8,4,5,3,5,6,0,7.7,8,No,Medium,Tier 1,Yes,Medium,Placed
Male,CSE,8.56,76.4,78.9,1,4.3,69.0,8,4,5,3,5,6,1,6.5,7,No,High,Tier 1,Yes,,Placed
Male,ME,7.78,68.5,65.1,0,3.7,75.3,1,2,2,5,4,2,2,6.4,4,No,Low,Tier 3,Yes,Medium,Placed
Male,CSE,9.1,73.7,79.9,1,2.7,69.9,8,1,5,4,5,4,2,6.2,2,No,Medium,Tier 3,Yes,,Placed
Female,CSE,9.33,71.7,89.4,0,5.2,80.2,8,3,5,3,4,6,4,6.6,2,No,Medium,Tier 1,Yes,Medium,Placed
Female,CE,9.18,88.3,78.7,0,4.7,70.5,3,2,2,2,5,2,4,7.7,8,No,Medium,Tier 2,Yes,,Placed
Female,CSE,8.6,73.4,82.4,1,4.3,71.8,6,3,4,3,5,4,3,6.4,9,Yes,Low,Tier 2,Yes,Medium,Placed
Female,CSE,8.19,73.6,73.7,0,2.5,69.0,3,1,2,1,3,1,6,9.0,2,Yes,Medium,Tier 2,Yes,,Placed
Male,CSE,8.34,68.8,74.0,0,3.5,69.4,4,2,3,5,4,3,1,7.7,1,No,Low,Tier 3,Yes,Low,Placed
Male,CSE,6.22,54.4,50.0,1,2.5,69.7,8,0,5,3,3,4,1,7.2,4,No,Low,Tier 1,Yes,Low,Not Placed
Male,CSE,6.85,65.7,56.4,1,0.6,58.8,4,1,4,2,4,4,1,6.8,1,No,Low,Tier 1,Yes,,Not Placed
Male,IT,8.61,74.9,82.2,0,3.7,65.0,6,3,4,5,4,3,3,8.4,10,Yes,Low,Tier 1,Yes,Low,Placed
Male,CSE,9.88,95.3,86.4,0,1.8,67.4,6,3,5,5,5,5,5,8.6,1,No,Medium,Tier 1,Yes,Low,Placed
Male,CSE,9.51,86.3,84.1,0,8.0,76.7,6,4,5,4,4,6,2,5.6,10,No,High,Tier 1,Yes,High,Placed
Male,CSE,8.68,78.3,77.9,1,7.8,93.6,7,2,4,3,4,6,5,6.2,5,No,Low,Tier 1,Yes,Medium,Placed
Male,IT,7.93,72.9,73.7,0,4.7,72.5,6,3,4,2,3,4,4,7.8,1,No,High,Tier 3,Yes,Medium,Placed
Female,ECE,8.34,76.4,84.0,1,0.3,58.9,7,2,4,2,4,6,1,8.1,10,No,High,Tier 1,Yes,Low,Placed
Female,ECE,8.65,80.8,81.0,0,4.9,75.8,5,2,4,4,4,4,3,6.6,6,No,High,Tier 3,Yes,Low,Placed
Male,IT,7.47,66.3,80.8,1,3.6,72.8,4,1,4,3,4,3,4,6.1,5,Yes,High,Tier 2,Yes,,Not Placed
Female,ECE,8.71,73.9,81.6,0,6.2,76.2,6,1,4,5,4,5,6,7.1,10,No,Medium,Tier 2,Yes,Medium,Placed
Female,ECE,9.55,92.4,80.1,0,6.0,79.0,1,4,2,3,5,1,3,8.8,5,No,Low,Tier 1,Yes,Low,Placed
Male,CSE,6.32,61.8,57.5,0,2.5,64.9,3,2,3,4,4,4,5,7.0,10,Yes,Medium,Tier 1,Yes,Medium,Placed
Male,ECE,8.17,75.3,85.5,0,3.3,76.0,4,4,3,1,4,2,3,5.5,4,No,Medium,Tier 2,Yes,Low,Placed
Male,ECE,9.65,91.6,96.0,0,3.1,73.5,6,3,5,3,5,5,5,7.1,3,No,High,Tier 2,Yes,High,Placed
Female,ME,9.47,79.2,91.3,0,3.2,67.0,5,4,4,1,4,3,2,7.9,3,No,High,Tier 3,Yes,,Placed
Female,CSE,7.69,64.2,61.1,2,0.8,60.3,5,2,4,1,4,3,4,6.9,9,No,Medium,Tier 3,Yes,,Not Placed
Male,ME,7.69,72.0,76.6,0,4.8,71.5,6,1,4,1,3,5,3,8.5,3,No,Medium,Tier 2,Yes,Medium,Placed
Male,CSE,6.81,54.7,58.7,0,4.2,72.3,8,3,5,3,4,6,3,8.0,10,No,Low,Tier 2,Yes,High,Placed
Male,CSE,9.18,91.6,84.1,0,3.3,72.3,8,3,5,3,4,4,3,6.9,5,No,Low,Tier 3,Yes,Medium,Placed
Male,ECE,7.9,67.7,71.2,0,4.5,76.8,0,2,1,2,4,2,0,7.1,6,No,Medium,Tier 2,Yes,,Not Placed
Male,IT,8.43,68.5,74.5,0,4.7,74.7,5,2,5,2,5,5,2,4.8,9,Yes,Medium,Tier 3,No,Medium,Placed
Female,ECE,9.93,85.7,89.2,0,6.3,79.9,2,4,3,5,4,3,2,8.5,6,No,High,Tier 3,Yes,High,Placed
Female,ME,8.08,68.2,71.0,2,5.8,77.0,8,2,5,1,4,4,2,6.6,1,No,Medium,Tier 1,Yes,,Placed
Female,CSE,8.3,75.3,64.9,1,6.1,83.0,8,3,5,2,4,4,2,6.5,6,No,High,Tier 2,Yes,,Placed
Female,CSE,9.45,86.5,78.9,0,2.2,64.9,8,2,5,4,5,4,4,6.3,1,No,Medium,Tier 2,Yes,High,Placed
Female,CSE,7.4,62.0,69.8,1,1.8,75.1,4,2,2,2,4,1,3,7.5,7,Yes,High,Tier 3,No,High,Not Placed
Male,ECE,8.94,80.5,87.1,2,5.9,84.5,5,2,4,5,5,3,0,5.6,10,Yes,Low,Tier 2,Yes,Medium,Placed
Female,CSE,8.37,71.3,76.1,1,7.4,80.8,7,1,5,4,4,4,3,5.8,8,No,High,Tier 3,Yes,High,Placed
Male,CSE,7.59,73.4,72.0,3,5.7,76.6,3,2,3,5,4,5,1,6.9,3,No,Medium,Tier 1,Yes,,Not Placed
Female,CE,9.03,75.9,80.0,0,4.7,59.0,0,3,2,4,5,3,4,6.2,4,Yes,Low,Tier 1,Yes,Medium,Placed
Male,CSE,9.84,96.0,87.3,0,4.0,65.8,8,2,5,4,4,5,2,7.4,7,Yes,Low,Tier 1,Yes,Medium,Placed
Female,ME,9.78,87.7,85.3,0,9.7,86.9,5,2,3,4,5,3,3,6.3,2,No,High,Tier 2,Yes,Medium,Placed
Male,ECE,9.32,87.3,76.6,0,5.7,75.0,4,3,3,5,5,3,2,8.9,6,Yes,Low,Tier 2,Yes,Medium,Placed
Male,ECE,8.76,72.9,81.4,1,3.6,73.4,7,1,5,2,5,5,1,7.8,10,No,Medium,Tier 2,Yes,High,Placed
Male,ME,10.0,88.8,88.9,0,8.0,87.9,6,2,4,2,5,3,1,7.8,3,No,Medium,Tier 2,Yes,Low,Placed
Male,ECE,8.56,86.8,82.6,0,7.4,74.0,3,3,2,2,4,3,2,6.3,5,No,Medium,Tier 1,Yes,,Placed
Female,CSE,5.9,50.4,56.0,1,1.1,57.6,7,0,5,1,2,5,1,9.0,4,Yes,High,Tier 1,Yes,Low,Not Placed
Female,CE,9.41,86.6,87.4,0,1.5,57.7,7,2,5,5,5,6,5,6.5,2,No,Medium,Tier 3,Yes,Medium,Placed
Male,IT,6.87,59.8,61.9,2,3.6,63.7,4,0,2,3,4,3,2,6.1,4,No,Medium,Tier 2,Yes,Low,Not Placed
Male,CSE,8.3,72.4,68.1,0,6.6,79.7,3,3,2,4,4,2,3,7.8,6,Yes,High,Tier 2,Yes,High,Placed
Male,CSE,7.38,72.5,61.1,0,2.8,73.1,6,2,3,2,4,3,6,7.2,6,No,Medium,Tier 3,Yes,Low,Placed
Male,IT,7.41,73.7,64.9,1,2.0,72.5,7,0,4,3,3,5,6,6.0,2,No,High,Tier 3,Yes,,Placed
Male,ECE,9.75,78.4,92.7,1,5.6,82.7,5,3,4,2,4,5,4,9.0,3,No,Medium,Tier 1,Yes,Medium,Not Placed
Female,ME,8.27,71.7,77.9,0,0.1,50.9,8,2,4,5,4,6,3,8.2,3,No,Low,Tier 2,No,Medium,Placed
Male,ECE,7.4,61.4,79.4,0,3.3,67.5,7,2,5,3,4,6,2,7.0,6,No,Medium,Tier 3,Yes,Low,Placed
Male,CSE,9.62,88.2,80.9,0,1.9,66.6,8,4,5,3,4,5,6,9.0,1,No,Medium,Tier 3,Yes,Medium,Placed
Male,ME,8.05,74.7,76.9,0,4.0,75.8,2,3,1,3,4,0,2,8.0,8,Yes,Low,Tier 3,Yes,Low,Placed
Male,ECE,9.83,84.7,83.5,0,2.1,53.6,7,2,5,4,5,5,5,7.0,8,No,Low,Tier 1,Yes,,Placed
Male,CSE,7.97,69.0,76.6,0,3.7,67.2,6,1,4,2,5,3,0,9.0,7,No,Low,Tier 1,Yes,,Placed
Female,ECE,8.16,74.3,74.5,0,4.8,81.7,6,3,3,2,4,3,0,7.8,4,No,Medium,Tier 2,Yes,Medium,Placed
Male,CE,8.02,70.8,64.4,0,4.3,72.4,5,3,3,1,4,3,4,7.7,7,No,High,Tier 3,Yes,Low,Placed
Male,ME,7.51,72.3,67.0,0,2.9,75.6,5,1,4,2,4,2,0,6.5,1,No,Low,Tier 2,Yes,High,Placed
Male,CSE,8.71,74.7,85.4,0,3.3,73.3,7,2,5,4,3,6,1,7.1,8,No,Medium,Tier 1,Yes,Medium,Placed
Male,ECE,8.12,75.8,73.2,0,8.5,82.5,1,2,1,3,4,0,3,6.5,10,Yes,High,Tier 3,Yes,Low,Not Placed
Male,CE,8.23,73.0,76.0,0,5.8,80.0,3,2,2,5,5,2,0,8.7,10,No,Low,Tier 1,Yes,Low,Placed
Female,CE,8.66,83.4,81.8,0,3.5,75.9,8,2,5,5,4,6,3,5.1,6,Yes,Medium,Tier 1,Yes,,Placed
Female,ME,10.0,91.7,87.7,0,4.4,71.4,7,3,4,1,5,4,3,8.6,9,No,High,Tier 1,Yes,Medium,Placed
Male,CSE,7.91,64.3,79.0,2,4.9,71.2,8,3,5,1,4,5,3,5.9,3,No,High,Tier 2,Yes,Medium,Placed
Male,CE,7.58,63.2,70.0,1,2.5,62.3,1,1,2,3,4,3,2,6.9,6,No,Low,Tier 2,Yes,Medium,Placed
Male,ME,7.92,66.2,77.6,0,4.0,76.3,5,1,4,4,3,5,1,6.6,2,Yes,Low,Tier 2,Yes,Low,Not Placed
Male,CSE,8.36,74.0,77.1,0,1.9,70.2,5,1,4,3,4,2,2,6.4,8,No,Low,Tier 1,Yes,Low,Placed
Female,ECE,7.36,64.6,66.6,0,2.0,61.7,3,3,1,4,4,1,1,7.8,3,No,Medium,Tier 1,No,,Placed
Female,ECE,7.83,71.0,67.3,0,5.8,71.2,8,1,4,1,4,4,2,7.0,4,No,Medium,Tier 1,Yes,Low,Placed
Male,ME,8.31,81.9,78.8,0,6.0,75.0,4,3,3,4,4,2,5,6.2,6,No,Medium,Tier 2,No,Low,Placed
Male,CSE,9.34,87.0,82.0,0,6.3,77.7,8,1,5,3,4,6,3,7.2,5,Yes,Medium,Tier 1,Yes,High,Placed
Male,ME,7.71,68.4,67.4,2,3.9,75.2,1,1,1,3,4,2,2,6.2,8,No,Low,Tier 2,Yes,Medium,Not Placed
Female,IT,7.72,66.3,58.4,1,3.0,76.9,8,2,5,2,3,6,4,6.4,9,No,Medium,Tier 1,No,Medium,Placed
Female,CE,8.42,80.8,71.3,0,4.0,68.6,5,4,3,4,4,4,2,5.2,8,Yes,Medium,Tier 1,Yes,Low,Placed
Male,IT,7.58,71.6,64.7,1,0.4,69.5,8,1,4,1,4,4,4,6.5,2,Yes,Medium,Tier 1,No,,Placed
Male,IT,9.02,90.5,80.8,0,6.8,74.9,8,3,5,5,5,5,6,7.6,8,No,Medium,Tier 1,Yes,Low,Placed
Female,CSE,6.7,64.3,63.2,1,0.0,63.2,7,3,5,2,3,4,1,7.0,2,No,Medium,Tier 2,No,Low,Placed
Male,ME,7.64,68.0,65.8,3,5.9,84.0,7,1,3,1,4,3,3,9.0,7,Yes,Low,Tier 2,Yes,Medium,Placed
Male,ECE,7.35,70.9,63.2,1,2.0,60.9,4,1,3,1,4,1,3,9.0,6,No,Low,Tier 3,Yes,Low,Placed
Male,IT,5.93,62.3,60.4,0,4.0,66.5,8,0,5,1,3,5,4,6.4,7,No,Low,Tier 1,Yes,High,Placed
Female,CSE,6.71,57.8,65.0,2,2.3,67.9,7,1,5,4,4,4,0,6.0,9,No,Low,Tier 1,Yes,High,Placed
Male,IT,9.12,78.3,80.8,0,2.3,72.4,7,1,5,1,5,6,5,8.4,1,No,Medium,Tier 2,Yes,Low,Placed
Male,ME,8.24,68.9,71.7,1,0.0,59.1,5,3,3,5,4,0,4,7.4,10,No,Low,Tier 3,Yes,Medium,Placed
Female,CE,6.58,58.6,53.7,2,1.5,68.9,2,1,1,5,5,0,1,8.4,9,Yes,Low,Tier 2,Yes,Medium,Not Placed
Male,CSE,6.59,56.7,61.4,0,5.8,80.8,5,0,3,3,3,3,4,7.5,5,No,Medium,Tier 2,No,,Placed
Male,CSE,7.95,71.1,79.0,0,1.6,57.5,3,1,4,2,4,4,4,6.8,7,Yes,Medium,Tier 2,Yes,High,Placed
Male,CE,8.39,74.4,73.2,0,1.5,64.5,4,2,3,5,5,3,4,6.8,8,No,Medium,Tier 1,Yes,,Placed
Male,CSE,7.41,69.4,67.3,2,3.8,76.4,6,3,4,4,4,4,4,7.5,9,Yes,Medium,Tier 3,Yes,Medium,Placed
Female,IT,7.09,68.4,65.8,0,0.0,55.4,3,1,2,2,3,1,2,6.7,7,No,Medium,Tier 2,Yes,Low,Not Placed
Male,CSE,9.05,83.1,78.1,0,3.3,66.3,8,3,5,4,5,5,6,8.5,7,No,High,Tier 3,Yes,Low,Placed
Male,ME,10.0,91.0,84.5,0,4.5,79.2,2,4,3,5,5,4,2,5.4,3,No,Low,Tier 2,Yes,Low,Placed
Male,ECE,7.84,71.5,64.3,0,4.7,73.3,1,2,1,2,4,3,1,8.5,8,No,Medium,Tier 2,Yes,High,Placed
Female,ME,8.53,72.5,82.9,0,1.9,67.9,5,2,3,5,4,3,4,4.8,5,No,High,Tier 1,Yes,,Placed
Female,ME,8.73,81.7,77.1,0,6.4,70.4,8,3,5,1,4,5,3,7.2,5,No,High,Tier 2,Yes,,Placed
Male,ECE,9.82,89.4,94.0,0,6.0,80.7,6,3,4,2,5,4,0,6.6,4,No,Low,Tier 1,Yes,Low,Placed
Male,CSE,6.4,50.0,58.5,0,0.5,57.9,8,0,5,5,4,4,3,5.2,10,No,Medium,Tier 2,Yes,,Placed
Female,CSE,8.5,78.2,86.1,0,5.4,68.3,3,1,3,4,4,2,1,4.5,5,No,Low,Tier 2,Yes,Medium,Placed
Male,ME,7.48,66.7,60.9,0,4.3,71.7,5,3,3,2,4,4,0,5.7,10,Yes,Medium,Tier 3,Yes,Medium,Placed
Female,ECE,8.49,79.2,81.4,0,5.0,79.1,8,2,5,2,5,6,6,7.1,5,No,Medium,Tier 2,Yes,High,Placed
Female,CE,9.11,84.8,80.4,0,2.8,73.0,5,1,4,2,4,4,1,6.3,4,Yes,Medium,Tier 2,Yes,Medium,Not Placed
Female,ECE,7.68,75.6,61.6,1,1.4,63.9,5,3,3,3,4,3,1,5.8,10,No,Medium,Tier 1,Yes,High,Placed
Male,ECE,7.47,63.7,64.5,0,3.7,68.6,6,0,5,1,2,5,6,8.6,9,No,Medium,Tier 2,Yes,Medium,Not Placed
Male,ECE,9.15,74.7,68.7,1,4.8,66.9,4,2,4,2,4,5,3,5.5,9,Yes,Medium,Tier 1,Yes,High,Placed
Female,CSE,9.17,89.6,73.6,1,4.8,77.3,8,3,5,5,5,5,2,7.8,3,No,High,Tier 3,Yes,,Placed
Male,ECE,8.59,82.4,80.6,0,4.7,73.6,5,0,2,4,4,4,3,5.9,7,No,Medium,Tier 3,Yes,Low,Not Placed
Male,IT,6.55,55.6,58.6,0,1.8,64.4,5,1,3,5,3,3,6,5.7,10,No,Low,Tier 1,Yes,High,Placed
Female,IT,8.66,75.6,80.8,0,6.7,78.2,8,1,5,3,4,4,4,6.3,9,No,Medium,Tier 1,No,Medium,Placed
Female,ECE,8.24,74.6,75.9,0,6.4,83.5,1,3,1,2,4,1,1,7.7,3,No,Low,Tier 2,Yes,High,Placed
Male,ME,6.85,61.9,61.5,0,4.5,76.9,3,3,2,1,4,2,3,5.4,8,Yes,Medium,Tier 3,No,,Placed
Male,IT,7.36,61.8,71.0,1,2.1,71.2,8,2,5,4,4,5,7,7.3,2,No,High,Tier 2,Yes,High,Placed
Male,ECE,9.05,85.2,74.4,1,4.5,77.1,6,3,5,3,4,5,5,5.8,4,No,High,Tier 1,Yes,Medium,Placed
Female,CSE,8.78,80.0,83.8,0,3.1,67.4,7,2,5,2,4,5,5,6.1,3,Yes,Medium,Tier 3,Yes,,Placed
Female,CSE,7.89,64.0,70.0,1,3.3,67.3,8,2,5,1,4,3,6,7.5,6,No,Low,Tier 3,No,,Placed
Male,ECE,6.64,60.1,60.1,0,5.3,75.2,7,2,4,4,3,4,1,9.0,3,No,Low,Tier 1,Yes,Low,Placed
Male,IT,9.05,84.6,88.6,1,3.2,69.2,6,4,4,4,5,3,0,5.9,10,No,Medium,Tier 3,Yes,High,Placed
Female,ME,9.71,84.6,80.3,0,6.8,84.2,7,3,4,4,5,4,6,7.9,5,No,Low,Tier 2,Yes,Medium,Placed
Male,CSE,7.87,69.7,73.8,1,5.3,75.6,8,2,5,4,4,5,1,6.6,8,No,Medium,Tier 2,Yes,High,Placed
Male,CSE,10.0,90.7,84.8,0,6.0,77.4,8,4,5,1,4,4,6,6.4,5,No,Low,Tier 2,Yes,Low,Placed
Female,CE,6.96,53.1,69.7,1,2.2,68.5,3,1,3,2,4,1,4,8.3,2,No,Medium,Tier 3,No,High,Not Placed
Male,IT,8.21,72.9,83.0,0,2.8,70.7,7,3,5,2,4,5,4,6.0,6,No,Low,Tier 2,Yes,Low,Placed
Female,ME,8.11,74.6,76.5,0,1.5,60.7,2,2,1,1,3,1,1,5.6,4,No,High,Tier 1,Yes,Low,Placed
Male,ME,8.91,80.7,85.2,0,6.6,77.8,7,1,4,4,4,3,3,7.6,8,No,Medium,Tier 3,Yes,,Placed
Male,CSE,8.07,79.4,62.2,0,9.8,84.7,4,2,2,5,4,2,6,8.9,3,Yes,Medium,Tier 1,Yes,High,Placed
Female,IT,6.93,66.0,59.1,0,5.0,71.8,8,3,5,4,4,5,4,7.9,7,No,Low,Tier 3,Yes,Low,Placed
Male,CE,8.25,72.2,74.3,1,4.5,79.3,4,2,3,2,4,4,5,5.3,6,No,Medium,Tier 2,Yes,,Not Placed
Female,CSE,7.39,66.1,68.2,0,3.0,72.6,5,2,4,1,4,3,0,6.3,4,No,Low,Tier 1,Yes,,Placed
Male,CE,9.12,83.8,79.8,0,7.2,84.7,6,4,4,4,5,5,2,8.2,8,No,Medium,Tier 1,Yes,Low,Placed
Male,CSE,8.26,61.0,72.0,0,3.9,75.4,4,3,2,1,4,1,0,8.9,4,No,High,Tier 3,No,High,Placed
Male,CSE,9.4,76.7,80.8,1,2.7,55.8,7,3,5,4,4,4,5,7.3,8,No,Medium,Tier 2,Yes,Medium,Placed
Male,CSE,9.01,80.9,81.3,0,1.0,61.9,4,3,3,5,4,4,3,6.3,9,No,Medium,Tier 2,Yes,Medium,Placed
Male,CSE,7.69,78.2,64.7,0,1.9,66.6,5,2,3,1,4,3,0,9.0,8,No,Medium,Tier 2,No,High,Placed
Male,ECE,9.9,88.1,79.4,0,4.1,67.9,4,3,3,5,5,3,3,6.9,5,Yes,High,Tier 3,Yes,Medium,Placed
Male,ECE,8.02,77.3,58.1,0,0.3,53.0,8,1,5,1,4,4,8,6.3,5,No,High,Tier 2,Yes,High,Placed
Male,ECE,7.89,63.9,73.5,0,1.5,63.0,5,2,3,4,5,4,3,6.1,6,No,Medium,Tier 1,Yes,Low,Placed
Female,ECE,10.0,87.6,90.5,0,7.3,85.1,5,4,3,1,5,2,1,5.6,10,Yes,Medium,Tier 2,Yes,High,Placed
Female,CSE,7.81,66.6,70.2,1,5.7,81.6,4,3,3,5,4,1,1,9.0,5,No,Medium,Tier 3,Yes,,Placed
Female,CSE,6.98,64.3,67.7,1,3.3,63.1,3,2,2,2,3,1,1,8.7,2,No,Low,Tier 2,Yes,Medium,Not Placed
Male,ME,8.31,79.2,66.9,0,5.9,79.2,6,3,4,5,5,5,1,6.2,7,No,Medium,Tier 1,Yes,Medium,Placed
Male,ECE,8.41,74.6,75.0,1,2.5,60.6,4,4,3,4,4,3,3,9.0,6,No,Medium,Tier 3,Yes,,Placed
Female,CSE,9.0,79.1,88.1,0,5.6,78.4,7,2,5,2,5,5,6,7.6,3,No,Low,Tier 3,No,Low,Placed
Male,IT,7.04,70.2,61.4,0,3.3,66.1,6,1,5,2,3,4,2,7.6,8,No,Low,Tier 1,Yes,Low,Placed
Male,CE,8.88,90.8,78.9,0,7.9,86.4,8,3,5,5,5,5,7,6.1,3,No,Medium,Tier 3,Yes,,Placed
Female,IT,6.55,56.8,63.8,2,1.7,66.5,7,1,4,2,3,4,5,6.4,10,No,High,Tier 2,Yes,Medium,Placed
Female,ECE,8.62,77.1,76.3,0,7.1,89.7,4,2,2,4,4,0,2,6.9,4,No,Medium,Tier 1,Yes,High,Placed
Male,CSE,9.32,85.2,74.8,1,3.7,71.0,8,4,5,1,5,3,4,4.6,10,No,Medium,Tier 1,Yes,Medium,Placed
Male,ME,8.0,74.0,71.3,0,0.2,62.7,6,3,2,5,4,3,2,6.4,4,No,Medium,Tier 2,Yes,Medium,Placed
Female,CSE,7.69,70.4,65.9,1,4.6,76.9,6,0,4,4,4,6,2,7.0,2,No,Medium,Tier 3,Yes,,Placed
Male,ECE,6.47,50.0,52.0,1,5.4,73.8,3,0,2,4,3,3,1,8.6,10,Yes,Medium,Tier 1,Yes,,Not Placed
Female,CSE,8.2,75.9,80.6,1,7.0,86.5,8,3,5,1,4,5,3,6.3,10,No,Medium,Tier 1,Yes,Medium,Placed
Female,IT,8.5,86.2,77.5,0,5.5,88.5,5,1,3,5,3,2,4,8.0,8,No,Low,Tier 2,Yes,High,Placed
Female,CSE,7.94,63.3,76.3,0,2.1,65.0,6,3,5,1,4,5,3,4.5,6,No,Medium,Tier 2,Yes,High,Placed
Male,IT,7.36,58.2,58.5,1,6.1,74.1,8,2,5,1,3,6,2,8.4,7,Yes,Low,Tier 1,Yes,Low,Placed
Male,IT,8.4,69.2,74.0,0,4.1,60.5,4,3,3,5,5,3,5,5.9,8,No,Medium,Tier 1,Yes,Medium,Placed
Female,ECE,6.24,59.3,60.7,1,0.8,73.5,5,1,4,3,3,6,2,7.2,3,Yes,High,Tier 2,Yes,Medium,Placed
Female,CE,8.31,65.8,77.2,0,3.8,76.7,2,4,1,2,4,2,2,7.5,9,No,Low,Tier 3,Yes,Medium,Not Placed
Female,ME,7.85,76.4,76.9,2,1.6,65.8,6,3,4,3,4,5,5,7.3,6,No,Medium,Tier 2,Yes,Medium,Not Placed
Male,IT,9.01,75.8,78.8,0,3.7,75.4,7,2,5,5,4,6,3,6.9,5,No,Medium,Tier 2,Yes,Medium,Placed
Male,ECE,9.65,91.0,87.4,0,5.5,70.7,3,3,3,3,5,3,2,5.5,5,Yes,High,Tier 2,Yes,,Placed
Female,CE,5.02,50.0,50.0,1,1.7,71.6,0,0,1,5,2,1,0,5.9,10,Yes,Medium,Tier 2,No,High,Not Placed
Female,ECE,9.02,77.5,82.6,0,4.6,74.8,8,3,5,3,5,5,3,8.2,1,No,Medium,Tier 3,No,,Placed
Female,IT,9.65,89.3,87.4,1,6.2,77.1,6,4,4,3,5,4,9,6.3,7,No,High,Tier 3,Yes,Low,Placed
Female,ECE,8.95,83.4,78.4,0,2.8,68.9,8,3,5,4,5,6,2,6.9,4,No,Medium,Tier 1,Yes,High,Placed
Male,ECE,7.48,63.5,71.3,0,3.4,65.9,3,1,3,2,4,3,3,5.2,9,No,Medium,Tier 2,Yes,Low,Not Placed
Female,CE,9.86,90.0,92.0,0,6.1,74.4,7,2,5,1,5,4,4,8.0,5,No,Medium,Tier 2,Yes,,Placed
Female,IT,8.14,76.6,74.5,1,6.2,72.3,7,3,5,4,4,4,4,5.4,4,Yes,High,Tier 2,Yes,Low,Placed
Male,ME,7.03,53.9,59.7,0,1.7,66.0,3,0,2,5,3,2,0,8.1,5,No,Low,Tier 2,Yes,Medium,Placed
Female,CSE,7.55,67.6,66.6,0,1.9,66.4,5,1,3,5,4,3,2,5.7,6,No,Medium,Tier 3,No,,Placed
Male,ECE,8.78,78.6,71.3,0,5.6,67.6,8,4,5,1,5,4,7,8.2,1,No,Medium,Tier 3,Yes,Low,Placed
Male,IT,8.95,71.4,78.2,1,3.5,62.8,5,2,3,4,4,2,2,7.0,10,No,Medium,Tier 2,Yes,Low,Placed
Female,CE,7.79,70.1,70.2,0,3.7,75.9,6,1,5,4,5,5,3,6.3,2,No,Medium,Tier 3,Yes,High,Placed
Male,IT,7.91,70.9,76.0,0,0.5,64.9,4,3,3,2,5,2,4,8.9,9,No,Medium,Tier 3,Yes,,Placed
Male,CSE,7.31,69.9,62.6,0,3.1,67.3,3,0,3,4,4,3,5,6.9,1,No,Low,Tier 3,Yes,Medium,Placed
Male,ECE,9.42,87.1,82.5,0,3.7,75.5,7,4,5,4,5,6,4,6.6,10,Yes,Medium,Tier 3,Yes,Low,Placed
Male,ME,9.3,90.7,88.3,0,5.4,67.7,6,3,5,5,5,5,2,8.1,4,No,Medium,Tier 1,Yes,Medium,Placed
Male,IT,5.68,53.0,57.3,2,3.3,74.6,5,0,3,2,3,3,2,5.2,10,No,High,Tier 1,Yes,Low,Not Placed
Male,CSE,9.57,81.3,85.0,0,5.5,63.8,7,4,5,2,5,5,2,4.0,7,No,Low,Tier 3,Yes,Medium,Placed
Female,IT,8.34,72.8,78.3,0,3.7,70.4,6,3,4,4,4,4,2,8.4,10,No,High,Tier 3,Yes,Medium,Placed
Male,ECE,8.71,83.4,74.2,1,6.5,84.4,1,2,2,4,4,1,3,6.0,7,No,Medium,Tier 3,Yes,,Placed
Male,CSE,10.0,94.1,90.9,0,4.0,73.9,8,3,5,1,5,6,9,8.0,2,No,Low,Tier 1,Yes,High,Placed
Male,ECE,6.67,63.7,59.9,1,3.0,74.9,7,1,5,4,4,4,4,7.1,4,No,Medium,Tier 2,Yes,High,Placed
Female,CSE,8.49,80.6,71.1,0,2.5,66.5,8,2,5,3,4,5,3,5.6,6,No,Low,Tier 1,Yes,,Placed
Male,ECE,7.91,72.8,72.7,0,1.9,65.4,8,2,5,5,3,6,4,7.7,2,Yes,High,Tier 2,Yes,Medium,Placed
Female,CSE,7.35,66.9,63.9,0,4.6,80.0,6,1,4,3,4,3,3,6.5,9,Yes,High,Tier 1,Yes,Medium,Placed
Female,CSE,9.86,88.0,97.4,1,7.9,89.0,6,4,5,2,5,5,3,5.7,5,No,Low,Tier 1,No,,Placed
Female,IT,7.65,74.0,65.8,1,5.6,74.8,3,1,2,5,4,4,0,5.7,6,No,Low,Tier 1,Yes,Low,Not Placed
Male,CSE,7.87,72.4,62.4,1,4.8,76.4,7,2,4,3,3,3,1,4.9,4,No,Medium,Tier 2,Yes,High,Placed
Female,CSE,8.1,62.8,73.2,0,1.5,61.0,3,2,3,4,5,3,2,7.5,10,No,Medium,Tier 2,Yes,Medium,Placed
Male,ECE,8.68,80.0,81.7,0,1.6,71.0,8,1,5,3,4,5,5,5.9,7,No,Medium,Tier 1,No,High,Placed
Female,ECE,8.31,79.3,73.4,0,5.9,77.5,2,1,2,3,4,1,4,7.0,6,Yes,Medium,Tier 2,Yes,Medium,Placed
Female,CE,9.44,80.6,87.2,1,4.9,76.6,5,2,3,4,5,4,5,6.8,3,No,Medium,Tier 1,Yes,,Not Placed
Male,ECE,9.58,83.5,90.1,1,2.7,67.0,8,3,5,5,4,4,3,5.9,10,No,Low,Tier 3,Yes,,Placed
Male,CE,9.67,87.1,85.3,0,0.6,45.6,7,3,5,1,4,6,3,5.2,3,No,High,Tier 2,Yes,Medium,Placed
Male,ME,9.78,95.0,100.0,0,3.6,66.1,7,3,5,4,5,4,3,9.0,3,Yes,High,Tier 2,Yes,Medium,Placed
Female,CSE,9.56,84.4,84.8,0,2.2,59.1,7,4,5,4,5,5,2,6.9,1,No,Medium,Tier 3,Yes,,Placed
Male,CSE,9.27,81.9,92.9,0,2.9,70.2,4,3,3,5,5,4,1,9.0,6,No,High,Tier 2,Yes,Medium,Placed
Male,ECE,6.4,60.0,62.4,1,1.4,51.9,6,0,4,2,3,3,1,8.4,4,No,Low,Tier 3,No,High,Not Placed
Male,ECE,8.78,80.0,87.4,0,5.6,78.2,8,2,5,4,4,5,4,6.6,10,No,Low,Tier 2,Yes,Medium,Placed
Female,CE,8.86,76.4,83.6,1,2.8,63.1,4,3,3,1,4,4,2,7.2,1,No,Medium,Tier 3,Yes,Low,Placed
Female,ME,9.04,81.6,83.6,1,5.0,76.8,7,3,5,1,5,4,1,7.2,7,No,Medium,Tier 1,Yes,Low,Not Placed
Female,ECE,7.55,68.2,64.1,1,4.8,74.5,0,3,1,4,3,0,0,9.0,9,No,Medium,Tier 3,Yes,High,Not Placed
Female,CSE,8.85,86.0,77.5,0,2.8,67.9,8,2,5,4,4,4,4,8.0,5,No,High,Tier 3,Yes,High,Placed
Male,CSE,9.21,78.2,78.2,0,3.6,76.1,8,3,5,4,4,6,3,6.0,7,No,High,Tier 2,Yes,Low,Placed
Male,ME,9.28,83.9,85.4,0,7.5,87.6,2,4,2,4,4,2,0,7.4,4,No,Medium,Tier 2,Yes,High,Not Placed
Female,ECE,7.12,66.9,69.8,0,1.9,72.2,7,1,5,2,4,6,1,8.0,4,No,Medium,Tier 2,Yes,,Placed
Male,ECE,7.43,72.2,68.0,2,2.3,63.3,3,2,2,4,3,4,5,5.6,6,No,Low,Tier 1,Yes,,Not Placed
Male,CSE,8.23,71.1,77.3,1,0.0,54.2,8,1,5,5,5,4,4,7.6,5,No,Low,Tier 1,Yes,,Placed
Male,ME,8.03,81.6,78.5,0,3.7,76.3,8,1,5,5,3,4,3,8.6,8,No,Medium,Tier 3,No,,Placed
Male,IT,5.97,50.0,50.9,1,0.0,56.5,3,2,2,2,3,1,3,6.0,4,No,Medium,Tier 2,No,High,Placed
Male,CSE,8.04,65.0,76.0,1,3.0,61.8,2,2,2,3,4,3,3,6.1,7,No,Medium,Tier 2,No,Medium,Not Placed
Female,ECE,6.63,60.8,66.2,1,0.4,55.1,5,2,3,2,3,3,4,8.4,9,No,Medium,Tier 3,Yes,Low,Placed
Male,IT,7.54,59.7,72.5,1,5.5,77.3,8,2,5,4,4,6,1,6.6,6,No,Medium,Tier 2,Yes,High,Placed
Male,ECE,6.72,57.3,68.0,0,3.7,70.0,2,0,2,3,3,5,1,5.8,6,No,Low,Tier 1,No,High,Not Placed
Male,ME,6.37,59.8,63.8,0,0.0,65.4,8,0,5,3,3,4,2,8.1,5,No,Medium,Tier 3,Yes,,Placed
Female,CSE,5.86,59.9,50.0,1,2.1,59.5,3,0,2,1,4,1,1,7.7,8,No,Low,Tier 3,Yes,Medium,Not Placed
Male,ME,6.95,63.9,60.7,0,3.0,61.5,7,2,5,5,3,6,2,7.1,4,No,Low,Tier 1,Yes,Medium,Placed
Female,CSE,8.78,80.9,81.6,0,5.1,74.0,6,1,5,2,4,5,2,8.3,5,Yes,Medium,Tier 3,Yes,Medium,Placed
Female,IT,8.84,82.9,80.1,0,5.7,67.3,6,2,5,2,4,4,2,8.4,7,No,Low,Tier 1,Yes,Medium,Placed
Male,CE,8.14,65.3,62.3,0,4.8,71.9,8,1,5,2,4,4,2,6.9,6,No,High,Tier 2,Yes,,Not Placed
Female,CE,8.41,78.8,63.8,1,4.6,78.1,3,3,2,4,4,1,4,9.0,2,Yes,Low,Tier 1,Yes,Low,Placed
Female,CE,8.42,75.8,65.8,0,4.8,85.0,3,3,2,4,4,0,0,8.9,10,Yes,Low,Tier 2,Yes,High,Placed
Female,ME,7.72,65.5,74.3,0,5.3,73.8,2,1,2,1,4,1,3,4.6,7,No,Medium,Tier 2,Yes,High,Placed
Female,ECE,7.36,61.4,68.1,1,4.0,69.5,3,0,2,2,4,3,2,5.8,10,No,Medium,Tier 2,Yes,Low,Not Placed
Male,IT,8.47,75.8,74.9,0,3.6,71.3,6,1,4,3,5,3,3,4.3,5,Yes,Low,Tier 3,Yes,,Placed
Male,IT,9.51,89.7,82.7,0,4.4,76.5,4,4,3,5,5,3,2,6.6,6,Yes,Low,Tier 1,Yes,High,Placed
Male,ECE,7.56,73.5,72.2,2,6.3,84.3,6,2,4,4,4,3,1,5.5,10,No,High,Tier 3,Yes,Low,Not Placed
Male,IT,7.79,69.5,73.4,0,0.0,56.8,7,0,5,3,4,6,4,6.0,6,No,Medium,Tier 2,Yes,Low,Placed
Female,ME,6.75,66.0,53.1,0,0.0,65.3,2,2,1,1,3,0,3,8.3,8,No,Medium,Tier 3,Yes,Low,Placed
Male,ECE,8.8,73.8,74.5,2,5.1,72.7,8,4,5,2,5,5,2,4.9,7,No,Medium,Tier 2,Yes,Low,Placed
Female,ECE,10.0,87.8,88.2,0,2.2,74.6,5,2,4,1,4,5,4,7.2,4,No,Low,Tier 1,Yes,Low,Placed
Female,CSE,8.76,87.4,76.3,0,4.1,77.0,7,2,3,3,5,4,2,7.1,10,No,Medium,Tier 1,Yes,Medium,Placed
Female,CSE,8.87,85.8,78.3,0,3.9,67.6,8,2,5,1,4,5,3,6.9,3,No,Medium,Tier 3,Yes,,Placed
Female,CSE,9.59,82.3,83.2,1,8.3,85.5,8,3,5,4,5,5,3,7.2,3,Yes,High,Tier 3,Yes,High,Placed
Male,ECE,8.37,79.0,71.3,1,5.4,74.0,6,3,3,3,5,3,1,4.3,10,No,Low,Tier 2,Yes,High,Placed
Male,ECE,8.56,74.2,78.9,0,6.0,80.9,7,2,5,3,5,5,6,6.0,1,No,High,Tier 2,Yes,High,Placed
Male,ECE,6.84,60.1,63.2,0,3.4,68.7,5,2,3,5,4,4,2,8.9,10,No,Low,Tier 2,Yes,High,Placed
Male,IT,8.09,72.6,62.9,2,2.4,63.5,3,1,2,5,4,1,3,5.6,5,Yes,Low,Tier 3,Yes,Medium,Not Placed
Male,ECE,7.71,62.7,66.1,0,2.3,69.6,2,2,1,4,4,0,3,9.0,6,No,Low,Tier 3,No,Low,Placed
Male,ECE,8.01,73.6,62.6,2,6.5,81.2,1,1,1,4,3,1,1,5.3,8,No,Low,Tier 3,No,,Not Placed
Female,CSE,8.79,86.0,86.8,0,5.0,68.6,8,2,5,4,5,5,1,5.2,3,No,High,Tier 3,Yes,,Placed
Male,CSE,8.68,77.4,78.0,0,4.2,79.4,7,2,4,1,5,4,1,5.9,10,No,Medium,Tier 3,Yes,Low,Placed
Male,CE,9.44,82.2,83.1,0,7.4,86.7,6,3,4,5,4,6,2,8.4,4,No,Low,Tier 1,Yes,Medium,Placed
Female,ME,7.5,64.6,69.6,0,3.7,75.0,5,2,4,3,4,3,6,6.3,8,Yes,High,Tier 3,No,High,Placed
Male,CE,8.36,64.4,80.7,0,2.5,66.5,6,3,3,2,4,1,1,7.4,10,No,High,Tier 3,Yes,Low,Placed
Male,CSE,7.31,53.7,56.3,0,3.3,64.4,8,2,5,2,4,6,4,7.1,9,No,Medium,Tier 3,Yes,Medium,Placed
Female,ME,7.25,74.6,61.1,0,6.1,84.2,2,2,1,1,3,0,2,6.9,2,No,High,Tier 2,Yes,Medium,Not Placed
Female,CSE,7.45,64.8,67.0,2,1.3,60.5,2,3,2,2,3,2,0,8.5,7,No,Low,Tier 1,Yes,,Not Placed
Female,CSE,8.64,73.2,71.8,0,3.9,67.4,6,1,4,1,4,6,1,7.9,1,No,High,Tier 2,Yes,High,Placed
Male,CSE,7.09,59.4,60.4,0,7.2,82.5,3,2,2,4,4,0,1,5.6,5,No,Medium,Tier 2,Yes,Medium,Placed
Female,CSE,8.65,77.5,68.9,0,4.8,65.4,6,2,5,5,3,4,5,6.7,4,No,High,Tier 1,Yes,Low,Placed
Female,ECE,8.72,77.3,73.9,0,3.6,72.3,7,3,4,4,4,5,6,9.0,3,No,Medium,Tier 2,Yes,High,Placed
Male,CSE,9.68,89.1,83.0,0,7.9,79.9,8,3,5,1,5,6,1,7.4,8,No,Medium,Tier 2,Yes,Medium,Placed
Female,IT,8.57,70.7,85.2,0,4.7,73.3,4,2,3,3,4,2,2,5.2,9,No,Medium,Tier 2,Yes,Low,Placed
Female,ECE,6.51,60.8,61.7,0,0.8,66.4,6,0,4,3,3,4,2,5.3,5,No,Low,Tier 2,Yes,Medium,Placed
Male,CSE,8.61,80.4,70.7,0,3.7,77.4,8,2,4,4,5,4,6,8.1,7,No,Medium,Tier 1,Yes,Medium,Placed
Male,CSE,8.53,75.3,74.0,0,6.4,84.7,5,3,3,2,4,3,0,7.8,3,Yes,Low,Tier 3,No,,Placed
Female,ME,8.81,83.4,80.9,0,4.3,80.0,5,4,3,3,4,2,3,5.9,5,No,High,Tier 3,Yes,High,Placed
Female,CSE,9.87,95.4,84.9,0,7.1,81.1,8,4,5,1,5,5,4,7.9,7,No,Low,Tier 1,Yes,High,Placed
Male,IT,7.23,63.7,61.7,0,1.9,53.8,7,1,4,2,4,3,6,8.9,10,No,Medium,Tier 3,Yes,Medium,Placed
Female,IT,8.16,73.1,81.6,1,3.8,70.4,8,3,5,1,4,5,1,8.7,5,No,Medium,Tier 3,Yes,Medium,Placed
Male,CSE,8.38,77.1,69.3,2,4.7,77.4,4,2,2,4,5,1,4,8.9,9,No,High,Tier 1,Yes,High,Placed
Male,ECE,7.4,69.8,77.0,1,1.5,61.5,7,1,4,2,3,3,2,7.7,9,Yes,Medium,Tier 2,Yes,Low,Placed
Male,CSE,6.4,61.4,51.4,1,4.0,70.1,4,1,2,3,3,1,1,6.8,6,No,Medium,Tier 2,Yes,High,Placed
Female,ME,9.4,88.0,74.0,1,4.8,68.3,5,4,4,3,5,4,0,6.5,4,No,High,Tier 2,Yes,Medium,Placed
Female,ECE,6.02,57.8,62.3,2,1.5,68.0,3,0,2,5,2,3,1,7.0,3,No,Medium,Tier 3,Yes,Low,Not Placed
Male,CSE,7.64,69.6,70.3,0,1.0,59.6,8,1,5,4,3,5,2,5.9,8,No,Medium,Tier 2,No,Medium,Placed
Male,CSE,7.26,69.3,64.6,0,6.4,77.8,8,0,5,2,4,6,3,6.6,9,No,Medium,Tier 1,Yes,Medium,Placed
Male,ME,7.1,67.7,65.8,0,4.2,75.5,4,0,2,5,4,2,2,8.5,5,No,High,Tier 3,No,,Placed
Female,ECE,8.13,72.5,66.0,0,0.0,59.6,6,1,4,1,4,3,4,5.1,9,No,Medium,Tier 1,Yes,Medium,Placed
Female,CSE,9.15,88.9,79.6,0,2.6,75.7,7,2,5,4,5,4,0,5.2,9,No,Low,Tier 3,Yes,Medium,Placed
Female,ME,8.7,71.1,83.1,2,4.2,70.7,7,2,5,3,4,4,3,8.0,7,No,High,Tier 1,Yes,Medium,Placed
Female,ME,7.31,66.5,62.4,1,0.0,50.9,5,2,4,1,4,4,2,6.6,9,No,Medium,Tier 2,Yes,,Placed
Female,IT,7.9,73.1,67.6,2,2.2,70.1,6,2,4,1,3,3,2,4.7,4,No,Medium,Tier 2,Yes,Medium,Not Placed
Male,CSE,9.42,84.7,90.5,0,3.4,70.3,6,2,4,1,5,4,2,6.9,8,No,High,Tier 1,Yes,Medium,Placed
Male,CE,9.63,95.7,86.4,0,3.4,73.7,4,2,3,1,4,3,4,6.8,2,No,Low,Tier 2,Yes,High,Placed
Male,ME,8.76,78.4,80.6,0,1.9,63.5,4,3,2,4,4,2,3,6.5,1,No,Medium,Tier 1,Yes,High,Placed
Female,CSE,8.93,87.3,73.3,0,3.7,72.7,6,3,4,5,4,5,5,7.8,10,Yes,Medium,Tier 2,No,High,Placed
Female,ME,7.58,65.6,68.2,1,3.2,68.3,4,3,3,4,4,5,6,5.4,8,No,High,Tier 2,Yes,Low,Placed
Male,ECE,8.74,77.7,85.6,1,3.6,63.2,7,3,4,3,4,4,3,7.0,3,Yes,Low,Tier 1,No,High,Placed
Female,IT,7.2,66.1,55.8,0,4.6,77.1,8,3,5,2,4,6,2,6.7,5,No,Medium,Tier 3,Yes,,Placed
Male,CSE,7.54,67.2,63.0,0,0.3,63.7,3,3,2,3,4,1,0,7.0,1,No,High,Tier 1,Yes,,Placed
Male,ME,7.86,64.9,76.8,1,5.4,81.3,3,2,2,2,5,4,1,4.9,10,Yes,Low,Tier 1,Yes,,Not Placed
Female,ECE,9.84,90.4,90.5,0,5.1,62.9,4,3,3,3,5,3,2,6.4,2,Yes,Low,Tier 2,Yes,High,Placed
Female,IT,8.19,74.1,69.7,0,5.0,74.9,8,2,5,5,4,5,4,7.0,8,No,High,Tier 2,Yes,,Placed
Female,ECE,9.32,81.0,83.4,1,3.6,68.5,7,3,5,3,5,4,2,7.6,5,No,Low,Tier 2,Yes,,Placed
Male,IT,7.87,59.8,69.3,0,3.6,75.4,3,1,2,2,5,3,3,9.0,5,No,High,Tier 1,Yes,Low,Placed
Male,IT,9.27,75.8,72.2,0,3.8,72.1,7,3,5,4,5,5,4,8.0,3,No,Low,Tier 3,Yes,Medium,Placed
Female,CSE,9.08,74.3,82.0,0,4.1,70.4,8,3,4,2,4,5,4,7.6,3,Yes,Medium,Tier 2,Yes,High,Placed
Male,IT,6.41,57.4,50.0,1,5.6,84.8,4,2,3,5,3,3,4,8.5,7,Yes,Medium,Tier 1,Yes,Low,Placed
Male,IT,9.66,92.5,88.3,0,5.5,86.2,8,3,5,2,5,5,1,6.6,4,No,Medium,Tier 2,Yes,Medium,Placed
Female,CSE,7.62,64.9,60.6,0,3.4,77.9,8,2,5,1,4,5,4,8.9,10,No,Medium,Tier 3,Yes,,Placed
Male,ECE,7.46,70.1,71.5,0,5.2,77.4,4,0,2,2,3,3,1,8.3,4,No,Medium,Tier 2,Yes,Low,Placed
Female,ECE,7.6,63.2,67.9,1,5.0,72.8,2,1,2,2,3,0,1,6.5,6,No,High,Tier 1,Yes,,Not Placed
Female,CSE,8.3,73.5,68.7,0,5.4,86.4,8,2,5,3,5,6,4,9.0,2,No,Low,Tier 2,Yes,Low,Placed
Male,CSE,7.57,66.7,62.2,0,3.2,76.5,6,2,4,3,3,5,5,7.5,3,Yes,Medium,Tier 1,Yes,Medium,Placed
Male,CSE,7.76,70.1,66.3,0,6.6,84.2,4,2,3,4,4,5,0,9.0,10,No,Low,Tier 2,Yes,Low,Placed
Female,CSE,8.16,72.4,72.9,0,5.6,75.0,7,2,5,1,4,6,2,7.4,10,No,Medium,Tier 3,Yes,High,Placed
Female,ECE,8.52,76.9,75.1,1,1.8,59.8,3,1,3,4,5,2,2,6.3,4,No,Low,Tier 2,Yes,High,Placed
Female,CSE,9.22,87.0,84.3,0,2.4,61.1,7,2,5,1,5,6,4,6.1,6,No,Medium,Tier 2,Yes,,Placed
Female,IT,10.0,92.6,90.9,0,7.0,81.1,6,4,5,2,4,6,5,6.6,2,No,Medium,Tier 3,Yes,,Placed
Female,CE,9.87,89.9,93.4,0,0.3,63.7,6,3,4,1,5,4,8,6.3,8,Yes,Low,Tier 2,Yes,Medium,Placed
Female,CSE,8.62,78.5,88.1,0,3.9,61.9,5,2,3,5,5,3,1,8.5,8,No,Low,Tier 2,Yes,,Placed
Male,ME,8.68,74.2,76.9,0,8.2,89.6,3,2,2,2,4,4,3,7.0,9,No,Medium,Tier 1,Yes,Low,Not Placed
Male,ME,9.19,80.4,81.8,0,6.1,70.7,4,2,2,1,4,0,2,5.1,8,No,Medium,Tier 2,Yes,Low,Placed
Male,IT,7.69,69.6,71.1,0,6.1,77.1,8,1,5,1,3,5,4,7.3,3,Yes,High,Tier 2,Yes,High,Placed
Male,CSE,7.72,70.4,65.5,0,1.6,71.1,8,1,5,3,3,6,3,7.2,7,Yes,Medium,Tier 2,Yes,Medium,Placed
Male,CSE,8.86,73.8,72.8,0,5.6,87.9,6,3,4,1,4,3,2,6.4,8,No,Low,Tier 3,Yes,,Placed
Male,IT,7.69,58.4,65.2,0,7.1,82.0,7,2,4,4,4,5,3,7.3,10,Yes,Medium,Tier 3,Yes,,Placed
Female,IT,9.09,81.6,81.7,0,3.4,69.5,7,3,5,5,4,3,6,6.9,1,No,Low,Tier 3,No,,Placed
Male,CE,8.86,74.8,80.9,0,4.0,71.5,4,0,3,3,4,4,3,7.8,6,No,Medium,Tier 2,Yes,Low,Placed
Male,CE,8.56,84.0,87.0,0,6.0,77.4,6,2,4,2,4,5,1,7.7,1,No,High,Tier 2,Yes,Low,Placed
Male,CSE,8.67,81.4,69.9,0,3.6,74.9,8,4,5,4,5,4,1,7.4,7,Yes,Medium,Tier 1,Yes,High,Placed
Male,ECE,7.4,69.5,67.9,1,1.0,60.0,5,1,2,2,3,2,2,5.4,10,No,Medium,Tier 2,Yes,Low,Not Placed
Male,CSE,6.21,50.0,54.2,2,0.0,56.9,8,2,5,4,3,4,3,9.0,4,No,Low,Tier 3,Yes,Low,Placed
Male,CSE,9.49,89.8,91.0,0,4.6,70.5,4,1,3,3,5,2,1,5.1,5,No,Medium,Tier 2,Yes,Low,Placed
Male,IT,8.27,71.3,68.3,0,3.0,74.1,6,3,3,2,5,3,2,6.8,3,No,High,Tier 3,Yes,,Placed
Female,CSE,7.97,75.6,75.3,0,0.0,62.4,4,2,3,4,4,5,3,5.7,6,No,Low,Tier 1,Yes,High,Placed
Female,ECE,8.54,81.2,74.0,0,2.4,69.0,3,3,2,2,4,3,1,7.5,3,No,Low,Tier 2,No,,Placed
Female,IT,6.22,50.0,60.5,1,3.2,78.9,4,0,2,4,3,1,2,7.2,10,Yes,Medium,Tier 2,Yes,Low,Not Placed
Female,CSE,7.76,64.9,69.4,0,3.0,72.2,8,1,5,5,4,6,2,6.8,4,No,Medium,Tier 2,No,,Placed
Male,IT,8.32,82.2,78.9,0,6.3,89.2,7,2,5,3,4,4,4,8.8,1,No,Medium,Tier 3,Yes,Low,Placed
Female,IT,10.0,82.6,91.6,0,5.3,82.8,8,3,5,5,5,6,0,8.3,4,No,High,Tier 3,Yes,High,Placed
Female,ME,8.49,79.1,71.2,1,3.7,65.9,8,2,5,5,5,4,3,6.6,1,No,Low,Tier 1,Yes,,Placed
Male,CSE,7.68,63.8,58.7,2,1.5,69.6,5,3,3,1,4,4,0,8.0,10,Yes,Medium,Tier 1,Yes,Low,Not Placed
Female,ECE,8.04,78.2,79.9,0,5.4,83.4,6,3,4,2,4,4,4,8.9,10,Yes,Medium,Tier 1,Yes,,Placed
Male,ECE,10.0,88.9,88.5,0,6.9,74.3,8,4,5,5,5,3,2,8.3,3,No,Low,Tier 2,Yes,Medium,Placed
Female,ECE,7.85,70.3,76.9,0,7.5,85.8,1,2,1,4,4,1,0,6.8,4,No,Medium,Tier 2,No,Medium,Placed
Female,CSE,7.11,69.7,63.6,0,3.5,63.1,7,2,5,3,4,4,4,5.1,7,Yes,Low,Tier 3,Yes,Medium,Placed
Male,IT,7.58,76.6,73.1,0,5.2,77.1,5,3,3,1,4,4,3,7.4,9,No,Low,Tier 2,Yes,Low,Placed
Female,CSE,7.57,67.6,63.2,1,2.7,73.8,7,1,4,3,5,3,8,7.8,6,No,Low,Tier 2,Yes,High,Placed
Female,CE,8.13,75.8,74.0,0,2.4,62.9,6,2,5,1,4,6,2,6.1,4,Yes,High,Tier 3,Yes,Low,Placed
Female,CSE,8.8,79.1,94.7,0,5.4,79.8,8,2,5,4,5,6,3,7.0,7,No,Medium,Tier 2,No,Medium,Placed
Male,ME,7.2,73.7,59.9,0,1.5,57.0,2,2,1,5,4,0,1,6.9,5,Yes,Medium,Tier 2,Yes,Medium,Placed
Female,IT,9.66,94.3,90.0,0,3.0,70.7,5,3,3,5,5,3,4,8.7,8,Yes,Medium,Tier 1,Yes,Medium,Placed
Male,CSE,9.31,84.3,83.6,0,6.3,80.7,5,1,3,1,4,5,3,9.0,2,No,Medium,Tier 2,Yes,,Placed
Male,CSE,6.78,64.2,63.0,0,3.0,69.7,6,2,5,5,4,5,4,8.4,7,No,Medium,Tier 2,Yes,Low,Placed
Male,ME,6.01,59.5,54.4,3,1.9,62.2,2,0,1,4,3,0,3,6.9,8,No,High,Tier 2,Yes,,Not Placed
Female,CE,8.99,77.6,71.9,0,8.0,87.8,8,1,4,5,4,4,3,8.4,7,No,Medium,Tier 3,Yes,Low,Placed
Female,ME,7.88,70.1,73.3,0,5.1,79.3,8,2,5,2,4,4,4,7.8,6,No,Medium,Tier 3,Yes,Medium,Placed
Female,ECE,7.02,68.2,65.0,0,0.7,71.5,7,2,5,5,3,5,6,6.9,5,Yes,Low,Tier 3,Yes,,Placed
Female,CSE,7.8,63.6,78.3,0,4.7,87.3,4,2,2,1,4,2,1,9.0,9,No,Medium,Tier 2,Yes,Medium,Placed
Male,IT,7.92,74.5,65.2,1,3.8,66.3,6,2,3,1,4,3,1,6.1,1,No,Medium,Tier 3,Yes,High,Placed
Male,IT,8.92,83.0,81.7,1,5.6,73.5,7,2,5,5,4,6,4,7.7,5,No,High,Tier 2,Yes,Low,Placed
Male,ECE,9.26,79.8,77.5,0,5.0,73.4,7,2,5,5,5,6,4,8.0,1,No,Low,Tier 1,Yes,Low,Placed
Male,IT,7.62,74.1,73.7,0,3.9,72.0,3,2,3,4,4,3,3,6.7,10,No,Low,Tier 2,No,High,Placed
Male,ECE,8.93,82.4,84.0,0,4.5,72.9,4,1,3,2,5,2,5,7.7,1,No,Medium,Tier 1,Yes,Medium,Placed
Male,ECE,7.5,64.2,66.2,1,4.6,75.7,4,2,3,5,3,4,2,8.1,6,No,Low,Tier 2,Yes,,Placed
Male,CSE,7.75,62.7,63.1,0,4.8,70.4,4,2,2,2,4,3,0,7.3,6,No,Low,Tier 2,No,Low,Placed
Male,ECE,8.39,73.2,75.5,1,3.2,67.3,7,2,4,1,3,3,3,7.6,7,No,High,Tier 3,Yes,Medium,Not Placed
Male,ECE,7.74,65.0,72.3,0,1.1,51.1,4,1,2,4,5,2,0,7.1,10,Yes,Medium,Tier 2,Yes,Medium,Placed
Male,CSE,8.94,78.0,85.9,0,3.6,71.7,6,0,4,5,4,4,5,8.0,9,No,High,Tier 3,Yes,Medium,Placed
Female,ECE,8.22,71.9,67.4,0,3.1,65.5,2,2,1,3,4,1,1,6.7,7,Yes,High,Tier 1,Yes,Medium,Not Placed
Female,CE,6.42,63.7,52.7,0,3.9,69.7,8,1,4,3,3,4,2,6.6,3,Yes,Low,Tier 1,Yes,Medium,Placed
Female,ME,8.2,67.2,68.5,0,6.2,83.5,3,2,1,1,3,3,0,7.0,4,No,Medium,Tier 2,Yes,Low,Placed
Male,ME,10.0,84.7,88.8,0,6.9,78.0,8,4,5,1,5,5,3,8.4,9,No,Low,Tier 2,Yes,Medium,Placed
Male,IT,7.93,69.2,68.3,0,5.4,77.9,4,4,2,3,5,1,1,4.9,4,No,High,Tier 1,Yes,High,Placed
Female,CSE,7.77,82.9,74.2,1,5.6,83.7,5,4,2,3,4,2,2,5.9,9,No,Medium,Tier 1,No,Low,Placed
Male,ME,6.37,50.0,60.1,0,3.8,74.5,3,2,1,2,3,0,0,9.0,4,No,Medium,Tier 2,Yes,Medium,Not Placed
Male,CE,6.59,50.0,63.2,0,3.2,76.6,6,1,3,1,3,3,3,7.3,10,No,Medium,Tier 2,No,Low,Placed
Male,ECE,7.78,76.4,76.2,1,5.5,85.1,3,2,1,3,4,2,0,6.5,7,Yes,Medium,Tier 3,Yes,Low,Not Placed
Male,ECE,10.0,87.4,82.5,0,5.9,77.7,4,4,3,3,5,2,1,8.0,1,No,Low,Tier 2,Yes,High,Placed
Male,CSE,8.48,72.2,75.8,1,5.9,78.7,7,2,4,4,4,3,4,6.1,8,No,Medium,Tier 1,Yes,,Placed
Male,IT,7.51,69.5,68.1,0,3.7,73.9,2,1,2,3,3,0,1,4.5,8,No,Medium,Tier 3,No,Low,Placed
Female,ECE,8.02,75.7,67.9,0,4.2,66.1,6,2,4,3,4,3,6,7.4,7,No,High,Tier 1,Yes,Low,Placed
Male,IT,7.58,72.4,68.0,1,7.9,87.0,8,2,5,3,4,6,1,6.1,6,No,Medium,Tier 3,Yes,Low,Placed
Male,ME,8.77,81.8,81.0,0,0.0,64.5,6,0,4,5,4,6,0,7.1,7,No,Medium,Tier 3,Yes,Medium,Placed
Female,ME,6.97,59.2,60.0,1,6.0,69.9,5,2,4,3,4,4,3,7.4,5,No,High,Tier 3,Yes,,Not Placed
Male,IT,8.26,77.6,74.5,0,3.3,66.2,5,2,4,1,4,5,4,7.2,3,No,Low,Tier 2,Yes,,Placed
Male,ME,5.5,51.5,50.0,1,3.3,63.4,6,0,4,5,3,4,2,4.9,8,No,High,Tier 2,No,Low,Not Placed
Female,ECE,7.47,73.9,70.3,0,3.4,72.8,2,0,2,5,3,2,3,7.0,10,Yes,Low,Tier 2,Yes,Medium,Not Placed
Male,ECE,5.3,55.0,52.3,1,0.3,57.5,7,1,4,4,3,6,1,7.5,10,Yes,Medium,Tier 2,Yes,Medium,Placed
Male,IT,7.3,61.2,68.3,0,3.6,77.8,4,1,3,5,4,3,5,5.3,8,No,Medium,Tier 2,Yes,Medium,Placed
Male,ECE,8.95,89.0,87.9,0,6.6,83.9,8,4,5,3,5,6,5,5.2,10,No,Medium,Tier 2,No,Medium,Placed
Male,ECE,6.42,55.5,50.0,0,3.4,78.5,6,0,3,4,3,3,1,5.7,4,No,High,Tier 3,No,Low,Placed
Male,CSE,8.0,64.9,69.9,0,3.7,69.2,7,1,5,4,4,3,6,7.9,1,No,Low,Tier 1,Yes,Medium,Placed
Female,IT,8.84,87.9,73.9,1,2.2,77.2,8,3,5,2,4,5,5,4.6,6,No,Medium,Tier 3,Yes,,Placed
Male,CSE,10.0,94.1,97.8,0,4.0,60.9,6,2,4,5,5,4,1,8.0,5,No,Medium,Tier 3,Yes,,Placed
Male,ME,7.81,60.4,64.0,1,0.0,62.4,6,3,4,4,4,3,3,7.5,10,Yes,High,Tier 2,Yes,Medium,Placed
Male,ECE,7.52,65.2,74.8,1,2.4,68.7,7,1,4,2,4,4,2,6.7,8,Yes,Low,Tier 2,Yes,Low,Placed
Male,ECE,7.86,67.2,69.2,0,4.8,79.4,8,3,4,4,5,3,3,5.2,10,No,High,Tier 2,Yes,Low,Placed
Female,ME,7.44,64.1,63.3,2,1.3,61.9,8,3,5,5,3,6,4,6.0,1,No,Medium,Tier 3,Yes,Low,Not Placed
Male,CSE,7.79,79.4,71.6,0,1.5,69.3,6,2,4,5,3,3,2,7.9,6,No,Low,Tier 1,Yes,Medium,Placed
Male,ME,10.0,88.9,99.8,0,3.1,64.7,7,3,4,1,5,4,3,8.5,1,No,Medium,Tier 2,Yes,Low,Placed
Male,CE,9.19,80.3,78.3,0,5.0,72.7,8,4,5,3,5,5,3,5.8,10,No,Low,Tier 2,Yes,High,Placed
Male,IT,9.51,90.7,86.8,1,6.0,78.4,7,4,5,3,5,5,3,8.4,2,Yes,Medium,Tier 3,Yes,Low,Placed
Male,CSE,8.4,73.2,77.4,0,4.0,75.3,8,3,5,3,4,4,5,7.8,5,Yes,Low,Tier 3,No,Medium,Placed
Female,IT,8.52,88.6,71.7,0,3.4,63.6,7,2,5,1,5,5,5,7.0,3,No,Medium,Tier 2,Yes,High,Placed
Male,ME,8.7,79.3,75.1,0,4.8,76.5,8,2,5,1,4,6,2,6.1,3,Yes,Medium,Tier 1,Yes,Medium,Placed
Male,IT,9.39,89.4,81.8,0,3.6,64.1,8,4,5,2,4,5,3,6.3,8,No,Medium,Tier 2,No,Medium,Placed
Male,ECE,8.82,89.1,79.9,0,5.5,71.6,8,4,5,3,5,6,4,9.0,6,No,Medium,Tier 1,Yes,Medium,Placed
Female,ECE,8.69,74.2,71.0,1,7.0,87.5,8,3,5,2,4,3,4,7.2,4,No,Medium,Tier 3,Yes,Low,Placed
Male,IT,7.09,67.7,64.0,3,3.7,76.2,7,2,5,2,4,3,5,8.6,3,No,Low,Tier 3,No,High,Not Placed
Female,IT,8.16,70.7,67.6,1,1.7,72.0,8,2,5,4,4,6,1,7.3,6,No,Medium,Tier 3,Yes,,Placed
Female,ECE,7.71,70.4,68.4,0,3.9,67.0,2,2,2,3,4,2,4,6.5,6,No,High,Tier 2,Yes,High,Not Placed
Female,CSE,8.81,69.8,73.5,0,8.0,79.8,6,3,5,1,5,5,3,7.7,6,Yes,High,Tier 2,Yes,Medium,Placed
Male,ECE,7.73,66.9,76.2,0,4.6,70.1,8,1,5,2,4,5,3,9.0,3,No,Low,Tier 1,Yes,High,Placed
Male,ECE,7.87,77.7,72.2,0,2.0,67.5,3,3,3,3,5,4,0,6.2,10,No,Low,Tier 2,Yes,,Placed
Female,CSE,7.21,69.0,60.9,0,4.1,79.8,2,2,2,5,4,1,1,8.1,9,No,High,Tier 1,No,High,Placed
Female,CSE,7.07,62.1,72.1,0,3.9,72.0,8,0,5,3,4,5,5,7.2,6,No,Medium,Tier 3,Yes,,Placed
Female,IT,8.77,79.5,71.3,0,2.3,57.7,5,2,3,2,4,4,1,5.3,8,Yes,Medium,Tier 1,No,Medium,Placed
Male,CSE,6.63,63.4,59.5,0,6.5,80.0,4,0,2,5,3,1,3,5.2,9,No,Medium,Tier 3,No,Low,Placed
Male,ME,7.97,75.6,73.9,1,5.2,75.3,7,0,4,3,4,3,6,6.5,1,No,Medium,Tier 2,Yes,Medium,Placed
Male,CSE,9.04,83.5,79.8,0,6.3,85.1,8,2,5,5,5,4,3,7.4,7,No,Medium,Tier 2,Yes,Medium,Placed
Female,ECE,9.06,86.6,80.8,0,0.0,61.8,8,4,5,2,5,4,5,8.1,1,No,High,Tier 1,Yes,,Placed
Male,CSE,8.12,72.2,69.6,0,4.6,75.4,6,1,4,4,4,2,3,5.1,10,No,Medium,Tier 2,Yes,Medium,Placed
Male,CSE,8.25,66.9,69.9,0,4.2,73.2,5,1,4,3,5,5,3,7.8,7,Yes,Low,Tier 2,Yes,Low,Placed
Female,CE,6.28,51.7,60.8,0,2.0,60.8,6,1,4,4,3,1,3,6.9,7,No,Low,Tier 3,No,Medium,Placed
Male,IT,7.75,67.5,70.2,0,4.9,74.4,5,2,3,5,4,1,3,7.0,7,No,Low,Tier 1,Yes,Medium,Placed
Female,CSE,6.66,50.2,61.5,2,2.1,68.1,8,0,5,3,4,5,2,7.7,1,No,Medium,Tier 3,Yes,,Placed
Male,ECE,8.0,66.4,75.3,0,0.8,63.0,8,1,5,1,4,5,4,9.0,2,No,Low,Tier 3,Yes,Medium,Placed
Male,ECE,8.88,75.1,76.8,0,5.5,67.3,6,3,5,4,5,5,0,7.4,10,No,Low,Tier 1,Yes,Medium,Placed
Male,IT,8.66,71.4,74.4,0,3.7,75.7,4,3,4,4,5,5,1,5.4,5,No,High,Tier 3,Yes,Low,Placed
Female,CE,5.58,50.0,50.0,0,0.7,63.4,4,0,2,5,2,2,5,6.8,8,No,Low,Tier 2,No,High,Placed
Male,ECE,9.3,92.3,83.9,0,6.9,86.4,2,3,2,2,4,2,2,8.0,9,No,Low,Tier 3,Yes,Medium,Placed
Male,ME,9.61,91.1,96.2,1,4.1,71.4,2,1,2,1,5,2,6,8.1,8,No,Low,Tier 1,Yes,,Not Placed
Female,IT,7.77,68.6,70.1,1,2.4,68.9,7,3,4,2,4,4,4,7.8,6,No,Low,Tier 1,Yes,,Placed
Male,CSE,9.6,87.2,71.2,0,0.7,53.8,8,2,5,3,4,5,4,6.4,2,No,Medium,Tier 1,Yes,Medium,Placed
Male,ECE,7.59,66.2,69.7,0,1.8,63.9,6,0,5,2,3,5,4,5.4,4,No,High,Tier 2,Yes,Low,Not Placed
Male,IT,6.14,53.1,57.1,0,0.7,69.4,8,0,5,4,2,6,4,7.7,10,No,High,Tier 3,Yes,,Placed
Male,CE,8.49,81.0,81.3,1,7.4,86.4,4,3,3,1,4,3,0,5.5,9,No,Medium,Tier 3,Yes,,Not Placed
Female,ECE,8.49,77.5,82.8,0,8.0,81.0,2,3,2,3,5,1,1,7.8,10,Yes,Medium,Tier 3,Yes,Medium,Placed
Male,ECE,9.77,82.8,100.0,0,6.5,76.4,7,4,3,3,5,4,5,7.8,7,Yes,Medium,Tier 1,Yes,Medium,Placed
Male,ECE,7.08,69.4,63.4,0,0.7,66.4,6,0,5,4,4,6,6,6.4,1,No,Low,Tier 1,Yes,,Placed
Male,ECE,8.76,81.0,80.0,0,5.1,68.1,3,2,3,2,4,2,1,6.9,9,No,Low,Tier 2,Yes,Medium,Placed
Female,ME,7.29,70.1,67.3,1,8.7,89.1,8,2,5,3,4,6,4,7.2,7,No,High,Tier 1,Yes,High,Placed
Male,ECE,7.68,70.1,67.4,1,2.4,74.9,3,2,2,3,4,1,1,6.3,3,No,Low,Tier 2,Yes,High,Not Placed
Male,CE,7.91,71.6,70.0,1,3.8,65.3,5,1,4,3,4,5,7,5.3,5,Yes,Low,Tier 2,Yes,High,Not Placed
Male,IT,8.48,75.7,72.7,0,7.6,84.5,2,3,2,1,3,2,0,7.0,4,Yes,Medium,Tier 1,Yes,High,Placed
Male,CSE,7.1,66.5,61.9,3,4.7,76.2,7,2,5,4,3,6,2,7.1,2,No,Medium,Tier 2,Yes,Low,Not Placed
Male,ECE,7.88,65.0,70.3,0,5.3,78.4,1,2,1,3,3,1,4,8.6,10,No,Low,Tier 2,Yes,,Placed
Male,ECE,8.32,77.6,77.3,0,2.6,68.9,2,3,2,1,5,4,1,6.1,2,No,Low,Tier 2,Yes,Low,Placed
Female,ME,8.74,70.7,80.8,0,1.1,69.5,8,3,5,1,4,4,3,8.3,4,No,Medium,Tier 3,No,Medium,Placed
Male,CSE,7.56,65.0,62.4,1,5.0,71.1,8,2,5,5,3,4,0,5.6,8,No,Medium,Tier 1,Yes,High,Placed
Female,ME,7.15,71.6,57.6,1,3.0,65.9,5,2,4,3,4,4,3,5.4,5,No,Low,Tier 3,Yes,Low,Placed
Female,IT,10.0,84.5,87.6,0,2.7,60.0,5,3,4,5,5,6,1,6.6,10,Yes,Medium,Tier 2,Yes,Low,Placed
Male,ECE,5.88,50.1,60.8,0,2.4,66.5,2,0,2,5,3,2,2,5.9,7,No,Medium,Tier 3,Yes,Medium,Placed
Male,IT,7.71,66.8,71.4,0,5.7,82.3,4,2,2,1,3,4,4,5.4,7,No,High,Tier 1,Yes,Low,Placed
Male,IT,7.49,63.4,68.1,0,5.0,75.6,7,2,5,3,4,5,1,9.0,7,No,Medium,Tier 2,Yes,Low,Placed
Female,CSE,7.06,62.3,67.2,1,7.8,88.4,3,2,3,1,3,5,1,6.5,9,No,Low,Tier 2,Yes,Low,Placed
Male,CSE,8.95,81.3,74.4,1,6.3,78.4,6,2,5,2,4,5,3,9.0,1,No,Medium,Tier 3,Yes,High,Placed
Male,IT,8.83,86.5,83.1,0,4.3,64.3,7,4,5,3,5,6,3,5.8,10,Yes,Medium,Tier 2,No,Low,Placed
Male,IT,9.37,89.5,81.4,1,4.2,72.4,8,4,4,2,4,5,5,4.9,5,Yes,Low,Tier 2,Yes,Medium,Placed
Female,CSE,9.46,88.1,77.1,0,6.1,73.9,4,4,3,2,5,3,4,8.5,3,No,Medium,Tier 3,Yes,Low,Placed
Female,CSE,9.59,85.6,85.4,0,4.3,70.8,4,4,3,4,4,4,2,6.1,5,No,Low,Tier 2,Yes,Medium,Placed
Male,CSE,8.3,71.2,80.0,0,6.5,72.1,6,1,5,2,4,5,2,7.2,10,No,Low,Tier 1,Yes,Low,Placed
Female,IT,8.33,77.8,75.9,0,4.4,77.2,4,4,3,2,4,4,7,5.4,6,No,Medium,Tier 2,Yes,Low,Placed
Male,CSE,8.84,81.6,79.0,0,5.3,80.0,7,3,5,5,4,5,1,7.0,5,No,Low,Tier 2,Yes,Low,Placed
Male,ECE,9.79,90.6,84.3,0,7.0,83.3,3,2,2,3,4,1,1,5.4,10,No,High,Tier 2,Yes,,Placed
Female,IT,7.53,65.8,67.0,2,0.9,58.1,4,3,3,2,4,3,2,6.9,5,No,Medium,Tier 2,Yes,Medium,Not Placed
Male,CSE,9.99,90.6,100.0,0,6.8,78.7,8,4,5,5,4,5,5,6.4,5,No,Medium,Tier 3,Yes,Low,Placed
Male,ME,10.0,91.1,93.9,0,6.9,74.5,8,3,5,1,5,5,6,7.3,10,Yes,Medium,Tier 3,Yes,High,Placed
Male,CSE,8.43,72.9,76.0,1,3.5,62.2,3,3,3,1,3,2,1,7.8,10,No,Medium,Tier 1,Yes,,Placed
Female,IT,8.61,83.1,72.7,0,4.2,73.9,8,4,5,3,4,4,1,7.3,10,No,Low,Tier 1,No,,Placed
Female,CSE,7.16,56.5,54.4,0,3.4,74.2,5,2,3,2,3,3,4,7.5,5,No,High,Tier 3,Yes,High,Placed
Female,ME,8.95,77.2,74.4,0,2.9,70.9,4,4,2,4,5,4,2,6.9,2,No,High,Tier 3,Yes,,Not Placed
Female,ME,9.53,81.4,84.1,0,6.6,74.8,3,2,2,4,5,1,2,6.5,1,No,Low,Tier 3,Yes,,Placed
Male,CSE,8.02,70.3,67.3,2,1.2,68.4,2,1,2,2,4,3,0,7.6,10,No,Low,Tier 2,Yes,,Placed
Male,CSE,9.16,79.6,74.9,0,4.3,81.0,5,4,5,1,3,6,1,6.9,8,No,Low,Tier 3,Yes,High,Placed
Male,ECE,8.22,71.1,73.2,0,1.4,64.9,4,2,2,1,5,2,2,6.9,4,Yes,Medium,Tier 3,Yes,High,Placed
Male,CSE,7.39,70.6,59.4,0,3.0,74.7,2,3,2,5,4,3,0,7.5,8,Yes,Medium,Tier 1,No,Low,Placed
Male,IT,7.64,69.9,70.7,0,1.8,62.3,3,2,2,5,4,1,1,5.8,10,No,High,Tier 2,Yes,Medium,Placed
Female,IT,7.98,67.7,76.0,1,4.2,67.9,6,3,4,4,5,3,3,8.7,6,No,Medium,Tier 2,No,Medium,Not Placed
Male,ECE,8.49,79.0,84.7,1,5.1,62.2,2,2,1,5,5,2,4,6.7,6,No,Medium,Tier 2,Yes,High,Placed
Male,ME,8.5,78.7,71.1,0,6.4,81.4,8,2,5,2,5,5,2,7.1,3,No,Medium,Tier 3,Yes,,Placed
Male,ME,7.74,60.2,66.5,2,4.0,73.7,2,3,1,5,4,3,3,6.9,10,Yes,Medium,Tier 3,Yes,High,Not Placed
Male,IT,9.78,85.7,82.7,0,8.0,81.9,7,4,5,3,5,3,5,7.8,3,No,Medium,Tier 3,Yes,,Placed
Female,ECE,8.35,78.2,79.9,0,3.2,69.6,5,4,4,4,4,5,9,7.4,5,No,Medium,Tier 3,Yes,Low,Placed
Male,CSE,7.43,68.7,62.4,0,5.6,69.2,8,2,5,1,4,5,4,6.9,6,No,Medium,Tier 2,Yes,,Placed
Male,CSE,9.67,90.0,84.6,0,6.8,79.2,7,4,4,5,4,3,1,8.7,1,No,Medium,Tier 2,Yes,Medium,Placed
Female,ECE,6.61,55.4,59.4,1,3.4,68.8,3,4,3,3,4,4,2,4.0,10,No,Medium,Tier 3,No,Medium,Placed
Male,ECE,10.0,92.0,84.8,0,5.2,72.1,3,1,3,1,5,1,0,8.5,7,No,Medium,Tier 2,Yes,Medium,Placed
Male,ECE,7.04,54.5,69.7,0,0.0,61.1,2,2,1,5,3,0,0,8.1,1,No,Medium,Tier 1,Yes,Medium,Placed
Male,CSE,10.0,89.0,83.8,0,6.3,78.7,7,3,5,2,4,6,5,4.8,8,No,Medium,Tier 2,Yes,Medium,Placed
Male,CE,8.57,85.8,77.9,0,2.4,69.7,7,4,5,4,4,3,4,8.1,7,No,Medium,Tier 1,Yes,Medium,Placed
Female,CSE,8.46,80.5,71.2,1,7.1,81.1,4,2,3,1,4,3,3,8.3,6,Yes,Medium,Tier 2,Yes,Low,Placed
Female,CSE,7.65,69.8,66.3,0,4.0,67.5,8,0,5,1,4,6,1,7.7,5,No,Medium,Tier 2,Yes,Low,Placed
Male,ECE,9.0,78.2,81.1,0,6.0,82.3,8,1,5,3,5,6,1,5.1,9,No,Low,Tier 1,Yes,,Placed
Female,CSE,8.0,78.2,67.3,1,2.8,64.5,8,1,5,4,5,5,0,7.8,3,No,Low,Tier 3,Yes,Low,Placed
Male,ME,8.73,78.5,60.9,0,10.0,98.1,4,4,2,4,4,2,1,8.2,3,No,Medium,Tier 3,Yes,Medium,Placed
Male,ECE,8.0,70.0,77.5,0,4.4,76.4,2,3,2,3,5,1,1,6.3,1,No,Medium,Tier 3,Yes,Medium,Placed
Male,ECE,8.95,87.3,71.0,0,8.7,99.2,7,4,5,5,5,3,5,7.5,8,No,High,Tier 2,Yes,Medium,Placed
Male,ECE,8.6,77.7,74.8,1,4.0,67.9,8,2,5,3,5,5,3,6.6,2,No,Medium,Tier 3,Yes,Low,Placed
Male,CSE,9.68,88.9,87.2,0,3.4,69.7,6,2,4,1,5,3,3,8.1,3,No,Medium,Tier 3,Yes,Medium,Placed
Female,CSE,8.2,66.6,73.7,1,5.4,74.9,4,4,2,1,4,1,0,6.6,8,Yes,Low,Tier 2,Yes,Low,Not Placed
Female,IT,9.06,79.1,82.2,1,6.5,78.8,4,4,3,2,4,2,3,6.3,10,No,Low,Tier 3,Yes,High,Placed
Male,ECE,8.01,75.7,70.9,1,5.9,76.8,6,1,4,4,3,5,5,7.0,10,No,Medium,Tier 1,Yes,Low,Placed
Male,ECE,7.32,65.6,66.5,1,5.1,77.3,8,2,5,1,3,5,1,5.4,10,Yes,Low,Tier 3,Yes,Medium,Placed
Male,CSE,7.49,66.8,69.3,0,4.1,75.8,5,2,2,1,4,3,3,6.8,9,No,Medium,Tier 2,Yes,Medium,Placed
Male,ECE,5.0,50.0,51.8,0,5.7,81.1,1,0,1,4,3,0,6,7.4,8,No,Medium,Tier 2,No,High,Not Placed
Male,ME,8.51,81.0,73.7,0,4.9,80.2,8,4,5,5,4,5,3,8.0,7,No,Medium,Tier 1,Yes,Low,Placed
Male,ME,7.69,67.4,75.5,0,3.7,61.3,7,2,5,4,4,6,3,7.3,10,No,High,Tier 2,Yes,Low,Placed
Female,CE,8.14,74.4,71.9,0,3.7,78.5,8,1,5,1,4,6,5,5.3,3,No,Medium,Tier 2,Yes,Low,Placed
Male,CSE,8.56,83.9,79.9,1,6.9,78.7,7,4,5,4,5,4,1,8.6,1,No,Low,Tier 3,Yes,Low,Placed
Male,CSE,7.99,80.5,73.1,0,1.4,69.3,6,0,4,5,5,4,3,8.7,8,No,High,Tier 3,Yes,Medium,Placed
Male,IT,9.94,85.5,84.6,0,5.8,77.9,7,4,5,1,5,4,4,7.1,7,No,High,Tier 3,Yes,High,Placed
Male,IT,9.35,82.6,76.7,2,5.6,85.0,8,1,5,5,5,4,5,6.1,3,Yes,Low,Tier 2,Yes,,Not Placed
Male,CSE,7.97,74.7,73.8,0,8.5,93.7,7,2,5,2,4,6,4,6.4,9,No,Low,Tier 3,Yes,Medium,Placed
Female,ECE,9.01,77.7,75.3,0,0.0,65.3,2,4,2,5,4,0,3,6.8,10,No,Low,Tier 2,Yes,High,Placed
Male,CSE,9.91,94.2,84.3,0,0.9,71.0,5,1,4,1,5,5,4,7.3,7,No,Low,Tier 3,No,,Placed
Female,CSE,7.87,74.1,69.1,1,2.2,61.8,7,3,4,4,4,2,6,6.6,9,No,High,Tier 1,Yes,Low,Not Placed
Male,ECE,8.26,77.4,79.7,0,2.7,78.9,6,2,3,5,4,3,1,6.0,1,No,Medium,Tier 2,Yes,High,Placed
Male,CSE,9.67,86.0,93.7,0,5.9,76.5,8,4,5,4,5,6,6,8.2,3,No,Medium,Tier 3,Yes,High,Placed
Male,CE,8.42,76.2,68.8,0,1.3,60.2,8,2,5,1,5,5,3,7.3,10,Yes,High,Tier 3,Yes,Medium,Not Placed
Female,ECE,7.87,73.4,57.0,0,3.4,63.1,6,0,5,4,4,6,5,5.7,4,No,Medium,Tier 2,Yes,,Placed
Male,CSE,7.6,69.4,67.6,0,2.6,66.2,4,2,3,1,4,2,1,7.3,7,Yes,Medium,Tier 3,Yes,,Placed
Female,CSE,7.23,57.6,61.6,0,3.4,58.3,7,2,4,1,4,4,7,7.2,10,No,High,Tier 1,No,Medium,Placed
Male,IT,9.68,93.9,95.3,0,6.8,78.9,5,4,4,5,5,3,3,6.1,4,No,High,Tier 3,No,,Placed
Female,CSE,8.45,76.8,79.7,0,5.2,75.4,3,1,2,2,4,2,0,8.4,2,No,High,Tier 2,Yes,,Placed
Male,ME,8.38,75.5,71.3,0,2.8,71.2,2,0,2,3,5,1,1,7.2,2,No,Medium,Tier 1,Yes,Medium,Placed
Female,ECE,8.91,86.3,73.4,0,1.2,61.0,8,3,5,5,5,6,5,6.7,6,No,Medium,Tier 1,Yes,Medium,Placed
Male,ME,9.58,85.7,88.5,1,5.1,70.0,8,1,4,2,4,4,3,6.9,10,Yes,Low,Tier 1,Yes,High,Placed
Female,ECE,7.27,60.4,62.2,0,2.7,68.6,4,1,2,5,4,3,3,7.5,6,No,Medium,Tier 3,Yes,,Not Placed
Male,CSE,7.14,62.7,60.0,1,3.5,74.4,6,2,4,5,3,4,4,6.9,4,No,High,Tier 1,Yes,,Placed
Male,CSE,8.46,82.2,77.6,1,3.5,71.7,6,2,5,1,5,5,3,6.9,9,No,Low,Tier 2,Yes,High,Placed
Male,CSE,8.99,76.1,75.6,0,6.2,68.5,5,4,4,2,5,5,2,8.3,3,Yes,Medium,Tier 2,Yes,Medium,Placed
Female,ECE,8.82,69.9,80.6,0,3.3,73.6,7,3,4,3,5,2,1,5.3,8,No,Medium,Tier 2,Yes,High,Placed
Male,ME,6.57,56.2,61.2,0,3.2,76.8,2,1,2,4,4,3,2,5.5,9,No,Low,Tier 3,Yes,High,Not Placed
Female,CSE,7.89,73.3,64.3,1,2.2,71.4,5,0,3,1,4,4,2,7.9,4,Yes,Medium,Tier 2,Yes,High,Placed
Male,CSE,8.14,79.1,75.3,1,2.5,73.8,3,0,3,5,4,2,1,9.0,4,No,Low,Tier 2,No,Medium,Placed
Male,ECE,7.65,69.9,68.7,0,5.8,82.8,6,1,4,4,3,3,4,8.1,7,No,Medium,Tier 2,Yes,Low,Placed
Male,ME,8.74,76.8,68.5,0,4.0,72.0,7,1,5,5,5,5,2,9.0,10,Yes,Low,Tier 2,Yes,Medium,Placed
Female,IT,9.52,78.6,86.8,0,3.6,69.9,6,3,4,1,5,4,4,6.5,5,No,High,Tier 3,Yes,Medium,Placed
Female,ME,7.16,61.8,61.0,1,1.4,67.2,5,0,2,5,4,0,0,6.2,2,No,Low,Tier 2,Yes,Low,Placed
Female,ECE,8.76,69.3,77.0,0,1.9,67.1,5,3,4,1,4,3,4,7.5,8,No,Low,Tier 1,Yes,Medium,Placed
Male,ME,8.31,80.2,77.9,0,5.1,78.8,7,2,5,5,4,4,3,8.1,9,No,Low,Tier 3,Yes,,Placed
Female,IT,7.7,63.9,67.3,2,3.6,67.8,3,2,2,4,4,4,1,5.4,4,No,High,Tier 2,Yes,Medium,Not Placed
Female,IT,7.62,64.7,76.7,1,3.6,70.3,7,1,5,1,4,6,5,6.7,10,Yes,Medium,Tier 3,Yes,,Placed
Male,ECE,8.77,72.6,66.4,0,4.7,76.5,8,2,4,2,4,4,4,7.0,10,No,Medium,Tier 2,No,Low,Placed
Female,CSE,8.28,73.7,75.2,1,5.3,77.4,8,0,5,4,4,4,4,6.2,2,Yes,Medium,Tier 3,Yes,High,Placed
Female,CSE,7.84,72.0,66.5,0,5.4,67.3,6,1,4,1,4,3,4,6.3,4,No,Medium,Tier 1,No,,Placed
Female,ECE,9.18,88.1,79.2,0,3.4,77.8,5,3,4,1,5,5,2,8.0,1,No,Low,Tier 2,No,Medium,Placed
Female,CE,9.35,83.8,78.9,0,3.8,80.4,3,3,2,2,4,1,1,7.6,2,Yes,Medium,Tier 2,Yes,,Placed
Male,ECE,7.76,66.3,72.9,1,5.1,73.2,8,2,5,5,3,6,4,8.0,5,No,Low,Tier 3,No,High,Placed
Male,CSE,9.58,91.1,79.6,0,0.0,57.1,8,3,5,3,5,1,4,7.4,7,No,High,Tier 3,Yes,High,Placed
Female,CE,9.38,86.2,92.3,0,4.3,70.0,6,4,4,1,5,5,2,6.0,3,No,Medium,Tier 2,Yes,High,Placed
Male,IT,10.0,89.8,93.8,0,5.4,75.2,4,3,3,4,5,4,1,7.5,7,No,Medium,Tier 3,Yes,High,Placed
Female,CSE,9.41,82.6,81.2,1,2.6,67.5,8,2,5,5,5,5,2,5.9,7,No,Low,Tier 2,No,Medium,Placed
Female,ME,7.17,59.9,62.3,0,1.4,61.2,4,2,3,4,3,3,6,6.6,10,No,Medium,Tier 3,Yes,,Not Placed
Female,ECE,7.85,73.8,74.9,0,6.9,90.5,8,3,5,1,5,4,5,5.8,10,No,Low,Tier 3,Yes,Low,Placed
Female,IT,6.21,55.6,56.8,0,2.4,68.7,7,2,5,2,3,6,4,6.3,7,No,Low,Tier 1,Yes,Low,Placed
Male,IT,9.62,78.9,93.1,0,3.9,75.6,3,4,3,2,5,4,1,7.1,2,Yes,Low,Tier 3,No,Medium,Placed
Male,ECE,7.02,62.0,62.1,0,4.6,78.9,6,2,3,2,3,2,1,6.5,1,No,Medium,Tier 2,Yes,Medium,Placed
Male,ME,8.15,78.0,78.2,0,2.2,72.7,5,2,3,5,4,4,6,5.9,9,No,Medium,Tier 1,Yes,Low,Placed
Male,IT,6.74,72.0,64.1,0,0.8,65.9,8,2,4,2,4,4,5,8.4,7,Yes,Medium,Tier 1,Yes,,Placed
Male,ECE,8.12,71.8,76.5,0,4.6,73.1,4,0,2,5,5,0,0,6.9,10,Yes,Low,Tier 3,Yes,Low,Placed
Male,ECE,7.73,73.5,68.8,0,1.2,63.4,1,1,2,1,4,3,2,6.4,9,Yes,Medium,Tier 3,Yes,,Placed
Female,CE,10.0,88.0,92.4,0,5.3,80.2,6,4,4,1,5,3,4,5.7,8,No,Medium,Tier 3,Yes,Medium,Placed
Female,CSE,8.74,79.2,76.4,0,3.7,76.6,8,2,5,3,5,5,7,4.8,8,No,Low,Tier 3,Yes,Medium,Placed
Male,ECE,10.0,91.6,86.3,0,8.3,77.4,4,3,2,4,5,3,2,6.7,9,No,Low,Tier 3,Yes,Medium,Placed
Male,IT,8.52,83.7,77.5,1,4.3,79.7,7,3,5,1,4,6,2,5.3,6,No,High,Tier 1,Yes,,Placed
Female,CE,8.34,80.7,78.4,0,2.6,79.5,0,2,1,5,4,0,2,7.9,9,No,High,Tier 1,Yes,High,Placed
Male,ECE,7.4,69.7,66.7,0,5.6,74.5,5,2,4,5,3,4,3,7.0,8,No,High,Tier 1,Yes,,Placed
Male,CSE,8.25,70.2,67.4,0,6.2,78.7,6,2,4,5,4,3,1,8.9,3,No,High,Tier 1,Yes,Low,Placed
Male,ECE,6.62,62.1,58.1,1,1.3,69.4,5,1,3,2,4,2,2,7.3,4,No,Low,Tier 1,Yes,Medium,Not Placed
Male,CSE,8.34,82.6,76.4,0,4.9,68.7,6,1,3,4,4,4,2,6.1,7,No,Low,Tier 2,Yes,,Placed
Male,CSE,7.61,71.3,76.3,0,4.7,76.6,7,0,5,3,4,6,5,4.7,5,No,Medium,Tier 3,Yes,,Placed
Female,CE,8.38,78.9,79.8,0,5.9,79.7,2,3,2,4,4,1,0,8.0,4,Yes,Medium,Tier 3,Yes,,Placed
Male,CSE,6.47,59.0,63.8,1,1.9,57.4,7,1,5,4,2,4,6,5.4,10,Yes,High,Tier 2,Yes,Medium,Placed
Male,ECE,7.8,68.6,58.6,1,5.4,69.3,4,1,2,1,4,1,1,6.5,5,No,Medium,Tier 3,Yes,High,Not Placed
Male,ECE,8.64,80.4,86.8,0,4.8,84.8,4,2,2,2,5,1,6,9.0,5,No,Medium,Tier 2,Yes,Medium,Placed
Male,IT,6.22,55.0,58.4,1,3.5,72.7,8,1,4,1,3,3,2,7.7,8,No,Low,Tier 3,Yes,Medium,Placed
Female,ECE,10.0,82.2,84.2,0,9.3,89.3,7,3,5,2,5,6,5,7.5,6,No,High,Tier 2,No,Low,Placed
Female,CSE,9.45,91.8,78.8,0,1.6,72.9,6,3,5,3,5,6,4,8.1,5,No,High,Tier 1,Yes,,Placed
Female,CSE,10.0,93.3,86.7,0,3.5,78.6,7,4,5,1,5,6,4,8.1,2,Yes,Low,Tier 3,Yes,,Placed
Male,ME,7.24,55.3,60.9,0,2.2,60.5,8,0,5,2,4,5,5,8.9,5,No,High,Tier 2,Yes,High,Placed
Female,ME,7.82,58.1,71.8,1,4.7,71.7,4,1,4,2,3,5,2,6.3,8,No,Low,Tier 2,Yes,,Placed
Female,ECE,10.0,89.0,86.7,0,7.4,81.2,4,2,2,5,5,1,4,6.5,9,No,Low,Tier 2,Yes,High,Placed
Female,ECE,10.0,93.1,91.3,0,6.9,83.2,1,4,2,1,4,1,1,5.9,8,No,Medium,Tier 2,Yes,,Placed
Male,CSE,7.08,60.7,62.9,1,0.0,56.1,6,1,5,2,4,4,5,7.0,10,No,Medium,Tier 3,Yes,Medium,Placed
Male,ECE,7.75,65.3,74.8,0,7.2,92.6,4,3,3,5,3,3,6,6.8,4,Yes,Low,Tier 1,Yes,High,Placed
Male,ECE,9.75,87.0,87.3,0,3.0,58.9,3,4,2,5,5,2,3,4.9,10,Yes,Medium,Tier 3,Yes,Low,Placed
Female,CSE,7.44,66.2,58.7,1,2.6,59.8,6,1,5,5,4,3,4,6.2,5,No,High,Tier 1,Yes,Medium,Placed
Male,CSE,9.33,82.8,78.5,0,4.3,70.8,8,3,5,1,4,6,2,8.7,2,No,Medium,Tier 2,Yes,Low,Placed
Male,CSE,8.68,72.4,80.9,0,3.4,71.3,5,4,5,3,4,6,4,7.3,2,Yes,Medium,Tier 1,No,Low,Placed
Female,CSE,7.82,71.2,77.8,1,3.3,81.7,3,0,2,4,4,3,2,7.9,9,Yes,Low,Tier 3,Yes,Low,Not Placed
Female,ME,7.05,63.5,65.6,0,2.5,69.2,1,1,1,5,4,1,2,6.9,2,No,Low,Tier 1,Yes,High,Not Placed
Female,CSE,9.46,77.6,95.5,0,4.6,75.5,5,4,4,1,5,4,4,4.7,5,No,Low,Tier 2,Yes,Low,Placed
Male,CSE,6.81,63.7,51.4,0,6.4,83.7,4,1,3,2,4,3,1,6.8,9,No,Low,Tier 1,No,Low,Placed
Female,CSE,7.21,63.0,65.6,0,4.3,73.3,6,0,4,2,3,6,4,8.3,1,No,Low,Tier 1,Yes,High,Placed
Male,IT,8.1,68.9,65.2,2,3.8,70.5,7,2,4,4,3,2,4,5.6,10,No,Low,Tier 3,Yes,Low,Placed
Male,IT,7.41,67.6,69.9,0,5.2,73.1,7,1,5,1,4,6,4,7.9,2,No,Medium,Tier 1,Yes,Low,Placed
Male,CSE,8.79,77.6,85.6,0,6.5,79.6,8,2,5,2,4,6,3,5.0,10,No,Medium,Tier 1,Yes,High,Placed
Male,ECE,10.0,88.2,82.8,0,4.3,79.9,6,2,5,4,5,5,3,7.0,2,No,High,Tier 1,Yes,Low,Placed
Male,CSE,9.34,80.0,89.4,0,3.7,69.8,6,3,4,5,4,4,2,7.7,7,No,Low,Tier 2,Yes,Low,Placed
Female,ECE,10.0,91.3,99.4,0,5.3,75.3,4,4,2,4,5,2,1,6.6,3,No,Medium,Tier 2,Yes,High,Placed
Male,CSE,9.14,88.2,77.9,0,2.6,65.6,4,3,3,3,5,3,2,9.0,4,No,Low,Tier 1,Yes,Low,Placed
Female,ME,7.66,68.6,77.6,0,0.0,59.5,5,1,4,5,4,4,2,6.4,1,No,Medium,Tier 1,Yes,Low,Placed
Male,ECE,6.57,55.8,54.9,0,5.2,78.0,3,0,2,2,3,1,0,6.3,10,No,Low,Tier 2,No,Low,Not Placed
Male,IT,7.33,70.3,66.9,2,3.2,64.3,7,0,5,4,4,5,3,7.2,1,No,High,Tier 2,Yes,Medium,Not Placed
Male,CSE,8.65,78.2,90.8,0,2.9,72.5,8,4,5,1,4,5,3,6.1,10,No,Medium,Tier 3,Yes,,Placed
Male,IT,8.23,67.1,71.6,0,0.2,61.5,6,3,4,1,4,3,5,5.3,10,Yes,Medium,Tier 3,Yes,Low,Placed
Male,CE,7.15,65.4,62.9,0,2.5,70.9,2,2,2,2,3,2,2,5.7,10,No,Low,Tier 2,Yes,Low,Not Placed
Male,CSE,8.3,71.3,74.5,1,3.3,73.4,3,3,2,5,5,2,1,7.9,2,No,Medium,Tier 2,Yes,Low,Placed
Male,ECE,9.54,89.7,83.8,0,6.9,76.8,8,4,5,4,4,4,5,6.6,4,No,Medium,Tier 3,Yes,Medium,Placed
Male,CSE,8.68,68.4,87.3,0,7.5,80.7,7,1,5,3,5,5,2,9.0,3,Yes,Low,Tier 3,Yes,Low,Placed
Male,CSE,9.96,89.1,90.4,0,3.6,64.7,7,3,5,5,5,6,4,6.5,8,No,Medium,Tier 2,Yes,Medium,Placed
Female,CSE,8.76,84.4,88.2,0,5.1,72.6,7,4,5,3,4,5,1,7.9,8,Yes,High,Tier 3,Yes,Medium,Placed
Male,ME,8.73,76.8,83.6,0,1.7,63.6,5,3,3,4,4,4,2,7.6,7,No,Medium,Tier 3,Yes,Low,Placed
Female,ECE,8.08,72.1,67.0,1,4.2,81.2,3,1,2,1,4,2,1,6.5,10,Yes,High,Tier 2,Yes,Low,Not Placed
Female,IT,8.65,74.2,82.5,0,3.2,73.1,5,3,4,1,3,5,1,5.9,5,No,High,Tier 2,Yes,,Placed
Female,CSE,6.2,54.9,55.2,1,0.8,56.5,4,2,2,1,3,3,0,4.9,7,No,High,Tier 3,Yes,,Placed
Female,IT,8.95,73.5,80.9,0,6.3,73.0,4,3,3,1,5,2,3,7.7,1,No,Medium,Tier 1,Yes,Medium,Placed
Male,CSE,7.51,61.4,77.1,1,4.4,85.0,4,1,2,2,4,1,1,8.4,10,No,Medium,Tier 3,Yes,Medium,Placed
Female,CE,10.0,83.5,87.6,0,5.4,77.7,5,1,5,5,5,5,1,5.1,6,No,Medium,Tier 3,Yes,,Placed
Female,ECE,8.48,83.4,76.1,0,3.2,61.5,7,2,5,4,5,5,4,6.6,4,No,Medium,Tier 3,Yes,Medium,Placed
Male,CSE,7.78,62.6,78.3,0,0.0,56.2,7,0,5,5,4,4,4,6.2,1,No,High,Tier 2,Yes,High,Placed
Male,IT,8.29,70.6,73.9,0,1.1,55.6,7,2,5,2,5,3,4,7.7,7,No,Low,Tier 1,Yes,,Placed
Male,ECE,8.97,73.0,82.3,1,5.8,76.7,8,2,4,1,5,5,5,6.6,5,No,Medium,Tier 1,Yes,Low,Placed
Female,ME,8.61,85.1,76.0,0,3.5,71.3,6,2,4,5,4,3,2,8.6,1,No,Low,Tier 3,Yes,Medium,Placed
Female,ME,9.23,80.5,81.7,0,5.2,82.1,5,2,3,2,4,4,2,6.5,5,No,Low,Tier 3,Yes,,Placed
Male,ECE,8.14,66.1,70.1,0,3.2,63.2,6,0,3,4,4,2,3,5.5,10,No,Low,Tier 2,No,Medium,Placed
Male,ECE,8.23,70.3,67.5,0,4.2,69.7,5,4,3,5,5,4,4,6.4,10,No,Medium,Tier 1,Yes,High,Placed
Male,CE,9.75,83.0,84.5,0,4.0,73.7,7,4,5,3,5,3,2,6.6,8,No,Low,Tier 3,Yes,,Placed
Male,CSE,6.72,65.0,62.2,0,2.2,70.1,3,2,2,5,4,1,1,7.6,2,No,Medium,Tier 3,Yes,High,Placed
Female,ME,8.23,72.9,69.2,0,4.5,79.2,1,1,3,2,4,2,2,6.6,1,No,Medium,Tier 2,Yes,Low,Placed
Male,IT,8.64,71.9,76.6,0,7.1,72.1,8,4,5,3,4,6,1,7.5,2,No,Low,Tier 2,Yes,,Placed
Male,CSE,8.13,80.3,78.3,0,3.0,69.9,7,2,5,1,3,4,2,6.1,6,No,Low,Tier 3,Yes,Low,Placed
Male,CSE,7.6,71.2,68.8,0,0.7,64.6,5,1,4,3,4,3,2,6.6,5,No,Medium,Tier 3,Yes,,Placed
Female,CE,8.08,68.3,83.9,2,5.4,80.4,3,2,2,1,4,1,0,6.1,4,No,Medium,Tier 3,Yes,Medium,Placed
Male,ECE,9.03,83.2,84.4,0,1.3,63.7,8,3,5,1,5,6,5,6.0,8,No,High,Tier 1,Yes,,Placed
Female,ECE,7.18,56.9,55.3,1,2.0,68.5,6,2,3,1,3,3,3,8.5,5,No,High,Tier 2,Yes,Medium,Placed
Male,CSE,8.75,70.0,73.8,0,3.5,77.8,7,3,5,2,4,6,3,6.1,5,Yes,High,Tier 2,Yes,Low,Placed
Male,ECE,7.9,65.3,59.0,0,5.3,75.2,5,2,3,5,4,4,1,6.6,8,No,Medium,Tier 3,Yes,Low,Placed
Male,CSE,9.15,86.2,81.3,0,5.0,75.7,8,4,5,1,5,5,2,8.3,2,Yes,High,Tier 3,Yes,,Placed
Male,ECE,9.47,92.7,92.2,0,3.4,69.9,8,1,5,2,5,3,4,7.9,9,No,High,Tier 3,Yes,Low,Placed
Male,CE,5.08,50.0,50.0,1,1.4,62.5,5,0,3,5,2,2,2,9.0,2,No,High,Tier 2,Yes,,Not Placed
Female,CSE,8.26,74.5,70.7,0,9.4,81.6,8,2,5,1,5,5,3,7.6,8,No,Low,Tier 3,Yes,Medium,Placed
Female,ECE,7.4,75.1,74.8,0,4.4,71.5,3,1,3,1,5,5,4,6.3,9,No,High,Tier 2,Yes,,Placed
Female,IT,8.33,78.7,70.7,0,5.6,80.3,7,2,4,1,5,6,3,9.0,10,No,Medium,Tier 2,Yes,Medium,Placed
Male,ME,9.35,81.2,87.7,0,5.0,78.2,6,4,3,3,4,2,4,7.7,8,No,Medium,Tier 1,Yes,Low,Placed
Female,IT,10.0,94.6,86.3,0,7.0,80.6,7,4,5,2,5,5,4,6.8,9,No,Low,Tier 3,Yes,Medium,Placed
Male,ECE,9.04,85.8,83.5,0,1.9,65.7,7,1,5,1,4,5,6,7.1,4,No,Medium,Tier 3,Yes,Medium,Placed
Male,CE,8.52,72.5,74.3,0,4.7,65.2,2,3,2,4,5,2,1,7.2,2,No,Low,Tier 1,Yes,Low,Placed
Male,CSE,7.88,58.9,65.2,1,3.4,75.7,4,1,4,5,5,4,2,6.7,3,No,Low,Tier 1,Yes,Medium,Placed
Male,CSE,9.25,79.1,75.2,0,1.8,55.3,8,1,5,1,4,4,3,5.3,10,No,Low,Tier 3,Yes,Low,Placed
Female,CSE,7.4,65.4,69.1,2,6.6,73.2,6,2,4,4,3,4,2,9.0,5,No,High,Tier 2,Yes,High,Not Placed
Male,ECE,8.51,70.6,80.9,0,2.1,66.3,4,2,2,5,5,2,1,7.0,5,Yes,Low,Tier 3,Yes,Medium,Not Placed
Male,IT,9.81,86.4,91.1,0,5.0,77.9,5,2,3,1,5,3,3,7.2,4,Yes,Medium,Tier 1,Yes,Medium,Placed
Female,ECE,8.81,87.9,79.5,0,7.4,89.7,5,2,4,1,5,5,2,9.0,3,No,Low,Tier 1,Yes,High,Placed
Male,ME,8.92,82.4,72.1,0,7.3,86.8,7,2,5,5,5,5,2,6.2,10,No,Medium,Tier 2,Yes,High,Placed
Male,CE,6.18,50.0,56.1,0,2.2,70.2,8,0,5,1,3,4,1,7.8,10,No,Low,Tier 1,No,Medium,Placed
Male,ME,9.03,75.3,82.0,0,5.9,79.8,3,2,3,4,4,5,3,6.0,7,No,Low,Tier 1,Yes,,Placed
Female,ECE,8.51,81.2,86.7,0,5.2,61.9,7,2,4,5,5,4,2,7.4,8,No,Medium,Tier 1,Yes,Medium,Placed
Female,ME,8.59,76.5,75.0,0,1.6,67.1,8,3,5,2,5,5,3,7.2,5,No,Medium,Tier 1,Yes,Low,Placed
Male,ECE,7.29,67.8,63.7,0,0.3,66.3,1,0,1,1,3,1,1,7.9,8,No,Low,Tier 1,Yes,Medium,Not Placed
Male,CSE,7.16,66.2,65.6,0,4.0,64.5,7,1,5,4,4,5,1,8.4,9,No,Low,Tier 3,Yes,Medium,Placed
Male,IT,9.88,88.6,88.6,0,6.4,80.2,7,1,5,5,5,6,1,6.3,4,No,Low,Tier 1,Yes,Medium,Placed
Female,CSE,10.0,100.0,89.5,0,9.8,81.6,7,3,5,2,5,6,2,8.7,2,No,High,Tier 2,Yes,Medium,Placed
Male,CSE,8.88,77.7,74.1,0,2.8,72.3,7,2,5,4,5,6,3,8.8,5,No,Medium,Tier 3,Yes,Medium,Placed
Male,IT,8.99,74.4,83.0,0,4.4,68.4,8,3,5,4,4,6,6,6.7,2,No,Medium,Tier 2,Yes,,Placed
Male,ECE,5.43,50.0,50.0,1,1.9,77.6,5,0,3,3,3,3,5,7.0,10,No,Low,Tier 2,Yes,,Placed
Male,ME,10.0,89.9,83.5,0,7.2,85.9,8,3,5,2,5,4,2,6.4,2,No,Medium,Tier 3,Yes,Medium,Placed
Male,ECE,8.89,81.8,77.1,1,4.6,74.7,4,3,4,5,4,5,3,6.6,6,No,Low,Tier 3,Yes,Low,Placed
Female,ECE,9.48,83.1,79.3,0,4.9,74.9,4,3,2,5,5,0,1,5.6,10,Yes,Low,Tier 3,Yes,Medium,Placed
Male,CSE,6.66,57.9,59.6,0,4.3,76.9,8,3,5,1,3,5,4,7.9,10,No,Medium,Tier 2,No,,Placed
Male,ECE,8.78,85.5,86.2,0,2.3,70.3,5,2,2,1,4,3,1,4.5,3,No,Medium,Tier 3,Yes,,Placed
Female,ECE,9.37,89.1,80.6,0,5.8,78.9,6,1,3,5,5,4,2,6.2,2,No,Low,Tier 2,Yes,Medium,Placed
Female,CE,5.24,50.0,50.0,1,6.1,72.7,2,0,2,5,2,3,3,6.9,6,Yes,Medium,Tier 1,Yes,Medium,Not Placed
Male,ECE,8.52,78.5,76.8,0,6.6,83.7,6,4,4,2,4,3,1,8.6,10,No,High,Tier 3,Yes,Low,Placed
Male,IT,8.67,80.2,84.9,1,6.1,75.7,8,4,5,5,4,5,9,6.3,5,No,Medium,Tier 2,Yes,Low,Placed
Male,CSE,6.92,62.0,62.2,1,2.1,58.5,5,2,4,4,3,5,3,7.5,10,Yes,Medium,Tier 3,Yes,,Placed
Female,ECE,8.91,73.6,74.2,1,3.6,70.3,8,2,5,4,4,5,4,6.9,3,No,High,Tier 1,Yes,,Placed
Male,ME,8.82,67.7,92.1,1,4.9,72.8,3,3,2,4,5,1,6,8.1,5,No,High,Tier 2,Yes,,Placed
Female,IT,7.38,69.9,71.6,0,2.7,69.3,6,0,4,3,3,5,3,7.5,9,No,Medium,Tier 3,Yes,Medium,Placed
Female,CSE,7.67,67.1,57.1,1,1.7,63.8,8,2,5,2,4,5,4,8.0,3,Yes,Medium,Tier 1,Yes,High,Placed
Male,ME,6.16,62.4,56.8,1,3.4,67.3,1,0,1,5,3,0,1,6.3,6,No,Low,Tier 3,No,Low,Not Placed
Male,IT,8.58,70.3,82.6,1,4.3,75.4,8,2,5,1,4,4,1,5.8,10,No,Medium,Tier 3,Yes,,Placed
Male,CSE,9.68,89.3,87.3,0,10.0,92.7,7,4,5,3,5,5,3,7.4,4,Yes,Low,Tier 3,Yes,Medium,Placed
Male,IT,8.78,73.1,80.9,0,6.6,71.3,8,3,5,2,5,4,3,6.4,2,No,Low,Tier 2,Yes,High,Placed
Male,CSE,8.11,73.9,72.8,0,2.6,66.5,7,2,5,1,5,5,1,7.0,1,No,Medium,Tier 2,Yes,,Placed
Female,CE,9.14,79.2,80.0,0,2.5,68.4,3,2,2,4,5,1,1,7.4,1,No,Low,Tier 3,Yes,Low,Placed
Female,IT,8.36,65.5,68.9,0,1.9,61.3,7,2,5,3,4,6,1,8.5,4,No,Medium,Tier 3,Yes,,Placed
Male,ME,9.44,88.5,82.9,0,5.5,78.7,8,4,5,2,5,6,2,7.9,6,No,Medium,Tier 2,Yes,,Placed
Female,ECE,8.35,77.3,63.4,1,3.2,69.7,7,2,5,4,4,4,2,6.2,7,No,Medium,Tier 3,Yes,Medium,Placed
Male,CSE,8.96,83.1,89.6,0,3.7,70.2,6,4,5,2,4,4,2,5.6,10,No,Low,Tier 2,Yes,High,Placed
Male,IT,9.06,87.9,81.7,0,3.0,65.6,3,1,3,1,5,4,1,9.0,8,No,Low,Tier 3,Yes,Medium,Placed
Male,ECE,9.7,91.2,80.8,0,8.6,83.8,3,2,3,4,5,4,4,5.1,10,No,Medium,Tier 1,Yes,High,Placed
Female,CSE,8.36,73.3,75.4,0,6.6,85.1,8,2,5,5,4,4,6,6.5,1,No,High,Tier 1,Yes,Low,Placed
Female,ME,8.27,84.6,80.8,0,2.0,72.9,6,2,4,5,4,4,3,7.8,8,No,Low,Tier 2,No,High,Placed
Female,ECE,7.91,74.2,74.6,1,1.7,61.0,5,1,4,5,4,4,6,9.0,10,No,Low,Tier 2,Yes,Low,Placed
Male,CSE,8.42,70.8,70.6,1,6.4,78.3,4,1,3,4,5,2,3,6.8,1,No,High,Tier 3,No,,Not Placed
Male,CSE,7.74,68.2,67.8,0,2.1,61.5,7,2,5,2,4,6,2,7.0,3,No,Low,Tier 1,Yes,Medium,Placed
Male,CSE,8.57,73.9,81.5,0,6.6,79.4,8,4,4,5,4,4,2,5.9,7,No,High,Tier 3,No,Low,Placed
Male,ME,6.44,67.4,54.3,0,5.5,77.8,7,1,4,5,3,4,3,7.2,10,No,Medium,Tier 2,Yes,Low,Placed
Female,ME,8.15,78.1,75.2,0,2.2,66.9,7,1,5,3,3,6,3,5.6,10,No,Medium,Tier 2,Yes,Medium,Placed
Female,ECE,8.74,80.0,75.9,0,5.3,62.7,4,2,2,4,4,1,2,6.1,8,No,Medium,Tier 1,Yes,Low,Not Placed
Female,IT,9.43,82.9,84.5,0,4.8,80.5,8,4,5,3,5,6,7,7.9,9,Yes,Low,Tier 2,Yes,Medium,Placed
Male,IT,7.98,81.8,77.5,0,0.8,60.0,6,2,5,1,4,5,2,6.5,6,No,Medium,Tier 1,Yes,Low,Placed
Male,ME,9.88,95.1,85.7,0,4.0,65.9,3,3,2,3,5,3,3,8.1,4,No,High,Tier 1,Yes,Medium,Placed
Male,CSE,7.94,69.2,63.1,1,3.3,65.7,4,3,3,4,3,2,4,6.8,4,No,Medium,Tier 3,Yes,Low,Placed
Male,ME,7.66,69.4,80.3,0,4.7,79.4,7,2,5,3,4,6,4,5.4,10,No,Medium,Tier 1,Yes,Medium,Placed
Male,ECE,10.0,92.7,88.4,0,3.7,74.7,8,3,5,5,4,4,4,8.4,3,No,Medium,Tier 1,Yes,,Placed
Female,ME,7.62,64.7,70.3,1,4.8,74.2,3,1,2,3,3,2,1,5.4,10,No,Low,Tier 3,Yes,Medium,Placed
Female,ME,6.02,50.4,64.7,1,2.8,68.1,1,0,1,5,3,1,2,6.3,4,No,Medium,Tier 1,Yes,Medium,Not Placed
Male,ECE,9.72,97.6,90.2,0,3.8,65.0,5,4,3,1,5,2,4,6.8,10,No,Medium,Tier 2,Yes,,Placed
Male,IT,9.56,85.8,85.6,0,1.4,69.2,7,3,5,3,5,5,2,8.2,9,No,Medium,Tier 1,Yes,Low,Placed
Male,CSE,8.24,72.5,74.3,0,3.2,74.2,7,2,4,4,4,3,3,6.4,2,No,Medium,Tier 2,Yes,Low,Placed
Male,ME,7.91,75.3,80.9,0,3.2,76.1,3,2,2,3,4,1,2,5.9,10,No,Medium,Tier 2,Yes,Medium,Not Placed
Female,CSE,7.62,63.3,73.1,2,1.1,64.3,8,2,5,1,3,5,4,7.2,2,Yes,High,Tier 1,Yes,Medium,Placed
Male,IT,10.0,90.1,87.6,0,4.1,78.3,8,3,5,3,5,4,3,6.7,4,No,Medium,Tier 3,Yes,Low,Placed
Male,CSE,10.0,96.6,94.6,0,7.2,77.1,6,4,5,5,4,6,5,6.4,9,No,Low,Tier 3,Yes,Medium,Placed
Male,CSE,7.56,60.3,65.2,0,2.6,68.1,8,3,5,2,3,5,3,7.3,7,No,Medium,Tier 1,Yes,High,Placed
Female,ECE,8.57,73.8,78.5,1,6.3,83.5,5,4,4,4,4,4,2,5.6,10,No,Medium,Tier 3,Yes,,Placed
Male,ECE,9.93,88.2,92.9,0,4.6,77.5,5,4,4,1,5,5,2,4.9,10,No,Medium,Tier 1,Yes,Low,Placed
Male,CSE,9.73,83.8,84.0,0,0.1,68.4,7,1,4,4,4,3,2,9.0,10,No,High,Tier 1,Yes,Medium,Placed
Male,ME,9.36,90.0,81.9,0,8.9,83.6,6,1,4,3,5,4,5,7.1,9,No,Medium,Tier 1,Yes,Medium,Placed
Female,ECE,8.52,82.9,74.0,1,2.2,70.9,2,1,3,5,4,3,1,7.2,9,No,Medium,Tier 2,Yes,,Placed
Female,CSE,8.31,77.1,68.7,1,4.0,66.0,1,3,2,2,4,4,7,6.1,7,No,Medium,Tier 2,Yes,Low,Placed
Male,ECE,7.95,71.1,71.9,0,4.8,65.3,8,3,5,2,4,5,3,8.1,8,No,Low,Tier 2,Yes,,Placed
Female,IT,9.23,91.0,82.7,0,3.9,73.6,6,4,4,5,4,5,4,6.4,2,No,Low,Tier 3,Yes,Medium,Placed
Female,ME,9.97,87.7,91.2,0,5.6,85.7,6,4,4,3,5,5,4,4.0,10,Yes,High,Tier 3,Yes,Medium,Placed
Female,CE,8.14,73.9,75.2,0,6.5,86.9,4,3,3,5,5,1,1,6.3,2,No,Medium,Tier 2,Yes,,Placed
Female,ME,8.31,76.0,72.2,0,2.2,62.3,6,2,5,4,4,3,6,6.7,8,No,Low,Tier 3,Yes,Low,Placed
Female,ECE,8.78,76.7,83.2,0,3.6,70.8,8,2,5,4,4,5,5,6.8,2,No,Low,Tier 3,Yes,Low,Placed
Male,CSE,6.79,60.1,61.7,0,2.7,62.5,4,0,2,3,4,2,2,6.8,9,Yes,Medium,Tier 1,Yes,High,Placed
Female,CSE,8.42,70.3,68.5,0,2.6,68.5,5,2,2,5,5,2,2,6.2,3,No,Medium,Tier 2,Yes,,Placed
Male,IT,8.51,82.3,78.3,0,4.2,75.8,7,2,5,5,4,4,4,6.1,2,No,High,Tier 2,Yes,Medium,Placed
Female,IT,8.34,65.2,71.8,2,6.0,76.1,7,0,5,1,4,6,5,6.6,6,No,Low,Tier 2,Yes,Medium,Placed
Male,ECE,9.21,83.2,69.4,0,0.8,63.6,4,3,3,2,4,3,2,5.0,8,No,High,Tier 2,Yes,High,Placed
Female,CSE,8.08,69.1,81.8,1,3.7,67.7,4,2,3,1,5,4,5,4.7,3,No,Medium,Tier 2,Yes,Medium,Placed
Female,CSE,7.29,64.8,56.1,0,2.3,63.9,8,0,5,3,3,6,6,7.1,7,No,Medium,Tier 2,Yes,Low,Placed
Male,ECE,9.63,76.7,82.0,0,5.3,71.2,7,4,5,2,5,6,2,7.1,1,No,Medium,Tier 2,Yes,High,Placed
Female,ME,9.1,87.3,80.6,0,5.1,70.9,3,2,2,3,5,3,1,8.1,4,No,Low,Tier 2,Yes,Medium,Placed
Male,CSE,8.86,78.0,80.5,0,6.0,86.8,8,3,5,5,5,4,1,6.7,6,No,High,Tier 1,Yes,Medium,Placed
Female,IT,8.16,76.4,74.4,1,1.5,67.2,3,1,3,1,3,4,3,5.6,10,No,Low,Tier 2,No,,Placed
Male,ECE,8.16,73.5,71.7,0,4.7,65.0,8,4,5,3,4,6,2,4.7,10,Yes,Low,Tier 2,Yes,,Placed
Male,IT,7.5,66.5,59.3,0,3.8,73.6,4,3,3,1,4,3,1,5.9,10,No,High,Tier 2,No,Medium,Placed
Female,CE,7.22,67.0,67.2,0,0.7,64.6,3,0,1,5,4,2,1,7.5,7,No,Medium,Tier 3,Yes,High,Not Placed
Male,CE,9.03,75.3,76.0,0,1.0,72.2,7,2,3,3,5,2,2,8.7,5,No,High,Tier 2,Yes,Medium,Placed
Female,ME,9.79,88.2,90.9,0,3.1,63.3,8,2,5,5,5,6,2,7.1,6,No,Medium,Tier 1,Yes,High,Placed
Male,ME,10.0,82.9,92.9,0,4.0,74.9,8,3,5,3,5,6,5,5.5,10,No,Medium,Tier 2,Yes,Medium,Placed
Male,ME,9.52,80.5,85.9,0,6.4,78.7,8,3,5,5,4,5,3,5.9,5,No,High,Tier 3,Yes,Low,Placed
Male,ME,10.0,87.3,84.7,0,3.4,71.5,3,4,2,2,4,2,3,6.0,6,No,Low,Tier 3,Yes,Medium,Placed
Male,ME,8.03,68.5,69.9,0,4.7,77.5,4,2,2,2,4,1,0,6.5,4,No,High,Tier 2,Yes,Medium,Placed
Male,IT,7.85,71.6,79.8,1,4.2,61.7,3,1,2,3,3,2,1,8.3,3,No,Low,Tier 1,Yes,Medium,Not Placed
Male,CE,6.84,54.7,60.8,0,2.1,69.0,3,0,1,3,4,0,1,8.4,3,No,High,Tier 2,No,High,Not Placed
Male,CE,8.39,78.7,67.7,0,3.0,71.8,3,1,2,2,5,4,4,6.8,5,Yes,Low,Tier 2,Yes,Low,Placed
Male,IT,8.18,84.5,77.0,0,4.1,73.6,8,1,5,3,4,5,2,7.2,6,No,Medium,Tier 3,Yes,,Placed
Female,CSE,10.0,95.1,86.5,0,1.5,59.2,6,2,4,1,5,5,3,6.0,1,No,High,Tier 2,Yes,High,Placed
Female,CSE,8.26,76.5,80.3,0,5.2,74.9,4,2,2,4,4,0,1,4.9,4,No,Medium,Tier 2,Yes,,Placed
Male,ECE,8.81,76.5,67.5,0,6.9,87.8,5,4,4,4,4,4,6,9.0,4,No,Medium,Tier 2,Yes,Medium,Placed
Female,ECE,9.46,86.0,86.6,1,7.2,81.4,8,2,5,2,5,4,2,4.2,10,No,High,Tier 2,Yes,High,Placed
Male,IT,9.5,88.3,95.4,0,5.4,80.2,7,1,5,1,5,6,4,4.8,10,No,Medium,Tier 3,Yes,Low,Placed
Female,ECE,9.08,87.3,85.6,0,4.7,76.7,6,2,4,4,5,5,2,9.0,9,Yes,High,Tier 2,Yes,High,Placed
Female,ME,8.51,85.1,80.0,1,0.3,66.6,6,2,5,5,4,2,4,7.0,10,No,Medium,Tier 3,Yes,Low,Placed
Female,ECE,8.71,75.3,74.4,0,2.0,74.2,5,2,3,1,5,4,0,5.6,10,No,Low,Tier 2,Yes,Medium,Placed
Male,CSE,10.0,82.3,84.9,0,1.2,53.3,5,2,5,1,5,6,5,7.8,7,No,Low,Tier 1,Yes,,Placed
Female,ME,6.53,61.2,56.3,1,3.0,65.7,5,1,3,2,3,2,3,7.9,6,No,Low,Tier 2,Yes,Medium,Placed
Male,IT,7.85,69.9,73.4,0,5.5,76.7,4,2,4,4,4,4,3,5.4,9,No,Low,Tier 1,Yes,Medium,Placed
Female,CSE,10.0,85.1,88.8,0,4.5,84.1,6,3,4,5,5,4,2,6.4,6,No,Medium,Tier 1,Yes,Low,Placed
Male,ME,8.72,75.5,70.5,0,4.7,79.6,7,4,5,3,5,5,5,8.1,3,No,Low,Tier 2,Yes,Medium,Placed
Female,ME,9.31,78.7,87.2,0,4.9,77.4,7,2,5,3,4,5,3,6.0,6,No,Low,Tier 3,Yes,High,Placed
Female,CSE,5.76,52.7,52.1,0,2.5,70.3,8,1,5,2,3,6,3,7.3,7,No,Low,Tier 2,Yes,Medium,Placed
Female,CSE,7.74,79.6,71.6,1,3.5,65.7,5,2,3,1,4,3,0,8.7,6,No,High,Tier 1,Yes,High,Placed
Male,IT,6.58,59.6,57.4,1,4.4,76.0,7,0,5,5,3,6,3,4.1,5,Yes,Medium,Tier 2,Yes,Low,Not Placed
Female,ECE,8.02,70.5,72.5,1,6.2,70.8,8,1,5,3,5,6,3,6.6,7,Yes,Medium,Tier 2,Yes,Medium,Placed
Male,CSE,8.26,79.9,77.2,0,3.7,71.9,6,2,5,3,4,5,3,7.3,2,No,High,Tier 3,Yes,Low,Placed
Female,CSE,8.69,79.8,76.0,0,3.5,73.0,2,1,3,2,5,3,3,4.8,3,No,Low,Tier 2,Yes,High,Placed
Male,ME,9.09,84.7,77.2,0,1.2,68.2,6,3,3,1,5,1,2,6.4,10,Yes,High,Tier 3,Yes,,Placed
Male,ME,8.77,88.7,72.0,0,2.4,59.8,8,3,5,3,5,5,4,8.3,10,No,Medium,Tier 1,Yes,Low,Placed
Male,ME,8.89,71.1,79.7,1,4.5,71.8,7,2,4,5,4,4,3,6.2,10,No,Low,Tier 3,Yes,Low,Placed
Male,CSE,7.77,63.2,70.9,1,3.7,64.9,6,3,4,3,4,6,4,5.2,7,No,Medium,Tier 3,Yes,Low,Placed
Male,IT,6.96,61.2,66.9,1,1.1,70.0,3,2,2,2,3,2,5,8.4,4,No,Medium,Tier 3,Yes,High,Not Placed
Male,ECE,7.7,76.1,73.0,1,1.0,71.7,7,2,5,4,4,4,5,7.5,9,No,Medium,Tier 1,Yes,Low,Placed
Male,ECE,7.05,62.4,63.4,0,1.9,70.3,6,1,3,3,4,4,2,6.9,10,Yes,High,Tier 2,Yes,High,Placed
Female,ECE,7.18,68.6,65.6,2,3.4,64.0,7,0,5,2,4,6,4,6.9,10,Yes,Low,Tier 2,Yes,Low,Placed
Female,ECE,7.06,56.9,72.2,0,5.9,77.6,5,0,3,3,3,2,5,8.2,3,No,Low,Tier 1,No,High,Placed
Male,IT,8.34,79.1,78.3,1,4.5,76.3,5,0,3,1,4,2,1,7.4,10,No,Low,Tier 2,Yes,Medium,Not Placed
Male,IT,8.45,76.6,77.3,0,2.1,67.7,8,2,5,2,4,4,0,7.8,3,No,Low,Tier 3,Yes,Low,Placed
Male,ECE,9.51,81.9,80.7,0,2.6,70.5,8,4,4,4,5,2,1,6.2,3,No,Low,Tier 2,Yes,Low,Placed
Male,IT,9.48,91.9,82.9,0,5.0,76.1,4,4,4,3,5,6,4,4.7,10,No,High,Tier 3,Yes,Low,Placed
Female,CE,9.21,87.1,75.1,0,4.7,75.5,7,4,5,3,4,5,6,7.7,5,No,Low,Tier 1,Yes,Low,Placed
Female,IT,10.0,90.6,91.4,0,2.6,62.8,5,4,3,1,5,3,1,8.3,6,No,Medium,Tier 3,Yes,Low,Placed
Male,CSE,7.11,63.3,60.2,1,0.0,64.3,8,2,5,2,4,6,1,6.7,7,Yes,Medium,Tier 2,Yes,,Placed
Male,ME,7.94,63.8,66.2,0,4.6,65.0,4,4,2,2,4,2,5,8.1,3,No,High,Tier 2,No,Low,Placed
Male,CSE,8.25,72.2,75.9,2,3.3,74.5,5,2,4,3,4,3,1,6.6,2,No,High,Tier 3,Yes,Medium,Not Placed
Female,IT,8.64,70.7,83.0,0,7.5,70.8,5,3,3,3,4,4,5,6.9,6,No,Medium,Tier 1,Yes,Low,Placed
Female,CSE,6.85,61.9,58.3,1,3.3,75.9,6,0,5,4,4,5,1,9.0,4,No,High,Tier 3,Yes,Medium,Not Placed
Male,ME,7.62,70.4,66.9,0,4.0,72.1,1,1,1,3,5,1,1,6.7,9,No,Medium,Tier 2,Yes,High,Not Placed
Male,ECE,8.92,83.2,78.7,0,3.6,68.9,8,2,5,2,4,5,2,6.6,2,No,High,Tier 1,Yes,Low,Placed
Female,ECE,9.48,85.7,92.4,0,4.9,80.6,4,1,3,2,5,3,2,4.8,7,Yes,Medium,Tier 3,Yes,Low,Placed
Female,ME,7.47,75.2,61.4,0,4.8,78.1,3,2,1,4,4,1,2,7.8,2,No,Low,Tier 2,Yes,,Placed
Male,IT,6.89,55.0,50.0,1,1.8,63.1,2,0,2,3,4,1,0,6.1,5,No,Medium,Tier 3,Yes,Low,Not Placed
Male,ME,7.13,64.3,66.2,0,1.3,71.7,5,3,3,5,4,3,1,7.2,4,Yes,Medium,Tier 2,Yes,Medium,Placed
Male,IT,9.23,89.3,70.0,1,6.2,78.6,8,1,5,1,5,6,0,6.6,5,Yes,Medium,Tier 3,Yes,Low,Placed
Male,CSE,7.15,67.5,59.2,1,3.1,69.4,5,3,4,5,4,4,2,6.5,9,No,Low,Tier 2,Yes,,Placed
Male,ECE,6.98,60.0,72.6,1,5.1,76.9,5,2,3,2,4,3,4,6.9,10,No,Medium,Tier 1,Yes,Low,Placed
Male,ECE,6.94,66.1,62.1,1,3.3,71.4,8,2,4,3,3,2,2,7.0,5,No,High,Tier 2,Yes,High,Placed
Male,CSE,7.52,65.3,69.5,1,0.3,61.7,4,0,2,4,4,1,1,8.4,9,No,Low,Tier 1,Yes,Medium,Not Placed
Male,ME,8.96,81.0,85.0,0,6.8,84.8,3,3,3,3,5,3,4,8.8,5,No,Medium,Tier 2,Yes,High,Placed
Female,ME,9.3,87.0,76.3,0,5.6,75.4,5,2,3,4,4,4,0,7.8,10,No,Medium,Tier 1,Yes,High,Placed
Male,ME,9.18,75.3,83.9,0,5.1,79.9,8,2,5,4,5,5,3,8.5,9,No,High,Tier 1,Yes,,Placed
Male,CE,9.14,87.4,73.3,0,2.1,61.6,7,3,5,4,4,6,0,8.0,8,No,High,Tier 1,Yes,,Placed
Male,ME,8.87,84.1,76.0,0,5.4,76.8,5,2,3,2,4,4,3,7.6,1,No,Medium,Tier 2,Yes,Low,Placed
Male,CSE,7.86,61.8,70.3,0,4.5,75.4,4,0,3,3,3,3,1,8.7,3,No,Medium,Tier 2,Yes,Medium,Placed
Female,CSE,7.89,54.1,66.3,0,2.6,64.4,7,3,5,4,3,5,4,5.4,8,Yes,Low,Tier 2,No,Medium,Placed
Male,ME,7.13,53.7,63.5,0,3.5,69.5,6,1,4,2,3,5,1,6.2,3,No,Medium,Tier 1,Yes,,Placed
Male,CSE,8.62,77.8,81.7,0,3.9,74.9,8,3,5,3,4,6,2,6.0,10,No,Medium,Tier 2,Yes,,Placed
Female,CSE,8.84,88.8,75.4,0,2.8,64.2,6,1,3,3,4,4,2,6.6,1,No,High,Tier 3,Yes,,Placed
Male,ECE,9.91,93.4,91.8,0,4.6,77.6,3,4,2,2,5,2,1,7.8,3,Yes,Medium,Tier 2,Yes,High,Placed
Female,ME,9.61,92.2,81.4,0,5.7,79.8,7,3,5,1,5,5,1,5.7,5,Yes,Low,Tier 3,Yes,High,Placed
Male,ECE,8.88,84.4,85.7,0,3.1,68.8,8,4,5,2,4,6,2,7.6,5,Yes,Medium,Tier 2,Yes,,Placed
Male,CE,6.21,58.0,59.4,1,3.8,69.3,1,1,1,2,3,1,2,6.3,6,No,Medium,Tier 3,No,Low,Not Placed
Male,ME,8.11,62.1,76.4,0,3.8,67.1,2,3,1,5,3,1,0,6.6,2,No,Low,Tier 1,Yes,,Placed
Male,ECE,9.3,89.7,88.0,0,5.7,85.9,2,2,2,4,4,1,2,7.2,6,No,Low,Tier 1,Yes,High,Placed
Female,CE,10.0,87.1,100.0,0,4.4,71.2,4,1,3,4,5,3,3,9.0,1,No,Low,Tier 3,Yes,High,Placed
Female,ME,9.21,77.4,84.1,1,6.1,71.2,8,3,5,2,5,4,2,6.1,9,Yes,High,Tier 3,Yes,Low,Placed
Male,ME,7.02,61.3,58.7,0,2.7,62.2,3,2,3,4,3,1,2,6.9,3,No,Low,Tier 1,Yes,Low,Placed
Male,ME,9.81,92.5,91.3,0,4.0,73.3,4,2,3,2,5,4,2,5.7,10,Yes,Low,Tier 2,Yes,Low,Not Placed
Female,CSE,8.78,79.2,79.9,0,5.2,72.6,6,4,5,2,4,6,4,6.1,3,No,High,Tier 2,Yes,Medium,Placed
Female,ME,9.21,83.6,84.0,1,5.4,69.0,8,1,5,3,4,4,1,5.7,3,No,Medium,Tier 2,Yes,Medium,Placed
Male,ECE,9.0,80.9,82.6,0,3.2,64.9,5,1,3,1,5,4,0,7.3,4,No,Low,Tier 3,Yes,Medium,Placed
Male,IT,7.92,78.1,62.9,0,3.9,77.1,3,2,3,3,4,3,1,7.5,3,No,Low,Tier 1,Yes,High,Placed
Male,IT,7.23,56.4,60.5,1,2.4,71.8,7,1,5,1,4,6,6,7.8,9,Yes,Low,Tier 2,Yes,,Placed
Female,ME,8.28,74.5,67.5,1,0.1,53.0,4,2,4,2,4,1,2,6.1,1,No,Low,Tier 1,Yes,Medium,Placed
Male,CSE,7.38,69.6,77.9,2,3.4,59.3,8,2,5,2,3,6,1,7.6,9,No,Low,Tier 2,Yes,Low,Not Placed
Male,CSE,7.62,69.7,78.3,0,3.4,78.1,8,2,5,4,3,4,3,7.1,9,No,Medium,Tier 1,Yes,Low,Placed
Female,ECE,7.91,78.2,83.2,0,3.2,62.9,7,2,4,4,4,3,6,6.9,7,Yes,Low,Tier 3,Yes,Medium,Placed
Male,ECE,5.67,52.1,59.8,0,1.8,62.8,4,0,2,3,3,3,1,5.5,8,Yes,Medium,Tier 2,No,High,Placed
Male,CSE,9.31,82.0,83.3,0,5.1,75.3,8,2,5,2,4,6,3,7.2,5,No,High,Tier 3,Yes,Medium,Placed
Male,ECE,9.44,81.7,79.3,0,5.4,68.1,5,4,4,3,5,4,1,7.2,6,No,Medium,Tier 1,No,Medium,Placed
Male,CSE,8.9,72.1,80.5,0,3.9,73.2,8,3,5,1,5,5,2,7.1,7,No,High,Tier 1,Yes,Medium,Placed
Male,IT,6.1,51.7,64.2,0,2.4,60.4,7,0,4,2,3,4,1,7.5,8,No,Medium,Tier 1,Yes,Low,Placed
Male,CSE,8.77,72.8,80.4,0,2.8,65.5,8,2,5,4,4,5,8,7.8,4,Yes,Medium,Tier 2,Yes,Medium,Placed
Male,IT,9.24,82.6,83.6,1,3.9,82.1,4,2,3,5,5,1,1,5.7,10,No,Medium,Tier 3,Yes,Medium,Not Placed
Male,IT,8.43,66.4,76.6,1,5.7,75.5,8,4,5,2,4,5,3,6.7,1,No,Low,Tier 2,Yes,Medium,Placed
Female,ECE,8.34,75.5,75.5,0,1.3,63.4,7,1,3,3,4,4,5,7.6,6,Yes,Low,Tier 1,Yes,Medium,Placed
Female,CE,9.03,79.2,81.1,0,2.9,62.0,8,3,5,4,4,5,1,6.7,1,No,Medium,Tier 1,Yes,Medium,Placed
Male,ECE,7.42,72.8,65.0,0,4.3,60.7,6,2,3,1,3,1,1,8.2,3,Yes,Medium,Tier 1,No,High,Placed
Male,ME,7.26,68.2,72.1,0,5.5,81.6,1,0,1,1,5,1,0,7.1,8,No,Medium,Tier 3,No,Low,Placed
Male,ECE,5.95,59.5,50.0,0,1.4,68.7,6,0,5,1,3,4,3,4.7,5,No,High,Tier 2,Yes,High,Placed
Male,ECE,7.45,67.3,67.9,0,2.5,69.3,4,1,3,4,4,3,3,8.0,10,No,Medium,Tier 3,Yes,High,Not Placed
Male,ME,6.99,67.6,60.8,1,0.0,59.7,3,1,2,3,3,1,1,6.9,4,No,Medium,Tier 2,Yes,Low,Placed
Female,ECE,8.3,75.0,69.1,0,6.6,80.8,8,1,5,2,4,5,1,4.9,8,No,Medium,Tier 1,Yes,Medium,Placed
Male,ME,8.8,74.9,76.3,0,1.8,73.1,8,2,5,4,5,5,2,6.7,9,Yes,High,Tier 1,Yes,,Placed
Male,CSE,9.4,82.1,80.1,0,5.0,78.9,7,3,5,5,4,5,3,5.5,3,No,High,Tier 3,Yes,,Placed
Male,ECE,7.89,73.8,64.9,0,6.9,84.7,4,3,3,2,3,4,3,7.9,2,No,High,Tier 3,Yes,Medium,Placed
Female,CSE,8.42,78.2,77.4,0,6.8,81.0,2,2,2,4,4,1,3,7.0,7,Yes,Low,Tier 2,Yes,High,Placed
Male,CSE,7.69,70.4,76.4,1,0.4,54.9,4,0,3,2,3,2,3,5.9,10,No,Medium,Tier 1,Yes,,Not Placed
Female,CSE,6.03,54.7,50.0,0,6.0,74.7,7,1,4,3,3,3,5,8.0,8,No,Low,Tier 1,Yes,High,Placed
Male,CSE,8.67,79.2,75.5,0,5.6,60.3,4,2,3,5,4,2,2,7.6,4,Yes,Low,Tier 1,Yes,Medium,Placed
Female,CSE,8.48,72.1,75.0,1,5.9,75.8,7,2,4,2,5,2,2,6.7,4,No,High,Tier 1,Yes,High,Placed
Female,IT,7.24,65.9,66.4,0,0.0,54.4,5,2,5,5,4,5,4,5.5,10,No,Low,Tier 1,Yes,High,Placed
Male,CSE,8.55,75.3,78.3,1,2.8,78.3,8,2,5,3,4,5,2,6.0,4,No,High,Tier 2,Yes,High,Placed
Male,ME,6.71,59.5,63.6,2,0.6,62.8,7,2,5,2,3,4,3,6.0,5,Yes,Low,Tier 1,Yes,Medium,Placed
Male,CSE,8.94,70.9,74.6,0,3.0,78.3,5,3,5,5,5,6,7,7.9,2,No,High,Tier 1,Yes,High,Placed
Male,IT,8.58,79.2,69.1,0,5.6,71.9,6,2,5,1,5,5,4,5.0,8,No,Low,Tier 3,Yes,,Placed
Female,ECE,10.0,83.2,85.4,0,7.9,89.6,7,2,5,2,5,5,3,6.9,8,No,Medium,Tier 2,Yes,Low,Placed
Female,ECE,8.45,69.4,72.6,0,5.7,79.3,4,2,2,5,3,2,1,6.7,9,No,Low,Tier 3,Yes,Low,Placed
Female,ECE,10.0,92.0,87.7,0,4.8,79.5,8,3,5,3,5,6,4,8.2,1,No,Medium,Tier 2,Yes,Medium,Placed
Female,ECE,9.98,81.5,84.4,0,3.0,67.8,8,4,5,1,5,5,4,7.3,1,No,Medium,Tier 2,Yes,,Placed
Male,ME,8.04,76.2,72.2,0,2.9,68.1,4,4,3,3,4,4,1,7.6,9,No,Medium,Tier 1,No,,Placed
Male,CSE,8.45,72.2,77.8,1,4.8,77.2,6,1,4,4,4,3,0,6.4,4,No,Low,Tier 2,Yes,High,Placed
Female,IT,7.41,69.5,70.8,0,3.8,72.2,8,0,5,4,4,6,0,5.5,9,No,Low,Tier 1,Yes,Medium,Placed
Male,ECE,8.59,70.6,73.2,1,5.1,72.9,8,3,5,3,5,6,4,6.6,2,No,Low,Tier 1,No,High,Placed
Female,ECE,9.55,83.4,86.3,0,3.7,64.3,4,4,2,5,4,2,2,7.9,10,No,Medium,Tier 3,No,,Placed
Male,CE,9.39,88.3,89.4,0,6.9,88.2,6,4,3,4,4,2,2,7.9,1,No,High,Tier 2,Yes,Low,Placed
Male,ECE,8.94,79.3,71.9,0,6.0,69.2,8,2,5,3,4,5,2,6.5,7,No,High,Tier 3,Yes,Low,Placed
Female,IT,9.6,81.7,83.2,0,2.3,68.8,7,3,5,2,5,6,6,6.0,6,No,Low,Tier 2,Yes,,Placed
Male,ECE,10.0,92.3,83.4,0,5.5,77.0,6,4,5,1,5,6,3,5.7,5,No,Medium,Tier 2,Yes,Low,Placed
Female,CE,8.22,61.3,75.4,0,4.5,60.5,5,3,4,4,4,5,0,6.8,10,No,Medium,Tier 2,Yes,Low,Placed
Female,CSE,8.68,83.8,87.2,0,2.6,68.9,8,2,5,2,4,5,3,7.2,4,No,Low,Tier 3,Yes,,Placed
Female,IT,8.4,70.0,72.2,0,8.1,84.3,1,4,2,4,4,2,1,8.8,2,Yes,Medium,Tier 2,Yes,Medium,Placed
Female,CE,8.63,85.2,84.3,0,4.6,74.2,4,3,2,1,5,3,2,7.1,7,No,Medium,Tier 3,Yes,Low,Placed
Male,CSE,8.49,80.0,81.4,0,4.7,76.7,5,3,3,2,5,3,4,7.7,9,No,Low,Tier 1,No,,Placed
Female,CSE,8.8,77.7,79.5,0,5.6,69.3,7,3,4,4,4,4,4,6.1,1,No,Low,Tier 3,Yes,Medium,Placed
Male,ECE,8.1,75.1,70.9,1,5.1,79.0,6,2,4,1,4,5,3,7.1,2,No,Low,Tier 2,Yes,Medium,Not Placed
Male,IT,7.67,59.9,66.4,0,6.0,74.1,3,2,2,3,4,2,2,7.2,2,No,Medium,Tier 1,No,High,Placed
Female,CSE,8.93,76.4,88.9,1,1.6,62.7,5,3,4,5,4,6,4,6.8,6,No,Low,Tier 2,Yes,Low,Placed
Male,ECE,9.22,80.5,79.3,0,6.8,80.1,7,4,5,5,5,5,6,7.0,6,Yes,Low,Tier 2,Yes,High,Placed
Male,CSE,8.57,78.9,79.3,0,4.8,80.8,6,3,4,3,5,3,3,7.2,6,No,Medium,Tier 1,Yes,High,Placed
Male,ECE,7.38,66.2,62.5,0,4.5,72.9,2,1,1,4,3,1,3,7.6,1,No,Low,Tier 1,Yes,Medium,Placed
Male,ME,8.16,71.9,65.4,0,2.5,63.0,7,1,5,5,4,6,5,8.4,6,No,Low,Tier 2,Yes,Low,Placed
Female,IT,7.51,65.2,63.4,1,2.2,73.0,6,2,4,4,4,2,2,4.3,8,No,High,Tier 2,Yes,,Placed
Male,ECE,6.64,58.8,67.4,1,2.1,60.9,1,0,1,3,3,2,3,8.3,8,Yes,Low,Tier 2,Yes,Medium,Not Placed
Female,IT,9.15,82.2,88.7,0,3.0,66.4,4,1,4,4,4,3,1,4.9,5,Yes,Medium,Tier 1,Yes,Medium,Placed
Female,ECE,9.14,85.8,79.8,1,4.1,78.9,7,4,4,3,4,5,3,7.4,6,No,Medium,Tier 1,Yes,High,Placed
Female,CSE,8.09,74.7,86.5,0,1.3,66.8,5,2,2,2,3,4,3,9.0,9,No,Medium,Tier 3,Yes,Medium,Placed
Male,ECE,7.21,67.1,72.0,0,7.5,79.1,4,1,2,5,4,1,5,6.9,9,No,Medium,Tier 3,Yes,High,Not Placed
Female,ME,9.61,94.1,83.0,0,5.0,69.9,1,3,2,5,5,1,2,7.2,2,No,Low,Tier 2,Yes,High,Not Placed
Male,IT,7.83,72.9,69.2,1,1.9,68.8,7,1,5,5,4,5,4,6.6,6,Yes,High,Tier 3,No,High,Placed
Female,IT,8.8,79.8,77.9,0,6.0,71.3,5,2,4,2,4,6,4,7.8,7,No,Medium,Tier 2,Yes,Low,Placed
Male,CSE,8.41,79.4,72.3,0,3.0,75.7,6,2,4,1,5,4,4,7.4,6,Yes,High,Tier 1,Yes,,Placed
Female,CSE,7.49,66.6,70.3,0,2.5,68.7,2,2,2,5,3,5,0,6.2,3,No,Medium,Tier 1,Yes,Medium,Placed
Female,CSE,9.01,81.1,82.7,0,6.6,75.9,7,2,4,4,5,5,5,6.9,1,No,High,Tier 3,Yes,Medium,Placed
Male,IT,9.06,88.2,84.2,0,2.7,71.0,7,4,5,5,5,3,2,5.7,9,No,Medium,Tier 2,Yes,Low,Placed
Male,IT,6.69,61.1,63.0,0,4.1,82.8,5,1,3,3,2,3,3,6.9,9,Yes,High,Tier 3,Yes,Medium,Placed
Female,CE,9.59,89.8,88.0,0,5.8,80.7,4,3,2,2,5,4,4,6.5,6,No,Medium,Tier 3,Yes,Medium,Placed
Male,ECE,9.01,87.3,76.6,0,6.4,78.0,7,3,5,1,5,4,3,7.2,8,Yes,Medium,Tier 2,Yes,,Placed
Female,ECE,8.84,88.6,78.8,0,4.5,76.4,5,3,4,5,5,5,5,6.1,9,No,Medium,Tier 1,Yes,Medium,Placed
Male,ECE,7.84,61.6,70.5,1,0.5,71.0,8,1,5,2,4,5,1,6.7,2,No,High,Tier 1,Yes,High,Placed
Male,CSE,7.93,63.1,70.4,0,1.9,71.8,5,2,2,5,4,2,2,7.0,5,No,High,Tier 1,Yes,Medium,Placed
Female,ECE,7.64,63.1,72.3,1,6.9,80.4,7,3,5,4,5,4,4,7.1,3,No,Medium,Tier 1,Yes,Medium,Placed
Female,CSE,8.08,64.1,72.7,0,5.7,77.4,2,3,2,5,4,3,1,7.3,2,No,Medium,Tier 2,No,,Placed
Female,CSE,9.0,98.3,88.4,0,5.3,78.6,8,4,5,5,5,5,2,6.8,3,No,Low,Tier 1,Yes,Medium,Placed
Male,IT,9.29,89.3,82.8,0,2.6,67.7,7,3,5,2,4,5,8,6.1,4,No,Medium,Tier 1,No,High,Placed
Female,CE,8.52,74.0,84.4,0,2.0,62.8,5,4,4,4,4,4,3,7.1,2,No,Low,Tier 2,Yes,Low,Placed
Male,ECE,6.77,61.6,60.0,0,1.2,69.0,3,0,3,3,4,3,2,6.8,2,No,Medium,Tier 2,Yes,Low,Placed
Female,ECE,8.06,68.5,73.8,0,2.9,71.2,5,1,3,3,4,2,2,8.2,9,Yes,High,Tier 2,Yes,Medium,Not Placed
Female,ECE,8.11,66.9,74.5,0,4.8,79.9,6,4,4,5,4,4,5,8.4,3,No,Low,Tier 2,Yes,High,Placed
Male,CE,8.69,67.1,71.0,1,6.9,74.8,7,1,4,2,5,4,2,5.4,5,No,Medium,Tier 2,Yes,,Placed
Male,CE,8.51,67.6,69.3,0,3.8,70.7,7,2,5,2,5,6,4,7.7,5,Yes,Medium,Tier 3,Yes,Low,Placed
Male,CE,10.0,93.9,91.2,0,3.9,69.7,3,4,3,2,5,4,3,8.0,5,No,Low,Tier 1,Yes,,Placed
Female,CE,8.99,78.1,75.0,0,5.9,75.1,7,3,5,5,4,6,3,5.4,5,No,Medium,Tier 1,Yes,Low,Placed
Male,CSE,8.61,72.8,80.1,1,3.0,67.7,6,3,5,4,4,6,1,7.7,6,No,Medium,Tier 3,Yes,Medium,Placed
Female,ECE,8.63,86.9,85.4,0,3.7,66.4,3,4,2,4,4,2,2,8.1,10,No,Low,Tier 2,Yes,High,Placed
Male,ECE,7.78,72.0,65.8,2,4.2,79.8,5,2,4,5,3,3,4,5.9,5,No,High,Tier 3,Yes,Low,Not Placed
Female,ECE,9.6,92.6,84.8,0,3.0,66.5,5,3,4,2,5,5,2,6.7,8,No,High,Tier 1,Yes,Medium,Placed
Female,CE,9.0,77.6,69.1,0,5.0,73.0,8,2,5,3,4,5,5,7.2,4,No,Low,Tier 3,Yes,High,Not Placed
Male,ECE,7.79,75.6,60.0,0,4.3,73.2,6,2,4,4,3,5,3,7.7,6,Yes,Low,Tier 3,No,Low,Placed
Male,CSE,9.0,83.9,83.8,0,4.4,78.8,5,3,5,5,5,4,5,5.8,5,No,Medium,Tier 2,Yes,Medium,Placed
Male,ECE,9.58,79.2,86.3,1,2.0,56.6,7,3,5,4,4,4,2,8.4,5,No,Medium,Tier 1,Yes,Medium,Placed
Female,IT,8.62,77.6,73.5,0,5.6,79.5,8,1,5,2,4,5,1,4.6,10,Yes,Low,Tier 3,Yes,Low,Placed
Female,CSE,9.1,72.1,68.3,0,7.4,77.7,8,3,5,5,5,6,2,8.6,3,No,Low,Tier 3,Yes,,Placed
Male,ME,8.81,78.0,77.0,1,5.5,70.8,8,1,5,1,4,4,3,7.7,3,No,Medium,Tier 3,Yes,Medium,Placed
Female,ECE,9.09,77.9,82.4,0,2.5,64.0,4,4,3,3,5,4,2,6.3,1,No,High,Tier 1,Yes,Low,Placed
Male,CSE,8.61,79.6,83.9,1,0.9,58.8,8,1,5,3,5,5,5,8.0,2,No,Medium,Tier 3,Yes,Low,Placed
Male,ECE,8.5,74.7,74.8,1,3.8,73.4,2,2,1,3,5,1,3,5.7,6,No,Medium,Tier 1,Yes,High,Placed
Female,CE,8.22,80.2,87.4,2,5.2,63.9,3,4,1,5,5,1,1,7.1,9,No,High,Tier 1,Yes,Medium,Not Placed
Male,ECE,8.57,75.8,74.9,0,2.6,63.1,7,3,5,1,4,6,5,7.3,4,Yes,Medium,Tier 2,Yes,High,Placed
Male,IT,6.68,61.0,54.2,0,3.4,75.6,7,0,5,1,4,5,4,7.3,10,Yes,Medium,Tier 1,Yes,,Placed
Male,CSE,9.96,91.7,97.9,0,6.2,84.8,7,3,5,2,4,5,3,6.0,5,No,Medium,Tier 2,Yes,High,Placed
Male,CSE,7.38,64.7,73.5,1,0.8,59.7,4,1,3,1,4,4,2,6.4,9,No,High,Tier 2,No,Medium,Placed
Male,IT,7.45,73.3,73.9,1,4.6,68.3,6,1,4,1,3,5,1,7.2,5,Yes,Medium,Tier 1,Yes,High,Not Placed
Male,ECE,7.79,74.5,79.1,1,1.9,62.4,4,2,3,1,4,4,5,6.1,4,No,High,Tier 2,Yes,Low,Placed
Female,ME,9.42,86.6,88.0,1,5.7,78.4,4,2,2,2,5,2,4,7.3,6,No,Medium,Tier 3,Yes,Low,Not Placed
Male,CE,10.0,87.5,86.6,0,5.5,79.8,5,4,3,5,5,2,1,6.3,7,No,Medium,Tier 1,Yes,Medium,Placed
Male,ECE,8.92,74.5,70.8,0,3.9,72.0,5,2,3,5,4,2,2,8.2,6,No,Low,Tier 2,Yes,Medium,Placed
Male,CE,9.3,83.8,83.0,1,4.6,75.8,7,1,5,5,5,6,2,8.9,4,No,Medium,Tier 2,Yes,High,Not Placed
Male,CSE,7.65,68.2,64.0,1,2.2,68.9,7,1,5,4,3,5,6,6.6,7,No,Medium,Tier 2,Yes,,Placed
Female,CSE,10.0,85.7,89.2,0,5.7,77.3,8,4,5,2,4,4,4,8.1,10,No,Low,Tier 1,Yes,High,Placed
Female,CSE,8.44,74.5,65.2,0,4.8,76.0,3,2,2,5,5,3,2,6.7,3,No,Medium,Tier 2,Yes,High,Placed
Male,IT,8.41,69.6,67.2,0,3.9,83.8,3,0,2,5,4,2,5,5.9,5,No,Low,Tier 1,Yes,Medium,Placed
Female,CSE,8.14,81.3,75.4,0,2.4,64.1,8,1,5,5,4,4,5,6.5,7,No,High,Tier 3,Yes,,Placed
Male,CE,9.96,94.6,91.3,0,4.2,65.8,7,3,5,1,4,4,0,7.1,7,Yes,Low,Tier 2,Yes,High,Placed
Male,IT,8.61,71.1,75.1,1,3.3,79.3,8,1,5,3,5,4,4,4.9,4,No,High,Tier 2,Yes,Medium,Placed
Male,ECE,9.74,88.9,79.8,0,5.6,85.9,7,1,5,3,4,4,2,7.8,1,No,Medium,Tier 2,Yes,High,Placed
Male,ECE,8.29,64.6,75.4,0,7.3,91.4,8,1,5,3,4,4,4,7.1,7,Yes,Low,Tier 2,Yes,High,Placed
Male,ECE,8.47,74.6,73.8,1,5.3,73.7,2,3,2,5,5,1,3,8.2,10,Yes,Medium,Tier 2,No,,Placed
Female,ECE,7.94,70.4,68.7,1,3.3,73.7,4,2,3,1,3,5,1,7.7,3,No,Low,Tier 2,Yes,Medium,Placed
Male,ECE,8.04,68.5,78.2,0,6.9,83.5,6,2,3,2,3,4,3,7.1,10,Yes,Medium,Tier 2,Yes,Low,Placed
Female,ME,8.89,75.8,87.1,2,3.2,60.4,8,2,5,2,5,5,5,6.6,6,No,Medium,Tier 1,Yes,High,Not Placed
Male,IT,8.35,76.3,77.5,1,4.6,71.5,8,4,5,3,4,5,4,8.8,4,No,Low,Tier 1,Yes,Low,Placed
Male,IT,7.11,61.6,65.9,1,3.2,66.2,7,2,5,5,3,5,4,9.0,10,Yes,High,Tier 2,No,Low,Placed
Female,IT,9.39,87.5,91.3,0,4.0,69.6,5,3,3,2,5,3,2,6.6,10,No,Low,Tier 3,Yes,High,Placed
Male,IT,6.9,68.8,61.6,2,0.5,65.7,6,2,5,4,4,6,1,8.3,10,No,Medium,Tier 1,Yes,,Not Placed
Male,ECE,10.0,91.7,87.0,0,1.6,60.9,4,4,2,2,5,2,0,6.2,3,Yes,Medium,Tier 1,Yes,Medium,Placed
Female,ME,9.21,89.7,83.0,0,3.9,70.4,7,4,5,5,4,6,4,6.3,9,No,Medium,Tier 1,Yes,Low,Placed
Female,IT,10.0,86.2,94.2,0,4.6,77.3,5,3,4,2,5,4,3,6.5,5,No,Medium,Tier 3,Yes,Medium,Placed
Female,ECE,7.71,69.4,70.7,1,3.7,66.1,3,2,2,5,4,1,3,7.8,5,No,Medium,Tier 3,Yes,Medium,Placed
Female,IT,9.34,89.6,72.9,0,5.7,71.9,8,2,5,1,4,6,6,5.7,4,No,Medium,Tier 2,Yes,Low,Placed
Female,ECE,8.12,72.0,78.5,0,0.0,57.0,4,3,3,2,4,3,2,8.9,5,No,Medium,Tier 3,Yes,High,Placed
Female,ME,9.49,86.8,87.5,0,5.0,75.2,6,3,4,2,4,4,4,8.1,6,No,Low,Tier 2,Yes,,Placed
Male,CE,8.45,71.0,77.8,1,6.7,84.0,3,2,2,3,5,2,1,7.8,2,No,Medium,Tier 3,Yes,Low,Placed
Male,IT,9.47,93.6,89.5,0,5.6,77.5,8,3,5,5,5,4,5,6.6,2,Yes,Low,Tier 1,No,Low,Placed
Male,CSE,9.22,79.2,82.0,0,5.3,63.3,4,3,3,1,4,5,2,8.0,6,No,Low,Tier 1,Yes,Medium,Placed
Male,CE,7.74,70.6,71.0,0,6.0,77.1,5,3,3,1,4,5,1,4.0,10,No,Medium,Tier 2,No,Low,Placed
Female,ECE,6.36,53.8,61.4,0,1.6,65.1,7,0,5,3,3,4,4,7.5,9,No,Medium,Tier 2,Yes,,Placed
Female,CSE,8.86,73.6,82.6,0,1.6,62.0,8,3,5,5,5,6,2,7.2,9,No,Medium,Tier 2,Yes,High,Placed
Male,CE,7.97,73.8,67.2,0,3.4,69.6,1,2,1,3,4,1,0,4.7,7,No,Medium,Tier 2,Yes,Low,Placed
Male,ME,7.34,74.8,64.8,0,3.8,65.8,4,2,2,3,3,1,2,7.5,10,No,Medium,Tier 2,Yes,Low,Placed
Female,ME,8.24,70.3,71.4,0,4.4,67.7,1,2,2,5,4,3,0,7.7,1,No,Medium,Tier 1,Yes,Low,Placed
Male,ECE,8.57,71.9,76.3,0,1.6,60.4,4,2,3,3,5,5,2,4.8,5,No,Low,Tier 1,Yes,Low,Placed
Female,ECE,7.86,67.8,77.2,0,3.5,68.7,1,2,1,2,3,0,1,5.6,10,No,Medium,Tier 3,Yes,,Placed
Male,ME,8.74,76.9,83.8,0,5.9,74.0,4,2,3,5,5,3,2,9.0,9,No,Medium,Tier 3,Yes,,Placed
Male,ECE,8.62,79.6,81.8,0,3.3,74.3,8,2,5,4,4,5,4,6.8,4,No,Medium,Tier 3,Yes,,Placed
Male,CSE,6.7,50.7,53.9,0,0.8,65.2,7,2,4,5,3,5,3,8.2,3,No,Medium,Tier 3,No,,Placed
Male,IT,8.73,84.2,76.4,0,0.8,67.1,3,2,3,1,4,4,4,8.4,2,No,Medium,Tier 2,Yes,Low,Placed
Female,ECE,9.37,91.2,71.6,1,6.0,78.3,6,4,4,2,5,3,5,7.5,5,No,Medium,Tier 2,Yes,Medium,Placed
Female,CE,10.0,91.9,90.3,0,7.0,77.8,8,4,5,2,5,3,8,8.2,2,No,Medium,Tier 1,Yes,Medium,Placed
Female,ECE,8.45,70.5,74.6,0,2.4,66.1,5,3,3,4,4,3,4,4.5,10,No,Medium,Tier 1,Yes,,Placed
Male,ECE,8.74,84.1,77.1,0,5.7,76.5,3,2,2,2,4,3,0,6.7,10,Yes,Medium,Tier 1,Yes,High,Placed
Male,ECE,6.55,56.6,64.8,1,5.3,79.1,5,1,4,2,4,4,5,4.0,10,No,Low,Tier 3,Yes,High,Placed
Female,ECE,8.53,77.6,73.5,2,1.1,61.5,8,3,5,2,4,5,4,4.9,5,No,Low,Tier 1,Yes,High,Placed
Female,ECE,10.0,89.8,92.3,0,5.0,73.9,5,3,3,4,5,3,3,6.3,4,No,Low,Tier 3,Yes,Low,Placed
Male,ECE,7.84,64.5,77.9,0,5.4,73.9,5,0,4,4,4,4,5,6.2,9,No,Medium,Tier 2,Yes,Medium,Placed
Male,ECE,7.03,73.0,64.0,0,3.4,73.3,8,2,5,4,4,5,5,7.0,1,No,High,Tier 3,Yes,,Placed
Female,CSE,7.48,60.7,72.6,0,3.2,80.7,5,2,5,2,4,5,9,7.0,7,No,Medium,Tier 1,Yes,High,Placed
Male,ECE,9.39,84.6,88.0,0,4.5,77.8,5,3,4,5,5,4,7,7.2,2,No,Low,Tier 1,Yes,,Placed
Male,CSE,7.53,68.5,64.6,0,2.4,66.5,8,2,5,5,4,5,4,7.2,10,Yes,Medium,Tier 3,Yes,Low,Placed
Male,CSE,8.11,73.3,74.8,1,6.3,81.8,3,0,2,1,4,3,1,7.4,3,No,High,Tier 1,Yes,Low,Placed
Male,IT,8.48,77.5,85.0,1,4.0,62.4,5,3,3,5,5,3,2,5.8,8,No,High,Tier 1,Yes,Medium,Placed
Female,ME,8.45,76.1,75.4,0,3.1,69.4,7,2,5,3,4,5,6,6.1,5,No,Medium,Tier 1,Yes,Medium,Placed
Female,ME,9.45,87.0,83.8,0,3.7,70.0,4,4,3,5,5,3,1,7.0,3,Yes,High,Tier 1,No,,Placed
Male,ECE,8.08,67.7,73.2,0,6.0,77.9,2,2,2,4,4,2,1,7.0,9,No,Low,Tier 1,Yes,Low,Placed
Male,IT,8.0,66.1,89.5,0,3.7,75.2,6,2,4,3,4,5,1,5.7,5,No,Low,Tier 2,No,High,Placed
Male,ME,5.79,57.7,50.0,1,3.1,64.5,1,1,1,2,4,2,0,8.3,6,No,Low,Tier 2,No,High,Not Placed
Male,CE,7.23,67.4,63.7,0,0.8,68.9,5,1,3,4,3,4,3,7.9,9,No,Medium,Tier 2,Yes,Medium,Placed
Male,ECE,8.54,76.1,76.2,0,4.3,76.5,8,2,5,5,4,6,1,6.0,8,No,Low,Tier 1,Yes,Medium,Placed
Female,IT,7.79,76.7,67.7,0,3.4,74.1,8,0,5,2,4,5,2,6.7,10,No,Medium,Tier 3,Yes,,Placed
Male,IT,5.91,55.8,53.1,2,1.6,64.8,4,2,3,1,3,4,4,9.0,5,No,Medium,Tier 3,Yes,Low,Not Placed
Male,IT,9.06,85.2,74.2,0,4.9,73.5,6,4,5,4,4,5,2,7.2,7,Yes,Medium,Tier 1,Yes,Low,Placed
Male,CSE,8.72,85.9,74.8,0,1.8,64.9,5,3,4,3,4,4,2,7.5,3,No,High,Tier 2,Yes,Low,Placed
Male,CSE,6.86,62.4,57.7,0,2.7,67.0,2,0,2,4,3,2,0,6.3,5,No,Low,Tier 1,No,Medium,Not Placed
Male,CSE,9.17,80.7,76.9,0,4.9,74.8,8,3,5,3,4,5,5,6.6,6,No,Medium,Tier 3,Yes,Low,Placed
Male,CSE,7.44,64.9,70.8,0,4.9,76.5,7,3,5,3,3,5,4,8.8,3,No,Medium,Tier 3,Yes,,Placed
Female,IT,7.46,56.6,71.7,1,4.2,79.0,6,1,5,1,4,5,1,7.1,10,No,Low,Tier 3,Yes,Low,Placed
Male,CSE,9.87,83.6,92.0,0,3.5,67.5,7,2,5,3,5,6,3,6.9,2,No,Medium,Tier 1,Yes,,Placed
Male,CSE,9.3,87.5,82.3,0,3.0,69.8,5,3,3,2,5,3,2,7.0,10,No,High,Tier 2,Yes,Medium,Placed
Female,CSE,8.71,74.3,74.8,0,2.2,60.4,8,4,5,3,5,6,2,9.0,9,No,High,Tier 1,Yes,,Placed
Female,CSE,7.2,62.7,66.2,0,3.4,71.9,6,2,3,3,5,3,2,7.0,7,No,High,Tier 2,No,Low,Placed
Male,CSE,9.11,85.6,79.8,0,6.1,70.0,5,3,4,3,5,3,6,6.0,5,Yes,Medium,Tier 2,Yes,Medium,Placed
Female,CE,8.58,77.9,70.7,2,1.8,60.9,4,2,3,4,5,2,6,6.2,4,Yes,Medium,Tier 1,Yes,Low,Not Placed
Male,ME,6.15,56.3,63.7,0,0.0,58.3,2,1,2,3,3,3,3,7.9,4,No,Low,Tier 3,Yes,,Placed
Male,CSE,6.79,67.9,51.2,0,2.5,59.6,7,2,5,4,3,4,6,5.3,10,Yes,Low,Tier 2,Yes,Medium,Placed
Male,ECE,9.72,91.2,94.3,0,7.1,77.5,8,3,5,4,5,4,3,7.5,10,Yes,Low,Tier 3,Yes,,Placed
Female,ECE,5.6,50.0,50.0,0,3.2,73.4,2,1,1,5,3,2,1,6.1,6,No,Medium,Tier 1,Yes,Medium,Not Placed
Female,CSE,8.12,81.1,70.7,1,4.0,60.9,7,1,4,1,5,2,2,4.8,10,No,High,Tier 3,Yes,Medium,Placed
Male,ME,8.07,71.1,73.5,0,4.2,73.4,4,0,3,1,4,2,3,5.8,10,Yes,Medium,Tier 3,Yes,Low,Placed
Male,CE,7.29,68.8,72.8,1,2.6,72.0,3,0,2,1,4,1,2,7.0,7,Yes,Medium,Tier 3,Yes,Low,Not Placed
Female,CE,8.45,77.0,74.2,0,6.7,89.7,8,4,5,3,4,6,1,8.7,6,Yes,Medium,Tier 3,No,High,Placed
Male,CE,8.48,72.2,73.3,0,3.5,65.7,5,2,2,5,5,2,1,8.1,3,No,Medium,Tier 3,Yes,Low,Placed
Male,CSE,9.04,83.5,92.0,1,6.1,78.4,7,3,5,5,5,6,2,6.6,1,No,High,Tier 2,Yes,High,Placed
Female,IT,8.39,72.5,80.0,0,4.1,78.9,8,1,5,1,3,6,4,8.2,4,No,Low,Tier 1,Yes,,Placed
Female,IT,9.12,80.2,88.1,1,4.2,68.3,6,4,3,1,5,3,6,6.6,2,Yes,Medium,Tier 2,Yes,Medium,Placed
Female,IT,8.83,83.1,89.8,1,1.9,67.3,5,2,4,1,4,5,3,5.2,3,No,Medium,Tier 3,Yes,Medium,Not Placed
Female,CSE,7.79,66.4,72.4,1,6.0,83.7,3,1,2,4,4,3,2,7.0,6,No,Low,Tier 3,Yes,High,Placed
Male,IT,9.14,72.4,85.0,0,3.6,76.8,7,3,5,4,5,6,2,5.2,7,No,Medium,Tier 2,Yes,,Placed
Female,IT,8.21,69.6,75.0,0,4.3,72.6,6,3,4,3,4,3,3,7.9,7,No,High,Tier 1,Yes,Low,Placed
Female,IT,6.71,66.7,67.1,0,7.4,81.4,5,2,3,2,3,2,0,8.0,1,No,Low,Tier 2,No,,Placed
Male,CSE,8.02,77.0,70.2,0,4.5,71.5,4,3,4,4,5,4,4,5.9,4,Yes,Low,Tier 3,Yes,High,Placed
Male,CE,8.26,76.8,70.9,0,4.4,73.0,0,4,1,5,4,3,2,7.2,8,No,Low,Tier 1,Yes,Low,Placed
Male,IT,7.21,66.8,69.2,1,6.0,86.8,4,1,2,4,3,2,4,7.2,6,No,Medium,Tier 2,Yes,High,Not Placed
Male,ME,8.37,85.3,75.5,0,5.3,77.8,7,2,3,5,4,3,0,8.0,8,No,Medium,Tier 2,Yes,Low,Placed
Female,ME,7.31,72.1,65.7,1,3.1,59.7,7,3,4,5,3,5,3,5.5,8,No,Medium,Tier 1,No,,Placed
Female,IT,8.54,73.0,72.6,0,2.8,67.0,3,1,3,4,4,2,2,7.7,6,No,Medium,Tier 1,Yes,Low,Placed
Male,ECE,7.77,72.2,61.2,1,4.9,85.8,7,2,5,4,4,6,0,5.4,10,No,High,Tier 2,Yes,Medium,Placed
Male,ME,7.6,71.5,60.3,2,2.9,70.3,1,1,1,1,4,2,2,7.9,8,Yes,Medium,Tier 3,No,High,Not Placed
Female,ECE,9.6,82.9,91.0,0,4.1,70.1,1,3,2,5,5,3,3,8.3,2,No,High,Tier 1,Yes,Low,Placed
Male,IT,8.34,77.1,68.8,0,1.5,54.2,5,2,5,3,4,5,3,6.2,4,Yes,High,Tier 2,Yes,High,Placed
Male,CSE,9.32,79.9,88.7,1,7.4,88.8,5,2,3,2,5,2,1,8.5,4,No,Medium,Tier 3,Yes,Low,Placed
Male,ECE,7.87,70.5,83.8,0,2.7,81.2,4,1,4,4,4,5,1,5.1,3,No,Medium,Tier 3,Yes,Medium,Placed
Male,ME,7.46,66.2,73.1,1,5.2,80.3,7,2,5,1,4,5,6,8.3,9,No,High,Tier 3,Yes,Medium,Placed
Male,CE,8.99,87.2,82.9,1,5.3,75.9,2,2,2,2,5,2,1,8.7,10,Yes,High,Tier 2,Yes,Low,Not Placed
Male,ME,7.92,76.2,72.9,0,7.5,79.1,8,0,5,3,5,4,3,7.4,5,Yes,Low,Tier 3,Yes,,Placed
Male,IT,10.0,85.4,84.3,0,4.6,73.5,4,4,3,4,5,5,7,6.8,1,No,Low,Tier 1,Yes,Low,Placed
Male,IT,7.44,77.2,71.5,0,3.2,68.2,2,0,2,1,4,2,2,7.4,1,No,High,Tier 3,Yes,,Placed
Male,CSE,8.07,75.9,84.7,1,3.9,76.0,6,2,3,1,5,2,2,6.3,6,No,Low,Tier 2,Yes,High,Placed
Male,ECE,9.39,77.4,77.6,0,2.3,70.4,3,2,2,4,5,2,4,9.0,2,No,High,Tier 1,Yes,High,Not Placed
Female,CSE,8.88,75.1,81.5,0,6.6,81.3,5,2,4,5,4,5,5,6.3,1,No,Medium,Tier 2,Yes,Medium,Placed
Female,ECE,8.53,70.3,76.0,0,3.4,72.3,3,3,2,4,4,5,2,8.6,10,Yes,Low,Tier 1,Yes,Medium,Placed
Male,ECE,9.18,80.2,85.8,0,7.5,78.2,8,2,5,1,4,2,4,6.1,2,No,Low,Tier 3,Yes,Low,Placed
Male,IT,6.72,69.2,60.0,0,2.7,76.5,7,1,4,3,4,4,4,8.9,7,No,Low,Tier 2,Yes,,Placed
Female,IT,8.29,74.3,83.3,0,9.1,82.6,5,4,3,3,4,4,3,9.0,5,Yes,Low,Tier 2,Yes,High,Placed
Male,CSE,7.45,68.5,68.3,2,2.6,64.8,5,0,4,3,3,2,1,7.5,7,No,Medium,Tier 1,No,Medium,Placed
Male,CSE,7.94,81.3,76.0,0,2.5,71.6,5,1,4,1,4,4,3,7.3,8,Yes,Medium,Tier 1,Yes,Medium,Placed
Female,ME,8.43,71.3,81.2,0,2.7,66.4,8,3,4,4,4,5,4,5.9,6,No,High,Tier 3,No,Medium,Placed
Female,ECE,8.27,76.1,75.1,1,2.7,68.4,7,2,4,4,4,4,5,5.7,4,No,Medium,Tier 3,Yes,Low,Placed
Female,CSE,8.13,78.6,70.6,0,4.7,73.5,8,1,5,4,4,4,2,7.4,10,Yes,Medium,Tier 3,Yes,,Placed
Male,IT,7.6,64.0,67.8,0,2.4,70.2,8,2,4,5,4,5,2,8.7,10,No,Medium,Tier 1,Yes,Medium,Placed
Female,IT,8.59,81.5,81.5,0,1.7,59.9,5,2,3,5,4,1,1,6.3,10,No,Medium,Tier 1,Yes,Low,Placed
Male,ECE,7.66,70.2,75.7,2,2.2,69.8,8,0,5,4,4,4,6,9.0,3,No,Medium,Tier 2,Yes,High,Not Placed
Female,IT,8.04,65.6,71.4,0,8.1,77.9,6,1,5,5,4,5,2,6.3,1,No,Low,Tier 2,Yes,Low,Placed
Male,ECE,7.7,73.8,74.5,0,1.7,75.8,3,1,2,5,4,2,2,7.3,9,Yes,Low,Tier 1,Yes,Low,Placed
Male,CE,9.36,85.9,80.4,0,4.4,69.7,2,3,2,4,5,3,3,7.3,4,No,Low,Tier 3,Yes,,Placed
Female,ECE,7.28,66.0,56.8,0,2.2,65.9,7,2,4,4,4,3,7,6.9,10,Yes,Low,Tier 2,Yes,Medium,Placed
Male,CSE,8.37,77.2,75.5,0,4.9,68.6,5,1,5,1,3,5,2,4.5,10,No,Medium,Tier 1,Yes,Medium,Placed
Male,IT,7.37,74.4,59.5,0,4.3,69.1,6,1,5,4,4,5,6,6.3,7,No,Low,Tier 2,Yes,Low,Placed
Female,ECE,7.95,71.7,76.3,1,7.3,72.3,6,2,5,4,3,5,3,7.2,9,No,High,Tier 2,Yes,Low,Placed
Male,CE,9.85,84.7,92.4,0,3.1,65.4,2,4,2,4,4,2,3,6.9,2,No,High,Tier 3,Yes,Medium,Placed
Male,ECE,6.1,50.0,64.1,0,4.9,72.5,5,1,4,4,3,5,1,7.8,5,Yes,High,Tier 2,No,Low,Placed
Male,CSE,8.02,68.3,75.6,1,6.1,84.4,3,2,2,2,4,0,2,7.9,5,No,High,Tier 2,Yes,Low,Not Placed
Female,CSE,6.54,54.3,66.6,1,3.3,76.0,2,0,2,2,4,2,0,6.7,5,No,Low,Tier 1,Yes,Low,Not Placed
Female,ECE,7.31,62.5,77.7,0,4.4,75.8,4,2,3,3,3,3,4,5.8,3,No,Medium,Tier 3,No,Low,Placed
Male,ME,8.61,76.6,73.6,0,1.0,55.0,3,2,2,4,5,2,1,8.9,10,Yes,Low,Tier 3,Yes,Medium,Placed
Female,ECE,9.71,91.2,83.0,0,4.9,74.9,8,3,5,5,5,5,2,5.4,10,No,High,Tier 2,Yes,,Placed
Male,ME,7.12,59.3,65.1,0,4.4,76.0,7,1,5,2,4,6,0,6.3,6,Yes,High,Tier 1,Yes,Low,Placed
Female,ME,8.59,72.9,73.5,0,2.5,61.8,7,0,5,2,4,4,4,6.0,10,No,High,Tier 2,Yes,Low,Placed
Male,CE,6.84,60.7,60.7,1,1.5,59.0,8,0,5,1,3,6,7,7.9,3,No,Medium,Tier 2,Yes,Low,Placed
Male,ECE,7.55,67.9,59.0,0,3.5,70.3,7,1,4,5,4,3,8,8.6,9,Yes,Medium,Tier 3,Yes,High,Placed
Female,IT,8.19,77.6,73.6,1,1.6,71.2,2,3,2,5,5,2,2,6.8,7,No,Low,Tier 3,Yes,,Not Placed
Male,ECE,6.67,61.1,57.3,2,4.2,76.4,3,0,3,2,5,3,1,7.3,5,No,Low,Tier 3,Yes,Medium,Not Placed
Male,ECE,8.12,75.3,72.1,0,5.2,68.7,6,2,4,1,4,3,4,7.5,1,No,Medium,Tier 1,Yes,,Placed
Male,CSE,7.74,70.4,72.7,0,0.5,63.6,6,2,3,3,4,2,0,9.0,8,Yes,Medium,Tier 3,Yes,High,Placed
Female,ECE,6.06,50.0,56.9,0,2.3,70.2,5,0,4,4,3,2,0,4.9,3,No,High,Tier 2,Yes,High,Placed
Male,CSE,8.3,66.8,76.8,0,7.2,80.4,8,2,5,5,5,3,3,7.9,1,No,Low,Tier 3,Yes,Low,Placed
Male,ME,7.49,56.6,64.4,0,5.2,72.3,7,2,4,4,3,3,2,7.5,9,No,High,Tier 2,No,High,Placed
Male,CSE,7.13,58.1,66.6,0,1.2,61.9,8,3,5,4,3,6,6,6.6,7,Yes,Medium,Tier 2,Yes,Low,Placed
Male,ECE,7.19,63.1,64.0,0,3.0,75.4,4,1,3,4,3,3,6,7.4,8,Yes,High,Tier 2,No,,Placed
Male,CE,8.38,76.8,74.0,1,0.4,60.8,6,1,5,3,4,5,4,7.9,2,No,High,Tier 1,Yes,Low,Not Placed
Female,ECE,8.83,67.3,83.0,0,6.3,83.3,3,1,2,4,4,2,3,7.7,8,No,High,Tier 2,Yes,Low,Placed
Female,CSE,9.62,82.4,89.3,0,4.0,71.4,6,4,5,3,4,6,2,9.0,8,Yes,Low,Tier 3,Yes,Low,Placed
Male,CSE,8.2,71.0,76.2,0,4.3,76.3,5,2,4,2,4,4,6,7.2,5,No,High,Tier 1,Yes,Low,Placed
Male,CE,6.69,57.5,58.0,2,6.4,91.1,4,1,3,2,3,2,8,7.0,8,No,Low,Tier 1,No,Low,Not Placed
Male,CSE,6.35,54.4,54.3,0,3.5,61.3,7,2,5,1,4,5,1,6.8,2,No,Low,Tier 1,Yes,Medium,Placed
Male,ECE,9.79,81.0,82.6,0,4.5,71.3,7,4,5,5,5,5,1,7.7,6,No,Medium,Tier 2,Yes,Low,Placed
Female,ECE,8.67,76.7,82.5,0,6.2,82.0,2,4,2,1,4,1,0,7.0,5,Yes,High,Tier 3,Yes,,Placed
Male,ME,8.36,70.5,78.4,0,2.4,60.3,6,2,4,5,4,5,3,7.0,7,No,Medium,Tier 1,Yes,Low,Placed
Male,ME,8.74,84.9,82.3,0,1.5,68.2,3,3,2,5,4,3,2,7.0,7,Yes,High,Tier 1,Yes,Low,Placed
Female,IT,8.63,83.2,69.0,1,7.6,88.6,8,3,5,2,5,6,4,6.8,7,Yes,Medium,Tier 3,No,,Placed
Male,CSE,9.3,79.3,83.8,0,2.5,59.3,4,1,3,1,5,3,3,6.3,6,Yes,Low,Tier 3,Yes,,Placed
Female,CSE,8.17,69.8,66.0,0,0.0,66.2,2,1,2,3,5,2,1,7.5,5,No,High,Tier 1,No,Medium,Not Placed
Male,CSE,9.31,92.6,78.0,0,2.6,63.3,7,2,4,3,5,4,4,6.7,2,No,Low,Tier 3,Yes,Low,Placed
Female,CSE,7.3,58.5,72.9,0,2.6,75.9,8,3,5,5,4,6,3,7.7,7,No,High,Tier 2,Yes,High,Placed
Female,CSE,9.68,87.3,82.1,0,8.0,84.5,8,4,5,3,4,5,2,7.1,7,No,Medium,Tier 3,Yes,,Placed
Female,ECE,8.82,86.7,76.8,0,5.1,78.3,4,2,3,2,5,4,2,6.5,8,No,Medium,Tier 2,Yes,,Not Placed
Female,ECE,7.52,63.0,65.5,0,3.6,64.9,4,2,2,1,3,3,2,8.9,4,No,Medium,Tier 3,Yes,Low,Placed
Male,ME,9.52,77.6,81.2,0,2.6,62.5,5,3,3,3,4,3,3,6.9,10,Yes,Low,Tier 1,Yes,High,Placed
Male,ECE,8.29,71.8,69.7,0,5.4,69.4,7,2,5,5,4,4,4,7.7,10,No,Medium,Tier 1,Yes,Medium,Placed
Female,CE,6.96,61.2,53.8,0,6.1,77.0,8,2,5,1,5,5,5,6.2,4,Yes,Low,Tier 2,Yes,Low,Placed
Male,ECE,9.15,83.1,76.6,0,5.0,73.9,4,3,3,3,4,4,1,4.6,5,No,Low,Tier 2,Yes,,Placed
Male,CSE,9.28,84.0,84.5,0,5.8,84.4,8,4,5,3,5,6,5,6.3,2,No,Low,Tier 3,Yes,Low,Placed
Male,ECE,8.21,75.7,70.5,0,7.1,78.5,2,2,2,4,3,2,2,4.4,10,No,Medium,Tier 2,Yes,Low,Not Placed
Male,CSE,8.89,66.8,76.6,0,4.2,70.7,4,3,3,1,5,2,5,6.7,7,No,Medium,Tier 1,Yes,Medium,Placed
Male,CSE,7.26,65.5,52.7,0,3.0,70.6,3,0,2,5,3,0,1,8.8,10,No,Medium,Tier 2,Yes,Medium,Placed
Male,ECE,8.73,74.9,75.2,0,3.1,73.4,8,2,5,1,5,4,5,5.9,4,No,High,Tier 2,Yes,Low,Placed
Female,IT,9.2,89.2,93.5,0,6.5,78.0,4,4,3,5,4,3,5,4.5,9,No,Medium,Tier 3,Yes,,Placed
Male,CE,9.16,86.1,78.7,0,5.5,82.4,8,3,5,5,5,5,1,8.8,3,No,Medium,Tier 2,Yes,Medium,Placed
Male,CSE,8.58,82.0,81.3,1,4.3,70.5,6,2,5,5,5,3,5,6.4,2,Yes,Medium,Tier 2,Yes,Medium,Placed
Male,IT,7.88,75.8,67.0,1,2.9,64.9,5,2,3,2,4,3,3,7.0,9,Yes,Medium,Tier 3,Yes,High,Placed
Male,CE,9.48,86.0,87.3,0,2.4,70.3,7,3,5,3,4,6,5,7.9,8,No,Medium,Tier 3,Yes,Low,Placed
Female,ME,7.63,66.2,76.5,0,4.0,61.1,3,1,4,3,4,3,2,7.6,10,No,Low,Tier 2,Yes,Medium,Not Placed
Male,IT,8.45,75.2,75.8,0,2.0,68.7,6,3,3,3,3,2,1,7.9,1,No,High,Tier 1,Yes,,Placed
Male,ECE,8.23,78.7,71.6,0,3.5,72.7,6,3,4,2,4,5,4,8.1,6,No,Medium,Tier 3,Yes,Low,Placed
Female,CSE,8.94,78.9,80.9,0,6.4,81.6,8,3,5,3,5,6,8,4.9,6,No,Low,Tier 3,Yes,Medium,Placed
Male,ECE,9.38,84.8,79.5,0,3.7,71.7,7,2,5,4,4,4,3,5.3,8,Yes,Medium,Tier 3,Yes,High,Placed
Male,ECE,9.46,84.6,85.8,0,3.5,77.4,8,2,5,2,5,5,2,8.4,8,No,Low,Tier 3,Yes,Low,Placed
Male,ECE,8.91,78.8,79.7,0,4.3,76.0,6,2,4,2,4,2,3,6.1,8,No,Low,Tier 3,Yes,Medium,Placed
Female,ME,8.8,85.4,80.7,0,5.9,81.8,4,3,3,3,5,4,0,6.2,7,No,Low,Tier 3,Yes,Medium,Placed
Male,IT,9.12,79.4,71.4,0,7.6,90.5,4,3,4,4,4,5,4,5.5,8,Yes,Medium,Tier 3,Yes,Low,Placed
Male,IT,9.4,78.9,84.8,0,1.7,65.8,6,3,5,5,5,5,3,6.5,6,No,Medium,Tier 1,Yes,High,Placed
Male,IT,7.5,70.9,70.4,0,6.4,85.6,3,2,3,5,4,4,2,6.6,8,No,High,Tier 2,Yes,Medium,Placed
Male,IT,8.13,72.4,73.0,0,5.6,74.0,8,2,5,3,4,5,6,5.9,8,Yes,Low,Tier 2,Yes,Medium,Placed
Male,IT,7.27,62.5,69.9,0,1.5,69.4,3,1,2,1,3,2,0,5.7,5,No,Medium,Tier 2,Yes,Low,Not Placed
Male,CSE,8.54,74.4,72.0,3,2.0,67.7,3,4,3,3,5,1,1,7.4,10,Yes,Medium,Tier 3,Yes,Low,Not Placed
Male,CSE,7.8,68.4,66.6,1,5.9,76.5,7,1,3,3,4,5,4,6.0,9,No,Low,Tier 3,No,High,Placed
Female,ECE,6.69,56.5,63.2,0,5.1,79.6,7,1,5,3,4,6,2,6.3,10,No,Medium,Tier 3,Yes,Low,Placed
Female,IT,7.23,72.8,69.3,1,0.5,56.4,4,1,3,5,3,4,1,4.4,3,No,Low,Tier 3,Yes,,Placed
Male,ECE,8.3,80.1,81.2,0,2.3,62.0,0,1,1,3,4,1,2,9.0,7,No,Low,Tier 1,Yes,High,Not Placed
Female,CE,9.14,75.8,83.3,0,5.1,73.5,8,1,5,4,4,4,4,8.1,4,No,Medium,Tier 3,Yes,High,Placed
Male,CSE,8.44,72.8,66.7,0,5.9,77.0,4,2,3,1,4,4,3,6.4,6,No,Medium,Tier 2,Yes,Low,Placed
Male,CSE,7.32,64.1,71.7,2,4.8,74.2,7,3,5,3,3,4,4,5.9,9,No,Low,Tier 2,Yes,,Placed
Female,CE,9.08,70.0,83.3,0,0.0,65.3,3,4,2,1,5,3,3,7.0,8,No,Low,Tier 1,Yes,Medium,Placed
Female,CSE,8.7,74.9,79.3,0,2.6,66.0,3,3,3,2,5,4,3,7.0,5,No,Low,Tier 3,Yes,,Placed
Female,ECE,8.37,77.7,83.1,0,2.0,72.1,8,0,5,1,5,6,4,5.5,7,No,Low,Tier 2,Yes,Low,Placed
Male,CSE,8.59,76.2,81.0,0,5.4,78.4,7,2,5,5,5,6,6,4.0,8,No,Low,Tier 3,Yes,,Placed
Female,ECE,7.02,69.5,67.5,1,3.1,68.9,7,3,4,5,4,3,2,6.4,7,No,Medium,Tier 2,Yes,Medium,Placed
Male,CE,8.49,78.4,66.3,0,5.1,70.5,5,3,3,5,5,2,1,5.1,7,No,Medium,Tier 1,Yes,,Placed
Female,ECE,6.16,62.4,53.0,0,4.3,64.2,1,1,1,1,3,2,3,7.2,5,No,Medium,Tier 2,Yes,Medium,Not Placed
Female,ME,8.52,80.0,81.6,0,1.7,65.7,6,3,4,3,5,4,2,7.2,4,No,Medium,Tier 2,Yes,Medium,Not Placed
Male,CSE,5.35,50.0,50.0,0,5.8,68.1,7,1,5,3,2,5,1,5.8,4,Yes,Medium,Tier 3,Yes,Low,Placed
Female,IT,7.85,65.5,73.1,2,6.3,86.9,8,2,5,4,4,5,6,6.4,7,No,Low,Tier 1,Yes,,Placed
Male,ECE,8.72,72.6,79.5,0,5.9,83.1,6,2,3,3,4,4,4,9.0,7,No,Low,Tier 3,Yes,,Placed
Male,ME,8.67,79.6,83.0,0,4.4,71.0,4,2,3,5,4,1,3,7.9,7,Yes,High,Tier 3,Yes,Low,Placed
Male,CE,6.83,66.0,55.1,1,3.8,66.5,2,2,1,3,4,1,3,6.5,10,No,Low,Tier 3,Yes,Low,Not Placed
Male,CSE,7.79,70.8,61.8,0,2.8,62.2,6,2,5,2,4,4,3,9.0,2,No,Low,Tier 2,Yes,Medium,Placed
Female,IT,7.47,69.4,66.1,0,6.5,76.7,5,3,4,2,3,4,2,5.6,4,No,Low,Tier 3,Yes,,Placed
Female,ME,9.89,92.4,90.9,0,7.2,80.3,6,4,5,4,5,4,4,6.0,7,Yes,Medium,Tier 2,Yes,Medium,Placed
Male,ECE,7.29,63.6,63.1,2,2.7,59.2,2,2,2,2,3,1,0,6.9,9,No,Medium,Tier 1,Yes,Medium,Not Placed
Female,CSE,7.81,72.6,70.0,1,1.8,62.6,5,0,3,2,4,1,2,5.2,7,No,High,Tier 1,Yes,Low,Placed
Female,IT,8.3,77.4,67.8,0,1.9,63.7,6,3,3,5,4,2,3,9.0,7,No,High,Tier 3,Yes,Low,Placed
Male,CE,8.94,74.9,74.0,0,2.1,71.1,6,3,4,4,5,4,1,7.2,2,No,Medium,Tier 1,Yes,High,Placed
Female,CSE,8.92,81.1,76.8,2,4.7,75.4,4,2,3,4,5,4,1,6.1,6,No,Medium,Tier 2,Yes,Medium,Not Placed
Male,ECE,8.57,79.2,81.4,0,1.4,61.4,2,1,2,1,4,2,5,7.5,6,No,Low,Tier 1,Yes,High,Placed
Female,IT,6.82,63.2,63.5,0,2.9,65.9,6,2,5,1,3,3,3,7.2,10,No,Low,Tier 1,Yes,Low,Placed
Male,ME,8.58,78.6,80.8,0,2.9,63.0,6,1,4,4,4,4,2,6.6,6,No,Low,Tier 1,Yes,High,Placed
Male,CE,6.84,65.5,66.1,1,4.3,78.1,3,3,1,1,3,2,2,5.5,8,No,Low,Tier 3,Yes,,Not Placed
Male,ECE,8.6,88.4,89.4,0,3.6,70.6,8,3,5,3,4,4,5,5.3,6,No,Low,Tier 2,Yes,Low,Placed
Female,CE,9.9,90.1,81.5,0,4.9,74.3,8,3,4,3,5,2,6,9.0,5,No,Low,Tier 3,Yes,Low,Placed
Male,ECE,7.14,72.2,60.0,1,3.8,68.2,4,0,2,2,3,2,1,5.4,6,No,Medium,Tier 2,Yes,Low,Placed
Male,CSE,7.08,55.2,70.4,0,4.4,67.8,3,1,3,3,4,4,3,9.0,6,No,High,Tier 3,Yes,Medium,Not Placed
Male,ME,10.0,90.7,89.1,0,7.9,86.5,6,4,4,5,5,6,1,6.0,10,Yes,Medium,Tier 2,Yes,,Placed
Female,IT,7.9,63.2,73.5,0,4.3,77.9,5,1,4,1,4,4,3,7.9,5,No,High,Tier 2,Yes,High,Placed
Male,ECE,9.08,79.2,75.7,0,4.5,70.2,5,1,4,5,4,5,3,7.6,5,No,Medium,Tier 2,Yes,Medium,Placed
Male,ECE,7.64,77.2,70.3,0,8.8,78.5,3,3,2,5,4,4,3,7.8,3,No,Medium,Tier 2,Yes,High,Placed
Male,ME,9.21,86.9,88.1,0,3.7,72.5,8,3,5,4,5,4,1,7.9,7,No,Medium,Tier 3,Yes,,Placed
Male,ECE,9.71,87.9,86.7,0,6.9,73.5,2,3,2,2,5,3,1,5.1,7,No,Low,Tier 2,Yes,Medium,Placed
Female,IT,10.0,95.7,92.1,0,6.5,84.1,7,3,5,2,5,4,4,6.2,3,Yes,Low,Tier 3,Yes,Low,Placed
Female,CE,9.57,87.4,87.6,1,2.1,61.3,3,3,2,5,4,1,3,5.4,10,Yes,High,Tier 3,Yes,Medium,Placed
Male,CSE,7.48,65.3,71.4,1,4.3,77.3,8,1,5,2,4,4,2,7.2,6,Yes,High,Tier 1,Yes,Medium,Placed
Male,IT,9.5,77.0,81.1,0,5.3,74.7,5,4,3,3,5,0,1,5.4,10,Yes,Low,Tier 2,Yes,Low,Placed
Female,CE,8.42,77.9,67.6,0,5.9,83.2,2,1,1,5,4,1,1,4.6,10,Yes,Low,Tier 1,No,Low,Placed
Male,IT,7.84,65.7,72.6,0,2.4,61.2,8,1,5,1,4,4,5,6.7,10,No,Medium,Tier 2,Yes,Medium,Placed
Female,ME,8.02,72.1,76.6,0,2.4,58.9,6,2,4,2,4,6,3,4.3,10,No,Low,Tier 2,Yes,Medium,Placed
Female,IT,10.0,89.4,99.5,0,5.8,77.9,7,3,5,1,5,6,2,7.3,4,No,Medium,Tier 3,Yes,Low,Placed
Female,CSE,6.92,60.4,62.8,0,2.0,72.1,6,3,5,3,3,5,3,5.5,9,No,Low,Tier 1,Yes,Low,Placed
Male,ECE,8.54,78.5,73.2,0,3.4,72.7,8,2,5,2,4,5,3,6.0,3,No,Medium,Tier 1,Yes,Low,Placed
Male,IT,8.74,87.7,77.9,0,1.1,62.7,4,2,4,4,4,5,2,4.3,10,No,Low,Tier 1,Yes,Medium,Placed
Female,CSE,8.41,76.5,75.5,0,2.3,68.8,2,2,2,3,4,2,4,9.0,8,No,Medium,Tier 2,Yes,,Not Placed
Male,CSE,6.67,59.6,58.9,0,3.5,62.7,7,1,5,3,3,5,1,5.2,10,No,Low,Tier 3,Yes,Medium,Placed
Female,CE,7.83,69.3,72.4,0,3.7,73.3,1,2,1,4,3,0,0,6.6,9,No,Medium,Tier 3,No,Medium,Not Placed
Male,IT,6.66,60.0,70.7,1,4.3,73.0,8,3,5,1,4,5,3,4.8,4,No,High,Tier 3,Yes,Medium,Placed
Female,CSE,7.9,76.4,77.5,0,3.7,68.5,5,1,5,1,4,6,3,6.0,5,Yes,Medium,Tier 3,Yes,High,Placed
Male,IT,7.73,52.8,61.5,0,5.8,69.5,5,1,3,3,4,2,2,9.0,1,No,High,Tier 2,Yes,Low,Placed
Male,ME,8.01,70.8,72.1,0,6.5,82.7,3,2,1,3,4,2,1,7.4,8,No,High,Tier 1,Yes,Low,Placed
Male,ECE,9.2,71.1,74.7,0,2.6,64.0,4,3,2,2,4,2,3,6.1,4,No,High,Tier 1,Yes,,Placed
Female,IT,7.43,64.5,63.3,1,0.7,57.4,7,0,5,2,4,6,2,7.0,4,No,Medium,Tier 3,Yes,Low,Placed
Female,ECE,8.28,74.8,70.5,0,4.8,84.4,4,0,3,3,4,0,2,6.3,8,Yes,Medium,Tier 3,Yes,,Placed
Male,CSE,10.0,95.1,89.4,0,6.0,79.3,5,4,3,2,5,2,2,6.9,6,No,High,Tier 2,Yes,High,Placed
Male,CSE,8.55,80.8,76.1,1,2.4,62.3,7,2,5,4,5,6,2,7.9,4,Yes,Low,Tier 2,Yes,High,Placed
Female,ECE,8.03,79.0,71.5,0,3.4,75.0,6,2,5,2,4,6,1,6.6,9,Yes,Medium,Tier 2,Yes,Low,Placed
Male,ECE,8.5,74.7,85.1,0,5.9,77.5,3,3,1,3,4,1,4,7.3,3,Yes,High,Tier 3,Yes,Low,Not Placed
Male,IT,9.31,79.2,89.0,0,6.2,84.4,6,3,5,1,5,5,3,7.3,1,No,Medium,Tier 1,Yes,,Placed
Male,CE,9.94,86.5,88.4,0,4.9,67.1,5,2,2,1,5,2,4,6.6,3,Yes,High,Tier 3,Yes,High,Placed
Male,ME,7.21,68.1,66.8,2,4.1,73.6,6,3,5,4,4,6,2,6.1,9,No,Medium,Tier 2,Yes,High,Placed
Male,CE,8.6,84.4,85.4,0,3.0,66.3,6,3,4,1,5,5,1,6.4,5,No,High,Tier 1,Yes,Low,Placed
Male,CSE,7.22,67.1,58.0,2,4.4,72.5,4,1,3,1,4,3,2,7.8,5,No,Medium,Tier 3,Yes,Medium,Not Placed
Male,CSE,6.59,56.9,58.9,1,4.2,80.3,2,1,2,3,3,2,4,7.9,6,No,Medium,Tier 2,Yes,Low,Placed
Male,IT,8.78,72.1,80.8,0,5.3,78.3,8,4,5,3,4,5,6,5.6,6,Yes,Medium,Tier 3,Yes,Low,Placed
Male,CSE,8.46,75.0,72.1,0,4.8,64.6,8,1,5,3,4,4,4,6.7,1,No,High,Tier 3,No,,Placed
Male,CSE,5.88,56.3,50.0,0,1.2,66.1,7,0,5,3,3,5,3,6.1,8,No,High,Tier 2,Yes,Medium,Placed
Male,ME,7.41,60.4,64.0,2,3.7,63.9,3,3,3,3,4,1,6,8.0,7,No,High,Tier 3,Yes,,Placed
Female,ECE,8.05,82.4,71.2,0,6.6,76.7,8,0,5,2,3,5,3,6.4,8,No,Medium,Tier 2,Yes,,Placed
Male,IT,8.08,71.7,77.7,0,0.0,57.3,4,3,3,4,4,2,5,9.0,10,Yes,Medium,Tier 1,Yes,,Placed
Male,CSE,9.6,91.4,77.5,0,1.3,65.1,6,4,5,3,5,6,1,7.3,2,No,Low,Tier 3,Yes,Low,Placed
Male,CSE,6.88,56.6,64.0,1,2.0,66.3,4,3,3,2,3,5,1,8.4,5,No,High,Tier 2,Yes,Medium,Placed
Male,ECE,8.33,72.7,73.0,2,5.3,73.4,2,4,1,5,4,2,3,5.8,4,No,Medium,Tier 1,Yes,Low,Not Placed
Male,ME,9.82,95.0,90.4,0,3.0,67.9,4,2,2,3,4,2,0,7.0,8,No,Low,Tier 3,Yes,High,Placed
Male,ECE,9.78,82.1,96.3,0,4.2,80.9,1,3,2,4,5,2,0,7.7,4,No,Low,Tier 2,Yes,Low,Placed
Female,ECE,6.14,58.0,50.9,0,5.0,74.9,6,0,4,4,4,2,1,5.8,6,No,High,Tier 3,Yes,Low,Placed
Male,IT,7.93,67.0,77.0,3,5.0,65.9,4,2,2,4,3,2,3,7.0,10,No,High,Tier 3,Yes,Low,Not Placed
Female,IT,8.53,72.2,79.1,0,2.7,61.8,6,3,5,3,3,5,4,8.3,8,No,High,Tier 2,Yes,Low,Placed
Male,CSE,8.52,76.3,74.7,0,3.4,65.2,6,3,5,1,5,4,5,6.6,7,No,Medium,Tier 2,No,,Placed
Male,ECE,9.21,79.6,85.8,0,3.6,81.5,5,2,3,1,4,2,3,6.0,1,No,Medium,Tier 2,No,Low,Placed
Male,ECE,6.76,62.4,64.7,2,7.3,77.0,1,1,1,5,3,0,1,9.0,7,No,Medium,Tier 2,No,High,Not Placed
Male,IT,8.23,72.9,70.1,0,3.6,66.2,8,3,5,5,4,5,6,5.6,10,No,Low,Tier 3,Yes,Medium,Placed
Male,IT,8.93,76.7,74.1,0,5.2,76.5,8,2,5,5,4,5,9,7.2,3,No,High,Tier 3,Yes,High,Placed
Female,CSE,9.7,86.4,81.4,0,5.4,83.7,4,3,4,3,5,4,2,6.2,5,No,Low,Tier 1,Yes,,Placed
Male,CE,8.93,88.0,78.2,0,6.2,76.9,2,2,2,2,4,2,3,5.9,10,No,Medium,Tier 2,Yes,Low,Placed
Female,ECE,9.09,77.1,78.3,0,5.8,74.0,8,2,5,5,4,4,7,7.9,7,Yes,Medium,Tier 3,Yes,Low,Placed
Female,CSE,8.62,72.2,80.4,0,4.1,79.1,6,3,5,5,4,5,7,6.8,8,No,Medium,Tier 2,Yes,Medium,Placed
Male,CSE,8.58,72.3,80.0,0,5.0,75.3,6,2,4,2,4,2,4,7.5,5,No,High,Tier 3,Yes,High,Placed
Male,ECE,9.95,84.7,90.6,0,9.0,88.1,4,3,3,5,5,2,6,4.3,10,Yes,Low,Tier 3,Yes,High,Placed
Male,ECE,7.01,58.5,67.9,0,2.5,71.8,2,0,2,5,3,2,2,7.6,9,No,Medium,Tier 2,Yes,,Placed
Male,CSE,8.99,74.3,80.7,0,3.0,69.6,5,3,3,2,4,2,2,6.1,6,No,Low,Tier 2,No,Low,Placed
Male,ME,7.5,71.9,69.6,0,1.7,68.7,7,3,4,4,4,4,4,4.7,10,Yes,Low,Tier 3,Yes,,Not Placed
Male,CSE,8.07,73.5,75.1,0,4.4,70.9,8,0,5,3,4,5,3,9.0,4,No,Medium,Tier 2,Yes,,Placed
Male,ME,8.24,73.9,72.1,0,3.1,66.2,7,4,5,3,5,6,4,7.7,2,No,Low,Tier 2,Yes,,Placed
Male,ECE,7.76,81.8,64.3,0,1.9,67.3,7,3,5,2,4,6,0,7.3,8,No,Medium,Tier 3,Yes,Low,Placed
Female,CSE,10.0,93.0,83.9,0,4.0,76.8,6,2,4,5,5,4,6,8.5,5,No,Medium,Tier 3,Yes,Low,Placed
Female,ECE,6.54,76.6,65.3,1,1.3,62.5,3,0,2,4,4,2,4,7.3,2,No,Low,Tier 1,No,Low,Not Placed
Female,CSE,6.97,69.2,57.6,1,6.5,76.5,4,3,3,2,3,2,1,6.0,6,No,Low,Tier 1,No,Low,Not Placed
Male,ECE,7.34,60.0,71.1,1,6.1,86.9,1,1,1,1,4,2,3,6.8,3,No,Medium,Tier 1,No,Medium,Placed
Male,CSE,8.86,73.1,87.2,0,7.5,85.6,8,3,5,5,4,6,3,6.2,1,No,High,Tier 2,Yes,,Placed
Male,ECE,8.32,72.3,71.4,0,9.3,88.7,8,3,5,1,5,5,2,6.4,6,No,Medium,Tier 2,Yes,,Placed
Male,CSE,5.18,50.0,50.0,0,0.7,55.1,7,0,5,4,3,4,5,5.5,10,Yes,Medium,Tier 2,Yes,Medium,Placed
Male,ME,7.71,75.8,67.7,0,3.7,73.6,8,1,5,4,3,5,3,5.8,3,No,Medium,Tier 1,Yes,Medium,Placed
Female,CE,7.73,67.5,67.5,0,6.6,73.8,7,2,4,1,4,5,3,8.1,4,Yes,Medium,Tier 2,Yes,,Placed
Female,CSE,9.74,87.1,96.5,0,6.5,83.8,6,4,4,5,4,5,6,7.4,6,No,Low,Tier 2,Yes,High,Placed
Male,ECE,9.0,75.2,85.4,0,5.7,84.8,4,3,2,1,5,3,2,6.4,10,No,Medium,Tier 2,Yes,Low,Placed
Male,CSE,8.38,78.7,74.7,0,1.9,72.0,7,2,5,2,4,5,2,5.8,5,No,Medium,Tier 2,Yes,Low,Placed
Male,ME,6.64,65.2,63.8,0,4.6,80.4,3,0,3,5,3,3,2,6.5,7,No,Medium,Tier 1,Yes,Low,Placed
Male,CSE,9.88,92.8,96.3,0,6.1,74.5,8,4,5,3,5,6,2,5.0,8,No,Medium,Tier 3,Yes,Low,Placed
Male,ECE,6.83,62.1,59.5,0,3.3,74.5,3,1,1,1,4,0,1,7.2,10,Yes,High,Tier 1,No,Medium,Placed
Male,ECE,9.0,86.1,85.3,0,2.5,65.6,7,2,5,3,5,6,2,8.1,6,No,Low,Tier 2,Yes,Low,Placed
Male,IT,8.52,79.4,72.1,1,3.4,75.9,8,2,5,1,4,5,4,9.0,7,No,High,Tier 3,No,Low,Placed
Female,ECE,7.41,70.6,63.3,1,2.9,69.9,6,2,4,1,4,3,3,5.7,4,No,Medium,Tier 2,Yes,High,Placed
Male,ME,8.62,73.7,79.1,1,4.5,72.3,2,2,3,5,5,3,1,8.1,10,No,Medium,Tier 3,Yes,Low,Not Placed
Female,ECE,8.07,71.2,72.7,0,1.1,61.8,3,3,1,3,5,0,1,6.2,4,No,Low,Tier 1,Yes,Medium,Placed
Male,IT,9.79,91.2,87.7,0,7.3,84.2,4,3,3,2,5,3,1,5.6,7,No,Medium,Tier 2,Yes,Low,Placed
Male,CE,7.55,65.6,71.8,0,2.9,66.0,8,1,5,4,3,5,4,5.6,4,No,Medium,Tier 2,Yes,Low,Placed
Male,CSE,8.03,82.5,71.6,1,2.0,58.1,8,1,5,2,4,5,6,7.2,10,Yes,Medium,Tier 1,Yes,Low,Not Placed
Male,IT,6.96,64.8,67.6,0,3.2,75.0,7,3,4,3,4,4,5,5.9,10,No,Low,Tier 2,Yes,Medium,Placed
Male,ECE,9.43,87.7,88.2,0,4.5,71.8,7,2,5,4,5,5,1,6.3,10,Yes,Medium,Tier 2,Yes,Medium,Placed
Female,IT,7.64,74.0,69.2,1,0.9,69.9,8,2,5,3,4,5,5,6.5,8,Yes,Low,Tier 2,Yes,,Placed
Female,IT,7.26,66.7,64.2,1,2.9,73.8,8,3,5,4,4,6,9,6.1,5,Yes,High,Tier 3,Yes,,Placed
Male,CSE,8.75,81.1,78.8,0,3.9,73.4,7,2,5,3,5,6,1,6.0,9,No,High,Tier 1,Yes,High,Placed
Male,CE,8.87,76.9,74.3,0,2.7,75.8,7,2,5,3,4,6,3,4.1,10,No,Low,Tier 2,Yes,High,Placed
Female,CSE,7.4,64.9,65.2,0,2.1,64.0,6,3,5,4,3,5,1,7.1,10,No,High,Tier 2,Yes,Medium,Placed
Male,CSE,10.0,90.0,84.5,0,5.9,82.0,6,3,5,3,5,6,0,7.1,9,No,High,Tier 2,Yes,Low,Placed
Male,CSE,10.0,84.5,92.2,0,5.9,78.4,7,4,5,4,5,4,2,6.0,8,No,Medium,Tier 3,Yes,High,Placed
Male,CE,8.73,86.6,71.7,0,5.8,68.2,3,2,2,3,4,1,1,7.4,5,No,Medium,Tier 2,Yes,,Placed
Female,CSE,7.97,66.0,64.2,0,5.1,73.3,2,2,2,3,4,1,3,8.7,10,Yes,Medium,Tier 1,Yes,Medium,Placed
Female,CSE,6.73,55.2,60.2,0,1.6,60.7,5,0,4,3,3,5,1,7.0,5,No,Medium,Tier 3,Yes,Low,Placed
Male,CE,7.25,65.3,68.4,1,4.0,69.0,6,2,4,5,3,6,3,8.6,8,No,Medium,Tier 3,Yes,Medium,Not Placed
Female,CSE,7.07,65.9,63.4,0,6.7,75.6,6,2,3,5,3,4,2,9.0,4,No,Medium,Tier 2,Yes,,Placed
Female,CSE,8.73,74.9,84.5,0,1.6,55.0,7,3,5,4,4,5,3,9.0,5,No,Medium,Tier 2,Yes,Medium,Placed
Male,CSE,7.91,68.6,71.8,0,2.0,68.0,7,1,4,1,4,6,6,5.6,6,No,Low,Tier 1,Yes,Medium,Placed
Male,ECE,7.92,69.9,82.8,0,4.5,70.3,2,4,1,1,4,1,2,5.6,4,No,High,Tier 1,Yes,High,Placed
Male,ECE,5.8,52.4,53.3,0,5.5,75.8,7,0,4,5,2,6,2,6.5,4,No,Medium,Tier 1,Yes,Medium,Placed
Female,CSE,9.15,85.6,94.7,0,5.4,79.5,7,4,5,1,3,4,2,7.2,5,No,Medium,Tier 2,Yes,High,Placed
Male,IT,8.49,72.7,76.5,0,4.6,73.1,8,3,5,5,5,5,1,8.9,6,No,High,Tier 3,Yes,High,Placed
Female,CE,8.21,71.8,77.4,1,2.0,69.8,3,1,2,2,4,3,0,7.8,4,No,Medium,Tier 2,Yes,Low,Not Placed
Male,ECE,8.23,76.0,74.9,0,5.0,77.4,6,2,3,4,4,3,2,5.6,10,Yes,Medium,Tier 1,Yes,,Placed
Female,ECE,9.21,88.8,84.8,0,2.8,66.5,7,2,5,4,5,4,5,6.3,5,Yes,High,Tier 1,Yes,Medium,Placed
Male,ECE,6.82,65.9,58.1,1,4.7,75.4,6,1,5,5,3,5,5,6.9,6,No,High,Tier 2,Yes,High,Placed
Male,ME,10.0,91.9,92.7,0,3.8,75.2,8,3,5,3,4,5,3,5.2,9,No,Low,Tier 2,Yes,,Placed
Female,CSE,6.89,51.7,55.8,1,3.4,69.1,8,2,5,5,3,6,3,7.0,7,No,Medium,Tier 2,Yes,Medium,Placed
Female,CSE,8.75,74.4,78.3,1,8.7,89.2,5,1,3,3,5,3,2,5.6,6,No,High,Tier 2,Yes,,Not Placed
Female,IT,5.13,50.0,50.0,1,1.6,69.0,7,0,5,4,3,4,6,5.0,7,No,Medium,Tier 2,Yes,,Placed
Male,CSE,8.27,79.5,72.5,0,2.5,65.3,8,3,5,5,5,5,2,5.9,5,No,Medium,Tier 1,Yes,Medium,Placed
Female,ECE,8.37,70.0,80.3,0,6.1,81.7,3,1,2,4,4,1,4,7.5,6,Yes,Low,Tier 1,Yes,Medium,Placed
Male,IT,8.68,70.4,80.1,0,7.5,80.5,8,0,5,3,4,6,2,7.5,10,No,Low,Tier 1,Yes,Medium,Placed
Male,ME,8.96,82.6,71.2,0,5.3,79.8,8,4,5,5,5,4,2,7.1,5,No,Medium,Tier 1,Yes,High,Placed
Male,ECE,7.93,73.9,75.8,0,3.5,65.3,2,2,2,2,4,3,3,8.2,4,No,Medium,Tier 1,Yes,,Not Placed
Male,ME,9.72,83.7,87.5,0,2.4,68.4,8,4,5,4,5,4,2,8.1,6,No,High,Tier 2,Yes,,Placed
Male,CSE,8.1,70.7,77.3,0,5.7,78.2,7,4,4,2,4,6,4,7.2,6,Yes,Medium,Tier 3,Yes,High,Placed
Female,CE,8.79,87.1,79.8,0,4.0,74.9,6,1,4,4,5,5,4,7.1,8,No,Low,Tier 3,Yes,Medium,Placed
Male,ECE,7.48,60.4,60.8,0,3.0,69.3,4,2,3,5,4,2,2,7.2,3,Yes,Low,Tier 2,Yes,Low,Placed
Female,IT,9.62,81.4,93.7,0,6.1,77.3,8,3,4,5,5,4,2,6.8,7,Yes,High,Tier 3,Yes,Medium,Placed
Male,IT,7.23,68.1,69.1,2,3.7,65.3,6,0,5,3,3,6,6,4.4,4,No,Medium,Tier 1,Yes,High,Not Placed
Male,IT,7.73,70.1,70.1,0,1.4,63.0,6,4,4,2,4,4,1,8.4,7,Yes,Medium,Tier 3,Yes,Medium,Placed
Male,IT,7.87,70.5,65.2,1,4.2,69.5,4,4,2,2,3,1,2,7.5,4,No,High,Tier 2,Yes,Medium,Placed
Female,ECE,8.62,69.8,79.6,0,3.3,74.7,5,2,2,1,4,3,0,5.5,3,No,Medium,Tier 2,Yes,Low,Placed
Female,ECE,7.2,60.0,66.3,1,2.0,68.9,6,0,4,3,4,4,0,8.7,7,Yes,Low,Tier 2,Yes,Low,Placed
Female,ECE,7.81,68.7,65.0,1,4.6,64.3,7,3,5,5,4,4,2,6.3,4,Yes,High,Tier 1,Yes,High,Placed
Female,ME,8.25,83.7,73.9,0,4.9,83.8,5,2,4,1,4,4,3,6.9,7,No,High,Tier 3,Yes,Medium,Placed
Male,IT,7.47,64.6,57.9,0,0.0,63.4,6,3,4,2,4,5,3,8.2,4,Yes,Low,Tier 1,Yes,Low,Placed
Male,CSE,8.52,69.3,67.4,0,6.2,77.3,4,2,3,5,5,2,0,7.3,10,No,High,Tier 2,Yes,Medium,Placed
Female,IT,7.63,66.4,63.1,0,6.0,81.1,4,3,3,5,3,1,2,8.6,4,No,Medium,Tier 2,No,Medium,Placed
Male,IT,7.4,63.0,66.9,1,3.8,66.4,8,0,5,4,4,6,3,6.6,9,No,Medium,Tier 1,Yes,Low,Not Placed
Male,IT,8.12,76.0,68.7,0,2.4,62.9,7,3,5,3,4,4,3,9.0,7,No,High,Tier 1,Yes,Medium,Placed
Male,IT,9.95,76.5,94.8,0,5.1,68.2,4,2,3,1,5,4,2,6.1,4,No,High,Tier 1,Yes,,Placed
Male,CSE,8.32,71.5,71.1,1,4.0,71.7,5,2,4,3,5,3,2,8.6,2,No,Low,Tier 1,Yes,Low,Placed
Male,CSE,8.71,85.5,76.5,0,2.9,73.7,7,2,5,2,4,4,7,4.3,7,No,Low,Tier 3,Yes,Medium,Placed
Male,CSE,7.93,74.5,76.8,1,3.0,71.5,8,3,5,4,4,6,5,5.7,10,No,Low,Tier 2,No,,Placed
Male,CSE,7.82,70.7,68.1,1,4.4,73.8,8,3,5,4,4,6,1,7.4,2,No,Medium,Tier 1,Yes,Low,Placed
Male,ME,9.3,80.9,83.8,0,6.7,80.9,7,3,4,4,5,4,3,6.5,9,No,Low,Tier 2,Yes,High,Placed
Male,IT,7.91,74.6,76.1,1,1.4,73.8,4,2,2,1,4,1,2,6.9,5,No,Medium,Tier 3,Yes,Medium,Placed
Male,IT,9.39,87.7,94.2,0,4.6,80.0,8,3,5,3,4,6,4,7.0,7,Yes,Low,Tier 1,Yes,Low,Placed
Female,ME,10.0,84.4,94.5,0,2.2,62.5,4,4,2,2,5,2,2,5.6,10,Yes,Medium,Tier 1,No,Low,Placed
Male,CSE,8.22,79.5,76.2,0,4.6,67.4,5,3,4,4,4,5,5,5.7,10,No,Low,Tier 3,Yes,Low,Placed
Male,CSE,9.7,98.5,98.1,0,5.2,75.7,3,3,3,1,5,2,4,7.3,7,No,High,Tier 1,Yes,Medium,Placed
Female,CSE,9.08,79.7,75.2,3,1.5,62.9,8,2,5,2,5,6,3,6.2,4,No,Low,Tier 2,Yes,,Not Placed
Male,ECE,7.81,65.2,80.7,0,5.1,80.3,2,2,2,5,4,1,3,8.6,5,No,Medium,Tier 1,No,Low,Placed
Male,ECE,8.11,77.0,74.1,0,4.5,70.1,8,2,4,5,4,3,8,6.8,3,No,High,Tier 3,Yes,Low,Placed
Female,CSE,7.72,74.1,71.6,1,6.6,85.8,3,4,2,4,4,4,0,7.9,1,No,Medium,Tier 3,Yes,Low,Placed
Male,ECE,9.67,85.7,81.5,1,4.0,73.8,7,4,5,1,5,6,3,7.5,3,No,Low,Tier 3,Yes,,Placed
Female,CSE,7.76,63.8,63.6,0,4.6,69.9,2,1,2,2,5,2,1,6.3,1,No,Low,Tier 2,Yes,,Not Placed
Female,ME,7.67,71.2,66.6,0,4.9,68.8,5,4,3,3,4,4,4,4.6,8,Yes,Medium,Tier 2,Yes,High,Placed
Female,ECE,10.0,75.5,89.8,0,6.8,81.2,5,4,4,3,5,3,1,8.4,7,No,Medium,Tier 1,Yes,High,Placed
Male,ECE,7.04,64.1,63.3,0,0.4,58.6,3,2,2,2,4,3,1,5.8,10,No,Medium,Tier 3,Yes,Low,Placed
Male,ECE,9.2,66.8,84.0,0,0.9,67.1,4,3,2,5,5,1,0,6.5,4,No,Medium,Tier 3,No,Medium,Placed
Male,IT,10.0,87.9,87.2,0,3.8,70.6,7,3,4,4,5,6,3,6.8,10,No,Medium,Tier 2,Yes,Medium,Placed
Male,CSE,7.37,72.4,68.6,0,4.7,59.4,2,2,2,3,4,2,1,6.9,10,Yes,Medium,Tier 2,Yes,,Placed
Male,ECE,8.9,90.9,72.3,0,0.7,62.2,5,2,3,1,5,3,6,8.2,1,No,Medium,Tier 1,Yes,Low,Placed
Male,CE,8.71,83.6,85.6,0,3.9,63.5,8,3,5,1,4,5,1,7.0,8,Yes,High,Tier 2,Yes,Low,Placed
Male,ME,9.06,82.4,78.6,0,2.5,63.3,7,1,4,1,4,3,0,6.8,3,No,Low,Tier 2,Yes,Medium,Not Placed
Male,IT,9.44,87.4,85.8,0,1.4,57.4,4,3,3,1,5,3,2,8.2,1,No,Medium,Tier 2,Yes,Medium,Placed
Male,ECE,6.22,57.1,54.2,0,3.7,70.1,8,0,5,2,3,4,4,7.7,4,No,Low,Tier 2,No,High,Placed
Male,ECE,8.95,75.4,80.4,0,5.4,68.0,7,2,5,2,5,5,5,6.1,9,No,Medium,Tier 1,Yes,Medium,Placed
Female,CSE,9.43,87.0,86.3,0,7.7,76.8,7,3,5,2,4,3,3,5.6,8,No,High,Tier 3,Yes,High,Placed
Male,ME,8.45,74.3,94.2,0,8.2,91.1,7,3,5,2,4,6,3,6.0,6,No,Medium,Tier 3,Yes,High,Placed
Male,CSE,9.61,90.5,77.5,0,6.5,80.0,7,4,5,3,5,6,3,6.9,7,No,High,Tier 3,Yes,High,Placed
Female,CSE,9.75,93.5,83.2,1,4.6,71.9,7,3,5,4,5,5,4,5.5,3,No,Medium,Tier 3,Yes,Low,Placed
Male,ECE,7.89,68.8,64.8,0,3.8,67.9,4,4,2,3,4,1,1,7.1,5,No,High,Tier 2,Yes,Low,Placed
Male,ECE,7.13,63.8,65.7,0,4.3,68.0,2,2,2,4,3,3,1,6.8,5,Yes,Medium,Tier 1,Yes,Medium,Placed
Male,CSE,10.0,91.2,91.9,0,4.3,82.1,4,2,3,1,5,2,2,4.0,6,No,Low,Tier 3,Yes,Medium,Placed
Female,ME,7.62,69.7,75.5,1,6.2,76.6,3,3,2,3,4,1,1,5.3,9,No,Low,Tier 2,Yes,Low,Placed
Male,ME,7.45,78.1,67.3,0,7.2,71.8,7,0,4,3,4,3,5,4.0,4,No,Medium,Tier 2,Yes,High,Placed
Male,CSE,8.23,72.7,80.5,0,1.7,60.2,2,2,2,5,4,1,3,6.6,5,No,Low,Tier 2,Yes,High,Placed
Male,ECE,6.01,50.0,59.7,0,3.4,75.6,5,2,5,4,3,5,1,8.3,7,No,Medium,Tier 3,Yes,Medium,Placed
Female,CE,8.25,73.2,73.6,0,5.9,84.5,7,2,5,1,4,4,5,4.7,5,No,Medium,Tier 1,No,Low,Placed
Male,ECE,9.16,92.0,79.0,0,3.7,61.9,6,2,4,2,5,3,5,5.4,4,No,High,Tier 1,Yes,High,Placed
Male,ECE,7.51,69.6,66.9,0,3.2,65.3,1,1,1,1,5,2,0,6.8,1,No,Medium,Tier 2,No,,Not Placed
Female,ECE,9.11,82.5,78.7,0,6.3,72.1,8,2,5,4,5,6,2,5.7,7,No,Medium,Tier 3,Yes,,Placed
Male,ME,8.56,71.0,77.4,0,3.0,60.5,4,3,3,3,5,4,3,5.7,7,No,High,Tier 2,Yes,High,Placed
Female,IT,9.18,81.9,78.7,0,5.3,78.7,8,4,5,1,5,5,4,7.6,4,No,High,Tier 2,Yes,Medium,Placed
Male,ME,7.33,73.6,67.7,0,3.4,71.2,8,1,5,1,3,5,5,6.4,8,No,Low,Tier 2,No,Low,Not Placed
Female,CSE,8.66,83.5,69.8,0,8.4,83.9,8,4,5,2,4,4,3,5.2,4,No,Medium,Tier 3,No,High,Placed
Male,ECE,8.79,86.3,81.0,0,6.5,77.4,7,3,5,5,4,5,3,4.5,6,No,Medium,Tier 3,Yes,Low,Placed
Female,IT,8.47,70.0,79.7,0,3.3,72.5,8,3,5,1,5,6,5,9.0,5,No,Medium,Tier 2,Yes,Medium,Placed
Female,CSE,8.2,77.5,76.7,1,4.6,76.0,8,4,5,3,4,3,3,8.4,9,No,Medium,Tier 1,Yes,Medium,Placed
Male,IT,10.0,79.7,77.0,0,5.2,76.7,8,3,5,2,5,5,2,6.5,3,No,High,Tier 3,Yes,,Placed
Male,IT,8.41,75.2,76.8,0,3.2,71.1,8,1,5,5,3,5,2,7.1,1,No,Medium,Tier 2,No,Low,Placed
Male,CSE,8.75,80.3,80.9,0,3.4,81.8,8,4,5,2,5,6,1,6.4,4,No,Medium,Tier 3,Yes,High,Placed
Male,IT,7.21,70.8,79.2,1,5.7,70.1,5,1,3,4,4,2,1,7.6,10,No,High,Tier 1,Yes,,Not Placed
Male,ECE,10.0,94.7,90.8,0,4.0,66.5,3,4,2,1,4,1,1,6.0,6,No,Low,Tier 2,Yes,,Placed
Male,IT,8.72,84.8,71.1,0,1.2,67.6,8,2,5,4,5,5,4,6.3,7,No,Medium,Tier 3,Yes,Low,Placed
Male,ECE,8.97,87.7,72.3,0,5.1,80.1,5,3,4,2,5,5,0,7.5,4,No,Medium,Tier 1,Yes,,Placed
Male,ECE,10.0,89.6,88.9,0,5.9,92.3,8,4,5,4,4,4,3,8.7,4,No,Low,Tier 2,Yes,High,Placed
Male,ME,7.11,57.3,59.7,0,3.3,66.1,1,3,1,1,4,0,2,7.9,6,No,Medium,Tier 2,Yes,,Placed
Female,CE,7.35,69.0,70.3,0,2.5,71.3,6,2,4,5,4,3,1,8.5,1,No,Low,Tier 3,Yes,Medium,Placed
Male,CSE,9.84,92.8,96.8,0,6.7,79.1,5,4,3,2,5,3,0,6.6,5,No,High,Tier 1,Yes,Low,Placed
Male,ME,9.77,85.2,75.9,0,4.3,76.5,5,4,3,4,5,3,2,6.3,3,No,Medium,Tier 1,Yes,High,Placed
Male,CSE,6.15,55.7,53.7,1,3.8,60.9,4,1,3,4,3,5,3,4.7,10,No,Medium,Tier 3,Yes,Medium,Not Placed
Male,ECE,7.39,69.9,73.0,0,3.8,71.0,6,2,5,4,4,5,2,7.1,5,No,Medium,Tier 2,Yes,Low,Placed
Male,ECE,7.25,72.9,69.5,1,6.9,80.0,3,2,2,5,3,2,2,7.5,7,No,Low,Tier 1,Yes,High,Not Placed
Male,ECE,9.27,76.4,79.3,0,4.5,68.5,7,4,5,2,5,5,4,6.6,8,No,Low,Tier 1,Yes,,Placed
Male,ECE,8.44,82.1,77.9,0,4.9,76.3,5,0,3,2,4,3,3,6.1,8,No,Medium,Tier 3,Yes,Medium,Placed
Female,CSE,9.04,81.1,87.4,0,3.7,66.1,7,3,5,4,5,5,5,8.5,2,No,Medium,Tier 1,Yes,High,Placed
Male,CSE,7.55,67.1,68.1,1,4.0,72.3,4,1,3,2,3,1,2,7.8,2,No,Medium,Tier 2,Yes,Medium,Not Placed
Female,CSE,8.4,81.9,78.9,0,3.4,68.2,4,3,4,2,4,4,4,8.6,10,No,Medium,Tier 2,Yes,Medium,Placed
Female,ECE,6.4,54.9,64.0,0,5.0,72.3,4,1,2,5,4,2,1,5.9,8,Yes,Medium,Tier 3,No,,Placed
Female,IT,8.96,83.3,80.2,0,1.8,66.6,4,3,3,5,4,5,0,6.2,3,No,Medium,Tier 3,Yes,,Placed
Female,CSE,10.0,86.5,90.5,0,4.5,75.6,8,3,5,1,4,5,3,8.4,10,No,Medium,Tier 2,Yes,,Placed
Male,IT,6.22,54.9,61.1,1,3.3,67.2,7,2,4,5,3,4,3,6.9,1,No,Low,Tier 1,Yes,High,Placed
Male,CE,9.39,91.9,88.1,0,3.0,64.8,8,4,5,5,5,3,4,6.3,9,Yes,Medium,Tier 3,Yes,High,Placed
Female,ME,8.36,77.4,82.0,1,4.9,73.9,6,2,3,2,4,4,3,6.4,6,No,High,Tier 2,Yes,Low,Placed
Male,ME,8.85,86.1,84.3,0,4.0,74.1,6,0,4,1,5,5,4,7.0,3,No,Low,Tier 3,Yes,Low,Placed
Male,IT,7.63,58.4,77.5,0,2.0,69.2,5,1,4,5,4,5,1,8.2,8,No,Medium,Tier 2,Yes,,Placed
Female,CSE,7.25,71.8,62.4,0,2.2,64.0,6,2,5,4,4,6,2,6.8,1,No,Medium,Tier 2,Yes,Low,Placed
Female,ECE,10.0,84.9,91.7,0,4.4,67.8,5,4,4,4,4,3,3,7.9,3,No,Medium,Tier 1,Yes,Low,Placed
Female,ME,7.36,63.1,65.5,0,2.4,65.4,6,3,4,2,4,3,4,7.6,9,No,Medium,Tier 3,Yes,Medium,Placed
Female,ME,9.19,80.4,74.4,0,0.7,62.4,6,2,4,4,5,4,5,5.9,9,Yes,Low,Tier 2,Yes,High,Not Placed
Female,IT,9.48,87.2,80.4,0,5.6,66.1,6,2,4,5,4,4,2,5.9,3,No,Medium,Tier 2,Yes,Medium,Placed
Male,CSE,7.57,70.1,73.7,0,1.5,63.8,6,2,4,2,3,5,2,6.5,9,No,Low,Tier 1,Yes,Medium,Placed
Female,ME,9.73,90.6,90.9,0,3.3,64.2,6,2,4,1,5,5,4,5.4,9,No,Medium,Tier 1,Yes,Medium,Placed
Male,ECE,8.26,76.2,79.2,1,2.2,64.9,8,1,5,5,4,4,2,6.4,1,No,High,Tier 1,Yes,Medium,Placed
Male,ECE,9.73,89.5,86.6,0,2.1,64.4,2,4,2,1,5,3,1,8.8,1,No,Medium,Tier 2,Yes,Low,Placed
Female,ECE,9.71,85.9,88.3,0,4.7,70.8,8,2,5,3,4,5,4,7.0,6,Yes,Low,Tier 3,Yes,Low,Placed
Male,ME,6.95,63.7,64.8,2,2.7,65.9,6,2,5,3,4,5,4,6.1,4,No,High,Tier 2,Yes,Low,Not Placed
Male,IT,7.12,66.3,62.7,0,3.6,76.6,6,2,4,2,4,2,4,9.0,8,No,High,Tier 3,No,Medium,Placed
Male,ECE,7.21,57.8,66.9,1,0.4,59.6,0,1,1,2,2,2,0,5.9,5,Yes,Medium,Tier 1,No,High,Placed
Female,IT,8.49,79.1,65.9,0,7.5,97.7,8,3,5,1,4,4,1,5.8,9,Yes,Medium,Tier 2,Yes,Medium,Placed
Male,ECE,8.89,81.1,80.3,1,4.7,71.2,5,2,3,5,4,3,3,8.5,8,No,Low,Tier 2,Yes,High,Placed
Female,CSE,7.35,71.4,63.9,1,6.8,74.4,3,2,2,1,4,1,2,7.8,1,No,High,Tier 3,Yes,,Placed
Male,CSE,8.84,87.1,82.2,0,6.6,84.9,7,1,5,4,4,4,2,6.8,3,No,Medium,Tier 3,Yes,Medium,Placed
Female,CSE,9.57,94.0,94.7,0,6.4,74.1,7,3,5,5,5,6,4,8.0,1,No,High,Tier 2,Yes,High,Placed
Female,ECE,9.11,66.0,84.9,0,3.5,68.0,4,2,3,1,5,4,2,7.4,7,No,Medium,Tier 3,Yes,Medium,Placed
Male,ECE,7.87,66.5,74.1,0,4.1,61.2,1,3,1,2,3,0,3,5.6,3,No,Medium,Tier 1,Yes,High,Not Placed
Male,CE,6.69,55.1,71.2,0,2.0,64.8,6,2,2,4,3,4,1,4.1,10,No,High,Tier 2,Yes,Medium,Placed
Male,CE,7.92,71.4,69.7,0,4.2,83.2,5,2,4,5,4,3,3,6.3,8,No,Medium,Tier 1,Yes,Low,Placed
Female,CSE,8.69,74.9,73.9,0,1.5,67.0,7,3,5,5,4,3,3,8.3,4,Yes,Low,Tier 2,Yes,Low,Placed
Female,CSE,7.65,73.7,62.1,0,6.8,79.6,7,0,4,5,4,2,3,6.5,4,No,Low,Tier 1,Yes,Medium,Placed
Female,CSE,8.22,70.6,81.6,0,5.8,74.2,7,1,5,3,5,6,3,7.6,9,No,Medium,Tier 3,Yes,High,Placed
Male,ECE,7.89,72.0,76.8,0,5.2,68.4,6,2,3,1,3,1,3,7.2,10,No,Low,Tier 2,Yes,,Placed
Female,CSE,6.45,54.1,51.0,5,2.9,78.9,7,1,5,1,4,6,2,5.0,8,No,Medium,Tier 3,Yes,Medium,Not Placed
Female,CSE,7.09,64.5,69.4,1,6.3,68.5,8,3,5,4,4,6,1,6.5,6,Yes,Medium,Tier 2,Yes,Medium,Placed
Female,IT,9.38,71.5,87.0,0,0.8,66.6,3,4,3,5,5,6,5,7.4,6,Yes,Medium,Tier 1,Yes,,Placed
Female,IT,9.34,80.8,77.2,0,3.8,71.1,6,3,5,3,5,5,7,6.1,1,No,Medium,Tier 3,Yes,,Placed
Male,CSE,9.64,78.0,89.0,0,4.3,74.4,4,1,3,1,5,2,2,6.6,1,No,High,Tier 3,Yes,Low,Placed
Male,ECE,8.68,83.7,79.1,2,7.3,90.2,5,2,2,4,4,2,2,7.5,3,No,Low,Tier 3,Yes,Low,Not Placed
Female,ECE,8.31,75.4,74.9,0,1.4,58.4,3,1,3,5,5,4,2,7.1,2,No,Medium,Tier 2,Yes,,Placed
Female,CE,9.19,82.1,75.9,0,6.7,82.6,6,2,3,5,5,3,4,8.3,10,No,Low,Tier 3,Yes,,Placed
Male,ECE,10.0,88.0,100.0,0,6.3,72.0,3,3,3,2,5,5,4,7.5,2,Yes,Medium,Tier 3,Yes,,Placed
Male,CSE,9.0,80.1,75.2,0,6.4,90.4,3,2,3,5,5,2,0,5.9,7,No,High,Tier 1,Yes,Medium,Placed
Male,CE,7.24,70.5,60.5,1,2.9,68.0,8,0,5,4,3,6,3,6.4,3,No,High,Tier 1,No,Medium,Placed
Male,ECE,9.1,81.9,75.4,1,4.9,68.0,5,3,3,4,5,2,1,7.0,7,No,Medium,Tier 1,Yes,Medium,Not Placed
Male,CSE,5.76,50.0,58.6,3,5.8,76.1,6,0,3,4,2,5,3,8.6,8,No,Medium,Tier 2,Yes,Medium,Not Placed
Female,ECE,7.32,57.2,60.4,1,4.6,75.7,8,1,5,4,3,6,1,6.4,10,No,High,Tier 2,Yes,High,Placed
Female,ECE,8.31,72.0,73.0,0,4.7,82.8,4,2,3,1,5,2,4,4.9,9,Yes,High,Tier 3,Yes,High,Placed
Male,ECE,9.17,81.9,84.9,0,5.0,73.3,3,3,2,4,4,2,3,7.5,6,Yes,High,Tier 2,Yes,High,Placed
Male,CSE,8.61,79.4,66.9,0,2.7,64.5,7,1,5,5,5,5,2,6.1,10,No,Medium,Tier 3,Yes,Low,Placed
Male,ECE,7.58,70.9,63.6,0,2.7,73.3,6,3,4,3,3,4,4,5.5,8,Yes,High,Tier 2,Yes,High,Placed
Male,CSE,8.71,81.9,74.6,1,5.6,76.9,5,1,3,3,5,2,1,7.0,1,No,Low,Tier 1,Yes,Medium,Placed
Female,CE,7.9,70.4,76.6,0,2.8,68.1,4,2,3,5,4,2,2,8.2,6,No,Low,Tier 1,Yes,Low,Placed
Female,CSE,9.11,77.5,81.2,0,4.7,75.3,8,2,5,2,4,5,3,6.3,6,No,Low,Tier 2,Yes,,Placed
Male,CSE,8.62,76.7,75.4,0,1.4,54.1,7,2,4,4,4,4,3,7.6,4,Yes,Low,Tier 3,Yes,Medium,Placed
Female,ME,8.34,70.3,80.4,2,3.6,70.0,5,1,3,2,4,4,4,7.8,4,No,Medium,Tier 3,Yes,,Not Placed
Female,CE,8.32,65.8,72.5,0,7.0,77.8,6,4,5,1,4,4,2,8.0,4,No,High,Tier 2,Yes,Low,Placed
Female,IT,8.75,80.8,85.3,0,4.4,69.7,2,4,3,4,5,4,2,6.1,6,No,Medium,Tier 3,Yes,Medium,Placed
Male,ECE,8.54,67.2,90.3,0,6.4,80.3,7,4,5,1,4,4,3,5.7,10,No,Medium,Tier 2,Yes,Medium,Placed
Female,CSE,10.0,84.5,96.4,0,7.4,69.2,4,2,3,2,5,1,0,5.8,10,No,Medium,Tier 2,Yes,High,Placed
Male,CE,8.07,72.4,82.9,0,5.8,71.9,8,2,5,3,5,2,6,7.9,9,No,Medium,Tier 2,No,Medium,Placed
Male,ME,8.36,83.5,78.4,1,4.9,74.6,6,2,4,2,5,3,7,7.8,5,No,Medium,Tier 1,Yes,Medium,Placed
Male,CSE,7.23,61.6,66.5,0,3.8,73.7,3,2,2,4,4,1,0,5.9,10,No,High,Tier 1,Yes,Low,Placed
Male,IT,9.82,78.0,88.3,0,3.6,70.1,8,4,5,3,5,5,4,9.0,8,No,Medium,Tier 1,Yes,Medium,Placed
Male,CSE,8.08,71.9,78.0,0,3.4,63.4,4,3,3,3,4,5,1,5.7,10,No,Medium,Tier 2,Yes,Low,Placed
Male,IT,9.08,81.2,75.4,0,6.2,76.5,6,3,5,4,5,4,3,8.2,4,No,Medium,Tier 3,Yes,High,Placed
Male,IT,10.0,85.2,95.5,0,4.4,78.0,7,3,5,3,5,6,5,8.8,4,No,High,Tier 1,Yes,Low,Placed
Female,ME,9.92,88.0,87.4,0,5.7,82.5,6,1,4,5,5,3,2,7.1,3,No,Low,Tier 2,Yes,Low,Placed
Female,IT,7.47,63.3,70.6,0,7.3,79.1,7,0,5,3,3,6,1,6.1,5,No,Medium,Tier 1,Yes,Low,Placed
Male,CE,9.99,91.6,90.9,0,7.9,77.3,4,2,3,4,5,3,5,6.1,8,No,Medium,Tier 3,Yes,High,Placed
Female,CSE,9.6,82.7,90.0,1,5.4,84.8,6,2,3,3,4,5,3,6.7,8,No,Medium,Tier 3,Yes,High,Placed
Female,ECE,6.73,56.9,64.6,0,5.4,88.8,2,1,1,1,4,3,1,8.3,9,No,High,Tier 3,Yes,Low,Not Placed
Female,CSE,9.88,92.8,90.4,0,3.6,73.3,6,4,4,1,4,6,6,5.6,3,No,Medium,Tier 2,Yes,Low,Placed
Male,ECE,7.9,70.0,72.3,0,5.9,77.3,8,1,4,2,4,4,4,4.8,7,Yes,Medium,Tier 1,Yes,Medium,Placed
Female,CE,8.47,73.2,74.0,0,2.3,60.7,8,2,5,3,4,5,6,7.4,6,No,High,Tier 3,No,High,Placed
Female,ECE,7.95,79.1,71.9,0,4.2,73.5,6,2,3,2,3,3,4,7.7,5,No,Medium,Tier 1,Yes,Low,Placed
Female,ECE,10.0,91.7,86.2,0,2.0,66.0,4,3,4,3,5,5,3,9.0,4,No,Medium,Tier 1,Yes,,Placed
Male,ME,8.13,64.7,67.5,0,1.4,60.0,3,3,3,2,5,4,2,5.3,5,No,Medium,Tier 1,Yes,Low,Placed
Male,IT,9.53,79.6,77.7,0,4.6,69.7,4,4,3,3,5,3,3,6.8,2,No,Low,Tier 2,Yes,Medium,Placed
Female,CSE,7.73,69.0,73.4,1,2.0,62.3,3,3,2,4,4,2,0,8.4,9,No,Medium,Tier 2,No,Low,Placed
Male,ECE,6.94,66.8,57.3,0,2.9,74.6,4,0,2,5,3,4,3,7.1,10,No,Low,Tier 2,Yes,,Placed
Male,CSE,8.54,66.1,79.8,0,4.9,76.8,7,2,5,2,5,6,4,6.8,3,No,High,Tier 2,Yes,,Placed
Male,ME,6.97,56.4,63.2,1,5.9,83.7,8,1,5,5,3,4,4,7.9,4,No,Medium,Tier 1,No,Medium,Not Placed
Female,CSE,9.45,91.9,79.1,0,7.9,82.7,8,3,5,3,5,5,9,6.3,1,No,Low,Tier 3,Yes,High,Placed
Female,ME,7.87,66.8,62.7,0,0.2,61.8,2,3,2,2,4,1,2,8.0,1,No,Medium,Tier 2,Yes,High,Placed
Male,CSE,6.43,53.8,59.7,1,2.3,65.7,8,0,5,2,3,6,3,5.5,10,No,Medium,Tier 2,Yes,Medium,Placed
Female,CSE,7.04,56.1,57.8,1,0.2,54.0,4,0,2,5,4,1,0,5.2,10,No,Low,Tier 2,Yes,High,Not Placed
Male,IT,6.98,65.5,64.1,0,1.5,66.7,6,1,4,4,3,5,5,6.7,4,No,Low,Tier 1,Yes,Low,Placed
Female,CSE,7.69,60.8,71.9,2,5.0,71.4,7,3,5,5,4,4,6,4.0,10,Yes,Medium,Tier 1,Yes,Medium,Placed
Female,ECE,8.29,74.1,69.2,0,3.9,73.5,8,3,3,3,4,2,2,7.1,4,No,Medium,Tier 2,Yes,,Placed
Female,CSE,8.39,77.8,68.6,0,0.8,54.2,5,2,4,4,3,2,3,4.9,8,No,Medium,Tier 1,Yes,Medium,Placed
Female,ECE,7.74,70.0,68.7,1,4.7,78.0,7,1,5,5,3,3,2,7.3,3,Yes,Medium,Tier 1,Yes,High,Placed
Male,ECE,8.0,73.1,70.5,0,7.1,83.8,3,1,2,1,4,2,1,7.2,6,No,Medium,Tier 3,Yes,High,Placed
Female,ECE,8.32,71.8,71.3,0,1.9,61.1,6,2,5,1,5,5,0,6.9,7,No,Medium,Tier 2,Yes,Medium,Placed
Male,CSE,8.81,84.7,69.1,1,4.8,75.1,8,2,5,1,4,4,4,7.5,1,No,Medium,Tier 2,Yes,Medium,Placed
Female,ECE,9.49,87.4,90.5,1,7.2,81.7,3,2,2,3,3,1,1,7.2,8,No,Medium,Tier 2,Yes,High,Placed
Female,ME,7.85,63.5,70.2,0,2.2,76.3,4,1,2,3,3,3,2,6.6,6,No,Medium,Tier 3,Yes,Low,Placed
Female,CE,8.77,76.3,81.8,0,3.8,69.7,4,3,3,5,4,3,0,9.0,10,Yes,High,Tier 1,Yes,Medium,Placed
Male,ECE,5.14,55.8,50.0,0,1.1,64.0,7,0,4,2,2,4,0,7.5,4,No,Medium,Tier 3,Yes,Low,Not Placed
Female,ME,8.27,76.3,78.9,0,6.7,73.8,6,4,4,4,4,3,2,7.9,2,No,High,Tier 2,Yes,High,Placed
Male,CSE,8.42,79.3,74.5,0,4.8,75.7,3,1,2,5,4,1,0,8.3,9,No,Medium,Tier 1,Yes,,Placed
Male,CSE,8.0,66.0,70.4,0,2.8,73.6,5,1,2,1,5,0,2,7.8,8,No,Low,Tier 1,Yes,,Placed
Female,CSE,8.74,83.7,74.4,1,3.6,76.0,7,3,5,3,3,6,3,9.0,2,No,Medium,Tier 2,Yes,Medium,Placed
Male,CSE,9.43,74.4,86.2,0,5.9,78.3,7,3,5,1,5,6,7,7.2,8,No,Medium,Tier 2,Yes,,Placed
Female,CSE,7.19,66.3,62.9,0,0.8,63.4,4,2,3,3,4,4,3,7.0,9,Yes,Medium,Tier 1,Yes,,Placed
Male,ECE,8.42,74.2,73.2,0,2.4,68.7,6,2,4,2,4,4,3,6.2,5,No,Medium,Tier 2,Yes,Medium,Placed
Male,ME,8.06,71.1,64.0,1,4.4,74.8,8,2,5,5,4,4,2,6.7,8,Yes,High,Tier 2,Yes,High,Placed
Female,IT,8.59,82.4,75.2,0,5.8,78.4,7,2,5,5,4,6,4,6.1,7,No,Medium,Tier 2,No,Low,Placed
Male,CSE,9.11,76.4,84.0,1,4.9,65.4,7,1,5,3,4,6,3,7.8,4,No,Medium,Tier 3,Yes,High,Placed
Male,ME,6.66,61.1,59.3,1,1.1,67.1,8,3,4,1,3,5,2,5.9,8,No,Low,Tier 3,Yes,High,Not Placed
Female,IT,8.8,80.5,82.0,1,6.0,78.4,8,2,5,4,5,5,2,7.1,10,No,High,Tier 2,Yes,Medium,Placed
Male,ME,9.29,84.9,78.4,0,6.4,77.8,3,4,2,1,5,3,2,7.7,7,Yes,High,Tier 3,Yes,Medium,Placed
Female,CSE,8.41,82.8,72.8,0,6.0,71.0,8,3,5,3,4,6,3,7.2,6,No,Medium,Tier 1,No,,Placed
Male,CSE,8.47,76.0,78.2,0,4.0,76.1,8,2,5,5,4,6,4,5.9,10,No,Medium,Tier 1,Yes,Low,Placed
Female,CSE,8.19,75.9,73.6,1,2.9,78.5,3,2,2,4,4,1,1,7.8,2,No,Medium,Tier 2,No,Low,Placed
Female,ECE,7.8,75.4,55.2,0,6.9,86.8,7,2,4,5,5,3,5,6.9,10,No,Low,Tier 2,Yes,,Placed
Female,CE,7.4,62.8,63.8,1,3.1,66.4,2,4,3,5,4,3,2,4.0,10,No,Medium,Tier 2,Yes,Low,Placed
Male,CSE,8.3,73.9,69.2,0,4.3,64.2,5,2,2,3,5,4,5,5.8,10,No,Low,Tier 2,Yes,Low,Placed
Female,CSE,8.89,73.6,79.2,0,5.9,70.8,4,1,3,3,4,3,3,8.7,1,No,Medium,Tier 1,Yes,Medium,Placed
Female,CE,8.36,78.0,59.8,0,6.5,79.5,3,1,2,3,5,1,1,8.8,2,No,Medium,Tier 1,Yes,Medium,Not Placed
Female,CE,7.58,68.8,69.2,2,2.6,70.2,6,1,4,1,4,4,2,7.6,4,No,Medium,Tier 3,Yes,High,Not Placed
Male,ECE,8.77,82.6,82.2,0,6.6,84.6,4,3,3,3,4,3,2,7.9,5,No,Medium,Tier 3,Yes,,Placed
Female,ME,6.8,60.8,58.1,0,2.9,69.7,3,2,3,2,4,5,3,6.1,5,No,High,Tier 2,Yes,,Placed
Female,ECE,8.08,70.0,71.3,1,5.6,72.9,6,2,3,1,5,3,2,6.7,6,No,Low,Tier 2,Yes,Medium,Not Placed
Male,CSE,9.82,90.2,84.8,0,5.3,76.1,4,3,3,5,5,3,2,8.5,7,No,Medium,Tier 2,Yes,,Placed
Male,ECE,8.91,87.4,88.1,1,4.1,69.1,6,1,3,4,4,6,3,7.5,1,No,Low,Tier 1,Yes,Medium,Placed
Female,ME,7.45,70.0,73.7,1,1.3,66.0,7,4,4,1,4,4,4,7.1,7,No,Low,Tier 2,Yes,Medium,Placed
Male,IT,7.53,60.6,73.5,0,2.0,70.8,8,1,4,3,4,5,3,6.8,7,Yes,Low,Tier 2,Yes,Low,Placed
Female,CSE,10.0,90.9,99.5,0,6.0,75.8,6,4,4,2,5,3,1,8.4,5,No,Medium,Tier 2,Yes,Low,Placed
Female,ECE,8.52,87.3,83.2,0,4.9,76.1,4,3,2,1,4,2,2,8.3,6,No,Medium,Tier 1,Yes,Low,Placed
Female,ECE,8.99,77.6,78.3,0,5.1,74.6,8,2,5,4,4,4,3,7.8,8,No,High,Tier 3,Yes,Low,Placed
Male,ECE,7.49,65.0,68.0,1,3.4,68.6,2,2,1,1,3,2,0,7.1,7,Yes,Medium,Tier 3,Yes,,Placed
Male,CSE,8.35,65.4,77.9,1,3.2,66.6,2,3,2,5,4,1,6,6.6,5,No,Low,Tier 1,No,,Placed
Female,ECE,7.15,63.9,66.0,0,4.9,77.9,3,1,2,3,3,3,1,7.8,6,No,Medium,Tier 2,Yes,Medium,Placed
Male,IT,7.58,66.0,61.0,0,3.3,75.3,7,1,5,1,4,6,2,5.7,10,No,Low,Tier 3,Yes,,Placed
Female,ME,8.29,77.0,78.0,0,4.9,77.2,6,1,4,2,4,3,2,5.9,3,No,Medium,Tier 1,Yes,Medium,Placed
Male,ECE,5.76,51.9,54.4,1,1.7,66.8,1,1,1,3,4,1,0,5.3,6,Yes,Low,Tier 2,Yes,Low,Not Placed
Male,CSE,9.07,82.6,84.5,0,4.2,73.3,4,3,3,4,4,3,2,8.5,3,No,Medium,Tier 2,Yes,,Placed
Male,CSE,7.44,69.7,68.6,0,2.6,63.0,6,3,5,3,3,3,2,6.1,9,No,Medium,Tier 2,Yes,Low,Placed
Male,ECE,9.42,75.7,84.7,0,4.5,80.7,8,1,5,1,4,4,0,7.5,3,No,High,Tier 3,Yes,Low,Placed
Female,IT,7.75,75.5,72.9,0,1.8,65.0,4,0,2,5,4,2,3,6.8,6,No,Medium,Tier 2,Yes,,Placed
Male,IT,7.71,71.5,59.3,1,6.6,79.0,5,3,2,3,3,2,1,9.0,9,No,High,Tier 1,Yes,,Not Placed
Male,ECE,8.21,78.8,76.4,0,0.7,66.0,3,2,2,1,5,0,2,7.5,10,No,Low,Tier 1,Yes,Low,Placed
Male,ECE,8.37,77.4,80.5,2,6.1,78.2,2,4,2,1,5,2,0,4.8,7,No,High,Tier 1,Yes,Low,Not Placed
Male,IT,8.17,75.5,82.1,1,3.4,69.9,6,2,4,5,4,3,4,8.4,10,No,Medium,Tier 2,Yes,High,Placed
Male,ECE,8.87,78.9,82.6,0,5.2,70.3,4,2,3,1,5,2,3,6.5,9,No,Low,Tier 3,Yes,High,Placed
Female,ME,8.54,74.4,72.3,0,4.9,70.6,7,2,5,4,4,4,5,6.8,9,No,Medium,Tier 1,Yes,,Placed
Male,CSE,7.53,72.1,65.2,1,3.0,68.1,6,3,4,5,5,4,3,6.2,6,No,Low,Tier 2,Yes,,Placed
Male,CE,6.44,60.1,60.4,0,3.2,75.9,3,1,2,4,3,1,5,7.2,8,No,Medium,Tier 2,Yes,Medium,Placed
Male,ECE,7.57,66.4,70.3,0,6.1,72.8,8,1,5,4,4,5,3,7.2,9,No,Low,Tier 1,Yes,High,Placed
Female,IT,8.02,78.8,67.0,0,4.3,67.3,6,3,3,1,5,4,1,6.2,9,No,Medium,Tier 2,Yes,High,Placed
Male,CE,8.12,72.1,73.8,0,3.5,66.1,5,4,2,3,3,1,0,6.4,8,No,High,Tier 2,Yes,,Placed
Male,CSE,9.38,86.4,83.5,0,3.2,73.0,5,2,4,4,5,4,7,7.1,4,No,Low,Tier 2,No,Low,Placed
Female,CE,10.0,84.3,88.6,0,3.5,69.1,4,4,2,4,5,3,2,4.2,10,No,Medium,Tier 2,Yes,Medium,Placed
Male,IT,8.74,76.4,79.1,1,7.3,77.5,8,3,5,3,5,4,5,5.3,4,No,Medium,Tier 2,Yes,High,Placed
Male,ECE,9.49,79.9,85.7,0,7.0,84.3,7,4,4,2,5,5,2,9.0,3,No,High,Tier 3,Yes,,Placed
Male,CSE,8.27,68.9,82.3,0,7.4,77.4,4,2,2,2,4,3,4,7.4,9,No,Medium,Tier 2,Yes,Medium,Placed
Female,CSE,7.94,70.5,61.6,1,7.3,82.4,8,2,5,5,4,6,5,6.4,10,No,Medium,Tier 2,Yes,Low,Placed
Male,ECE,7.83,67.8,70.3,0,2.6,61.3,4,2,3,5,4,3,2,5.0,6,No,Medium,Tier 2,Yes,,Placed
Female,ECE,7.96,76.4,71.7,1,4.1,79.4,3,3,2,4,4,4,0,6.9,2,No,Low,Tier 1,Yes,Low,Not Placed
Female,ME,7.58,65.0,59.1,1,2.8,74.1,2,2,1,3,4,1,3,8.2,4,Yes,Low,Tier 2,Yes,,Not Placed
Male,CSE,8.12,75.5,76.6,1,5.8,77.5,6,2,4,3,5,3,4,9.0,7,No,Medium,Tier 2,Yes,Medium,Placed
Male,IT,7.52,64.0,71.9,0,3.7,79.0,6,1,3,2,4,1,2,9.0,10,Yes,Low,Tier 1,Yes,Medium,Placed
Male,CSE,8.04,72.3,64.5,0,3.2,66.5,4,1,2,1,4,3,3,5.9,9,No,Medium,Tier 2,Yes,High,Not Placed
Female,CSE,8.25,68.8,78.2,1,3.2,64.0,6,2,4,1,5,3,3,6.4,8,No,Medium,Tier 1,Yes,Low,Placed
Male,ECE,6.94,65.8,58.2,0,2.5,75.1,5,2,3,2,4,2,3,5.2,5,No,Medium,Tier 2,Yes,,Placed
Male,ECE,8.81,86.7,81.1,0,5.4,71.3,2,4,2,2,5,1,1,6.0,7,No,Low,Tier 1,Yes,Low,Placed
Male,CSE,8.61,71.7,78.6,0,5.1,74.8,5,2,3,5,5,3,3,6.7,2,Yes,High,Tier 1,Yes,Low,Placed
Female,CSE,7.86,73.6,71.9,0,2.6,79.5,5,2,4,1,4,3,4,6.6,7,Yes,High,Tier 3,Yes,Medium,Placed
Male,CSE,9.2,90.8,72.1,0,5.8,73.9,8,2,5,5,4,4,5,9.0,3,No,Low,Tier 3,Yes,Low,Placed
Female,CE,9.98,85.7,81.4,0,4.7,73.9,3,3,3,2,5,4,3,5.4,4,No,Medium,Tier 1,Yes,Medium,Placed
Male,CE,7.97,79.0,72.8,0,2.1,71.2,5,3,3,2,4,2,2,6.9,5,Yes,Medium,Tier 2,Yes,Medium,Placed
Male,ECE,6.78,61.2,63.7,1,1.9,68.8,2,2,1,2,3,1,0,4.5,10,Yes,Low,Tier 1,Yes,,Not Placed
Male,CE,8.62,77.0,73.0,0,2.2,60.4,6,2,4,3,3,4,1,7.4,6,No,Medium,Tier 2,Yes,Medium,Placed
Male,CE,8.88,78.4,86.8,0,5.8,82.0,3,3,2,2,4,2,1,5.4,10,Yes,Low,Tier 2,Yes,Low,Placed
Male,CSE,8.63,76.3,74.5,1,7.0,79.5,7,0,4,1,5,5,1,8.3,8,No,High,Tier 1,No,High,Placed
Male,IT,7.76,63.7,68.1,0,0.0,63.9,2,1,2,1,4,3,2,6.7,5,No,High,Tier 3,Yes,Medium,Placed
Female,IT,6.61,56.6,58.7,0,1.6,57.3,3,2,2,2,3,1,2,5.3,10,No,Medium,Tier 1,Yes,,Placed
Female,CSE,7.52,78.4,68.9,0,6.6,90.0,7,2,5,5,4,5,2,4.5,5,Yes,Medium,Tier 1,Yes,Low,Placed
Female,CSE,7.22,57.8,64.5,0,3.4,68.6,3,1,2,5,4,2,2,5.8,10,Yes,High,Tier 3,No,Medium,Placed
Male,CSE,7.91,72.1,69.7,0,6.1,80.9,8,2,5,3,4,5,2,7.3,1,No,High,Tier 2,Yes,,Placed
Male,CSE,9.36,83.8,83.7,0,4.2,67.9,7,4,5,2,4,5,4,7.5,3,No,High,Tier 2,Yes,Medium,Placed
Male,CE,6.79,60.4,62.3,2,4.6,65.2,6,0,4,4,3,4,2,6.4,7,No,Low,Tier 2,Yes,Low,Not Placed
Female,ECE,8.77,74.9,80.1,1,6.2,76.4,4,2,3,1,4,3,2,8.1,4,No,Low,Tier 2,Yes,Medium,Placed
Female,CE,7.92,62.6,72.7,0,3.9,75.9,3,1,2,5,4,1,2,5.6,10,Yes,Medium,Tier 2,Yes,High,Placed
Male,CE,8.66,79.3,77.9,0,2.3,71.5,2,1,2,5,4,2,6,4.0,3,No,Medium,Tier 2,Yes,Medium,Not Placed
Male,ME,9.2,79.5,86.2,0,5.1,72.0,7,3,5,1,4,5,2,7.3,7,No,Low,Tier 2,Yes,Low,Placed
Male,ME,7.63,69.1,69.5,2,3.2,77.5,6,0,4,5,4,5,2,8.5,4,Yes,Low,Tier 2,Yes,,Not Placed
Male,CSE,10.0,86.3,91.4,0,8.6,80.4,7,3,5,4,5,5,6,8.6,2,No,High,Tier 2,Yes,,Placed
Male,ECE,6.57,61.7,61.1,1,3.7,69.5,7,1,5,1,3,6,2,5.4,10,No,High,Tier 3,No,Medium,Not Placed
Female,ME,9.54,85.5,89.0,0,5.1,77.5,6,3,3,4,5,3,1,6.3,2,No,Medium,Tier 2,Yes,Low,Placed
Female,CSE,9.41,85.6,88.8,0,5.8,71.9,6,3,5,1,4,6,7,7.9,3,No,High,Tier 2,Yes,Low,Placed
Male,CSE,7.0,65.5,62.6,1,6.4,64.1,4,2,3,2,3,3,0,6.2,3,No,Medium,Tier 2,Yes,High,Not Placed
Male,IT,7.75,69.8,72.5,0,6.4,83.2,8,3,4,5,4,4,1,7.1,4,No,High,Tier 2,Yes,Low,Placed
Female,ME,9.52,81.7,91.5,0,6.4,79.9,3,3,2,1,5,2,1,6.1,7,No,Medium,Tier 2,Yes,Medium,Placed
Male,CSE,8.27,78.7,69.9,0,3.8,71.8,7,2,4,3,4,4,3,5.7,9,No,Low,Tier 3,Yes,Medium,Placed
Male,ME,8.4,84.9,75.4,0,5.6,71.7,2,3,1,1,5,2,3,5.9,10,No,Medium,Tier 2,Yes,Medium,Not Placed
Male,CE,5.05,50.0,50.0,1,0.2,60.7,1,0,1,2,3,0,1,8.1,10,No,Medium,Tier 3,Yes,Low,Not Placed
Male,ECE,8.22,60.2,80.3,0,5.3,72.9,6,0,4,1,3,5,1,7.0,9,Yes,Medium,Tier 3,Yes,Low,Placed
Male,CSE,7.97,67.5,65.5,2,5.4,72.1,8,1,5,1,5,5,8,8.5,6,No,Low,Tier 3,Yes,High,Not Placed
Female,IT,6.99,61.9,59.6,1,5.7,82.3,8,1,5,4,3,5,2,7.6,6,No,High,Tier 2,No,Low,Placed
Male,ECE,9.45,83.1,91.4,0,5.8,72.8,5,3,3,5,5,2,3,8.9,5,No,Low,Tier 3,Yes,Medium,Placed
Male,CSE,8.86,71.9,80.5,0,5.8,77.1,6,2,5,4,5,5,4,8.0,3,Yes,Low,Tier 1,Yes,Medium,Placed
Female,ECE,7.43,63.1,69.1,0,3.3,70.2,8,2,5,5,3,5,2,7.9,6,No,Medium,Tier 1,Yes,,Placed
Male,CE,7.51,67.4,66.5,1,3.5,66.7,2,1,2,3,5,2,2,6.9,6,No,Medium,Tier 2,Yes,Medium,Placed
Female,CSE,8.82,80.4,81.3,1,5.4,74.1,5,2,4,3,4,3,2,9.0,5,No,Medium,Tier 3,Yes,Medium,Placed
Female,CSE,8.29,74.5,74.2,0,0.5,64.2,3,2,3,4,4,3,3,7.1,6,No,Medium,Tier 2,Yes,Medium,Placed
Male,CSE,8.49,72.0,71.0,0,1.1,69.3,7,0,5,5,4,4,4,4.6,7,No,Medium,Tier 1,Yes,Medium,Placed
Female,IT,8.82,73.2,86.6,1,2.8,68.1,3,2,3,2,4,2,2,7.3,4,No,Medium,Tier 2,Yes,High,Placed
Male,CSE,8.19,71.2,73.9,0,3.2,71.9,6,0,5,4,4,5,4,5.8,5,No,Medium,Tier 2,Yes,Low,Placed
Female,ME,7.46,64.6,68.3,0,4.6,70.9,8,1,4,1,3,5,2,8.2,2,Yes,Low,Tier 2,No,High,Placed
Male,IT,9.47,87.4,83.9,1,8.2,82.0,6,3,4,4,5,4,1,7.9,4,No,Medium,Tier 3,Yes,Low,Placed
Female,CSE,7.07,57.6,71.3,1,3.1,64.9,4,1,3,1,3,3,1,6.8,9,No,High,Tier 3,Yes,Medium,Not Placed
Female,IT,8.38,76.2,78.3,0,4.9,76.5,5,1,3,4,4,6,1,5.9,9,No,Low,Tier 3,Yes,,Placed
Male,IT,7.67,68.7,67.8,0,0.8,58.5,4,1,3,5,3,4,3,7.2,7,No,Medium,Tier 1,Yes,,Placed
Male,IT,8.92,78.3,81.6,0,3.1,66.8,6,2,4,2,4,6,2,6.2,7,No,High,Tier 2,Yes,,Placed
Female,CSE,9.43,86.7,80.4,0,5.4,74.6,7,4,4,2,5,4,2,7.9,4,No,Medium,Tier 2,Yes,Low,Placed
Female,ME,8.81,77.0,78.9,0,3.3,62.8,8,3,5,1,4,4,5,7.7,7,No,Medium,Tier 2,Yes,,Placed
Male,CE,8.95,85.6,78.1,1,2.8,64.4,4,3,3,2,5,5,3,9.0,2,No,High,Tier 1,Yes,Medium,Placed
Female,IT,7.53,71.3,60.8,1,0.0,61.1,1,0,2,1,3,4,3,6.5,8,No,Low,Tier 3,Yes,Low,Not Placed
Male,CSE,9.06,78.1,82.2,0,2.5,64.4,7,4,5,5,4,6,3,6.6,10,Yes,Low,Tier 2,No,Medium,Placed
Male,CE,9.13,89.9,80.3,0,6.3,88.4,8,2,5,2,4,6,1,6.8,9,Yes,High,Tier 3,Yes,,Placed
Male,ECE,9.49,75.4,92.8,0,3.1,74.0,8,4,5,2,5,5,2,6.9,10,Yes,High,Tier 3,Yes,Low,Placed
Male,CSE,9.55,93.6,78.6,0,4.2,77.8,6,4,5,2,5,3,1,8.2,5,No,Medium,Tier 1,Yes,Low,Placed
Female,ECE,7.49,74.3,65.3,1,2.5,61.4,8,0,5,5,4,5,6,6.7,10,No,Medium,Tier 3,Yes,Low,Placed
Male,CE,7.7,63.8,70.7,1,3.4,66.7,2,2,2,1,4,2,1,9.0,8,No,High,Tier 3,Yes,,Placed
Female,ECE,9.44,83.4,89.5,0,6.4,77.1,3,3,2,5,4,1,2,7.7,2,No,Medium,Tier 2,Yes,High,Placed
Male,ECE,6.79,55.5,58.9,0,3.1,68.7,6,2,4,4,4,3,4,6.4,10,No,Low,Tier 2,Yes,Low,Placed
Male,IT,7.53,65.4,79.3,0,2.5,76.0,7,1,5,2,4,4,1,6.1,10,No,Low,Tier 2,Yes,Medium,Placed
Male,ECE,7.99,78.8,70.0,0,6.4,70.9,1,2,1,1,5,1,0,8.2,8,No,Medium,Tier 2,Yes,Low,Placed
Male,ME,8.11,72.2,67.9,0,3.9,71.0,4,3,2,1,3,2,4,7.0,10,No,High,Tier 2,Yes,High,Not Placed
Male,ECE,5.99,50.0,53.3,0,3.4,67.2,6,1,4,2,2,4,2,7.0,9,No,High,Tier 1,Yes,Low,Placed
Male,ECE,10.0,93.7,99.1,0,4.4,73.2,2,4,2,4,5,3,1,6.3,6,No,High,Tier 2,Yes,High,Placed
Male,ME,9.31,84.9,88.9,0,6.1,78.5,4,3,3,1,5,3,1,6.9,7,Yes,High,Tier 1,Yes,Low,Placed
Male,IT,9.49,79.5,94.1,0,4.3,70.1,4,2,3,4,5,4,3,6.2,4,No,Medium,Tier 1,Yes,,Placed
Male,ECE,8.22,81.8,81.1,0,2.6,67.4,2,1,2,4,4,1,1,8.6,9,Yes,Medium,Tier 2,Yes,Medium,Not Placed
Male,CE,9.57,89.6,95.5,0,4.2,72.5,8,1,5,3,5,4,7,7.9,7,No,Medium,Tier 2,Yes,Medium,Placed
Female,CSE,8.29,73.0,74.7,0,0.9,57.3,1,2,2,3,4,2,1,6.8,9,No,Medium,Tier 2,Yes,,Placed
Female,CSE,9.15,83.6,91.7,1,2.2,77.1,6,4,4,3,5,3,6,6.8,1,No,Medium,Tier 1,Yes,Low,Placed
Male,ECE,8.75,85.1,80.9,0,4.7,73.3,5,2,4,1,5,3,1,7.1,10,No,Low,Tier 3,Yes,Medium,Placed
Male,CSE,9.62,89.4,90.0,0,4.1,81.0,7,3,5,5,5,5,3,7.0,8,No,High,Tier 2,Yes,,Placed
Male,CSE,7.52,60.2,74.9,0,4.8,78.0,8,1,5,1,4,6,4,5.9,10,No,Medium,Tier 1,Yes,Low,Placed
Female,ECE,9.73,83.9,99.3,0,4.9,74.6,4,3,2,4,4,1,2,4.7,10,No,Medium,Tier 2,Yes,Medium,Placed
Male,CSE,8.33,65.2,83.5,0,5.6,74.7,4,4,3,5,3,3,0,6.0,7,No,Medium,Tier 2,Yes,Medium,Placed
Male,CSE,7.42,65.7,60.4,0,4.2,73.8,7,2,5,1,4,5,8,6.8,9,No,Medium,Tier 1,Yes,,Placed
Male,ECE,8.84,69.8,79.8,1,6.0,68.1,8,2,5,3,5,6,3,6.1,10,No,Low,Tier 2,Yes,Medium,Placed
Male,ME,7.33,66.5,66.1,0,4.9,67.0,4,2,4,3,4,4,1,8.0,8,No,High,Tier 3,Yes,,Placed
Male,IT,7.85,74.7,65.6,0,5.0,70.9,6,4,5,1,5,5,3,6.7,9,No,Low,Tier 3,Yes,Low,Placed
Female,ME,7.37,65.6,60.6,0,2.3,59.7,3,0,2,5,4,2,3,9.0,9,No,Low,Tier 1,No,Low,Placed
Male,ECE,8.14,66.9,70.6,3,2.6,67.5,3,2,2,4,4,0,1,6.3,1,No,Medium,Tier 3,Yes,High,Placed
Female,IT,9.32,83.6,87.5,1,2.9,68.9,7,2,5,2,5,6,5,7.2,3,No,Medium,Tier 2,Yes,,Placed
Male,CE,9.73,88.7,91.8,0,7.8,92.3,6,4,4,5,4,4,1,6.7,6,No,High,Tier 3,Yes,,Placed
Male,CSE,8.02,76.7,70.6,0,6.7,81.8,6,4,3,4,4,2,8,7.5,7,No,High,Tier 1,No,Medium,Placed
Female,CSE,8.64,74.4,68.2,0,2.2,67.3,6,3,4,4,4,4,0,8.3,5,Yes,High,Tier 2,Yes,Low,Placed
Male,ME,9.89,91.5,89.9,0,4.0,72.6,7,3,4,3,5,5,5,7.7,10,No,Low,Tier 2,No,Medium,Placed
Female,ME,6.88,56.1,70.0,0,2.4,68.3,2,0,2,1,4,0,1,4.6,4,No,Low,Tier 1,Yes,High,Not Placed
Male,CE,7.25,60.6,61.8,0,2.5,65.5,0,1,1,1,4,1,1,7.6,4,No,Medium,Tier 3,Yes,High,Not Placed
Male,CE,8.54,83.1,84.8,1,6.0,77.0,3,3,2,5,4,2,2,5.8,8,No,Low,Tier 2,Yes,Low,Not Placed
Female,ME,10.0,99.6,89.8,0,1.1,59.1,4,4,2,2,5,4,2,6.6,5,Yes,High,Tier 1,Yes,Medium,Placed
Male,IT,7.5,63.7,72.7,1,4.9,65.9,4,1,2,1,3,0,1,7.8,10,No,Medium,Tier 2,Yes,High,Not Placed
Female,ECE,7.74,75.4,75.5,0,3.9,69.5,6,1,4,1,4,4,2,5.7,5,Yes,High,Tier 2,Yes,,Placed
Male,CSE,9.13,85.6,79.5,0,6.0,79.2,6,2,3,3,5,3,2,8.4,9,No,Low,Tier 1,Yes,Low,Placed
Female,IT,9.59,83.8,85.8,0,4.4,78.5,6,4,5,2,4,6,4,6.6,1,No,Medium,Tier 3,Yes,Low,Placed
Male,CSE,8.71,78.0,81.5,0,7.0,79.3,7,3,5,1,4,6,2,9.0,10,No,Medium,Tier 3,Yes,Low,Placed
Male,CE,8.55,79.5,77.0,2,4.1,67.4,7,0,4,2,4,5,2,7.1,7,No,Low,Tier 1,Yes,High,Not Placed
Female,IT,8.57,80.2,70.8,1,5.9,77.6,5,2,5,4,4,6,2,9.0,9,No,Medium,Tier 2,Yes,Medium,Placed
Female,ME,8.81,86.0,80.0,0,4.4,69.1,7,2,5,4,4,4,3,8.4,3,No,Medium,Tier 2,Yes,Low,Placed
Female,ME,6.83,56.8,64.2,1,4.1,65.5,2,2,2,1,3,3,2,6.3,7,Yes,Medium,Tier 3,Yes,High,Placed
Female,ECE,8.6,81.8,75.5,0,6.4,73.6,8,1,5,2,5,6,1,5.4,10,No,Medium,Tier 3,Yes,Low,Placed
Female,ECE,8.27,78.2,68.1,0,4.2,73.6,2,1,1,2,4,3,2,7.1,9,No,Low,Tier 2,Yes,High,Not Placed
Male,ECE,8.82,86.8,88.4,0,4.3,73.9,8,3,5,1,4,5,4,6.3,4,No,Medium,Tier 3,Yes,Low,Placed
Male,ME,7.59,66.6,71.1,0,2.6,70.6,6,3,4,1,4,2,5,8.9,8,No,Medium,Tier 2,Yes,Low,Placed
Male,CE,8.75,84.4,84.6,0,4.1,73.5,2,3,2,3,5,2,3,6.7,8,No,Low,Tier 2,Yes,Low,Placed
Male,ME,8.49,83.7,77.4,2,0.0,65.9,7,3,5,5,5,5,2,6.6,7,No,Medium,Tier 3,Yes,Medium,Placed
Male,CSE,10.0,91.4,90.3,0,3.1,77.0,6,3,4,1,5,4,5,5.3,8,No,Low,Tier 2,Yes,Low,Placed
Male,ECE,8.11,74.1,79.1,1,4.7,77.3,5,1,3,2,4,6,3,7.5,4,Yes,Medium,Tier 2,Yes,,Placed
Male,CE,7.26,65.3,64.8,1,3.7,67.9,4,1,2,2,4,2,1,5.6,6,No,Low,Tier 2,Yes,High,Not Placed
Female,ECE,8.34,79.3,73.8,1,3.6,72.5,7,2,5,4,3,5,6,7.5,9,No,Medium,Tier 1,Yes,High,Placed
Male,ECE,8.87,85.5,85.0,0,5.1,73.6,6,3,4,1,4,3,1,7.7,10,No,Medium,Tier 2,Yes,Medium,Placed
Male,CE,8.44,79.0,82.7,1,7.1,82.5,7,1,5,3,4,5,3,6.1,7,No,Medium,Tier 3,No,High,Placed
Male,ME,8.31,78.1,72.4,0,3.2,69.3,7,2,5,3,4,4,2,8.1,8,No,High,Tier 2,Yes,High,Placed
Female,ECE,8.04,69.0,76.6,0,5.7,76.6,2,3,1,5,3,0,0,6.7,6,No,Medium,Tier 3,Yes,Medium,Placed
Female,IT,6.85,58.4,55.1,0,4.0,73.4,8,0,5,3,3,5,4,5.2,3,No,Medium,Tier 1,Yes,Medium,Placed
Female,CSE,9.69,81.1,86.6,0,5.0,84.3,7,2,5,5,5,6,5,8.9,9,No,High,Tier 2,Yes,High,Placed
Male,IT,10.0,100.0,92.6,0,8.0,87.1,5,4,4,1,5,3,2,5.9,5,No,Medium,Tier 3,Yes,Medium,Placed
Male,CSE,8.08,70.8,69.8,0,5.9,78.6,7,3,4,2,5,4,8,7.6,3,No,Medium,Tier 2,Yes,,Placed
Male,CSE,7.99,75.4,74.8,0,6.5,79.8,7,1,5,1,3,6,2,7.5,9,No,Medium,Tier 1,Yes,Low,Placed
Male,IT,6.77,56.1,63.1,0,3.2,76.3,8,1,5,5,3,3,2,7.5,4,No,Medium,Tier 2,Yes,Low,Placed
Male,CSE,7.84,68.1,73.4,0,3.8,67.2,7,2,5,2,3,5,3,7.4,8,No,Medium,Tier 2,Yes,High,Placed
Male,CE,8.3,68.8,79.4,0,1.8,68.7,1,2,1,1,3,2,2,5.8,6,No,Low,Tier 1,Yes,Medium,Placed
Male,IT,7.83,66.2,69.8,1,2.8,81.4,7,1,5,1,4,5,2,9.0,2,No,Medium,Tier 3,Yes,High,Placed
Female,IT,9.27,83.8,78.8,0,4.4,75.4,7,4,4,4,5,4,4,8.1,5,No,Low,Tier 3,Yes,Medium,Placed
Female,IT,7.38,68.0,63.7,0,2.6,64.7,6,2,3,5,3,4,2,7.6,3,No,Medium,Tier 2,Yes,Low,Placed
Male,CSE,8.97,81.0,78.8,0,4.5,68.6,6,2,4,2,5,2,1,5.4,6,No,Low,Tier 3,Yes,Medium,Placed
Male,CE,8.51,72.6,87.3,0,3.1,67.9,5,3,4,3,4,3,6,5.8,5,No,Medium,Tier 3,Yes,,Placed
Male,CSE,8.29,73.7,67.6,0,4.3,78.3,2,3,2,4,4,3,1,7.8,2,Yes,Medium,Tier 3,Yes,Low,Placed
Male,ECE,8.17,78.0,69.3,1,5.3,80.1,2,3,1,4,4,2,4,4.6,6,No,Medium,Tier 1,Yes,High,Not Placed
Female,IT,9.11,87.7,77.8,0,5.2,74.6,6,3,4,1,5,3,4,7.4,9,No,Medium,Tier 1,Yes,Medium,Placed
Male,ECE,10.0,93.5,97.9,0,4.8,78.8,6,3,3,2,5,5,3,5.4,10,Yes,High,Tier 1,Yes,High,Placed
Female,ME,8.53,78.5,78.0,0,6.7,85.4,7,3,5,2,5,5,4,6.0,7,Yes,Medium,Tier 1,Yes,Low,Placed
Male,ECE,8.5,75.0,71.0,0,0.3,61.3,6,2,3,4,4,2,4,5.3,10,No,Medium,Tier 2,Yes,Medium,Placed
Female,ME,9.43,81.5,85.3,0,3.9,69.1,7,3,5,3,4,6,4,7.3,9,No,High,Tier 2,No,Low,Not Placed
Male,IT,7.7,68.9,67.7,0,5.6,87.9,7,3,5,4,4,5,4,8.3,4,No,Medium,Tier 1,No,Medium,Placed
Female,CSE,6.83,62.3,59.5,0,0.0,52.9,6,1,5,1,3,4,4,7.4,7,Yes,Medium,Tier 1,Yes,Low,Placed
Male,ME,9.06,86.6,84.6,0,7.5,83.4,8,2,5,3,4,3,2,7.5,3,No,Low,Tier 2,Yes,Medium,Placed
Female,IT,8.6,74.3,75.2,1,3.4,68.6,6,2,5,5,4,5,3,7.2,3,No,Medium,Tier 1,Yes,,Placed
Male,ECE,8.49,71.4,79.4,0,2.6,70.7,7,2,4,2,4,3,5,7.8,10,Yes,High,Tier 3,Yes,Low,Placed
Male,CSE,7.61,58.7,71.7,0,5.5,78.6,3,2,3,2,4,3,3,7.6,10,No,Medium,Tier 1,Yes,Medium,Placed
Female,ME,8.52,82.1,72.2,0,2.5,63.8,8,1,5,5,4,6,2,4.0,10,Yes,Medium,Tier 3,Yes,Medium,Placed
Female,ECE,7.74,69.0,67.1,0,6.7,76.4,8,2,5,5,4,3,4,8.1,5,No,Medium,Tier 3,Yes,Medium,Placed
Female,CSE,8.28,66.6,74.3,1,4.0,71.7,4,1,2,3,4,2,3,8.0,8,No,High,Tier 3,Yes,Medium,Not Placed
Female,IT,8.92,77.4,91.3,0,6.8,85.7,7,2,5,2,4,6,4,6.6,9,No,Low,Tier 3,Yes,High,Placed
Female,ECE,7.28,62.0,65.3,1,6.5,76.6,7,3,3,1,3,3,2,4.6,5,Yes,Medium,Tier 3,Yes,High,Not Placed
Male,IT,8.77,76.3,80.5,0,4.2,71.1,6,3,3,2,4,3,1,7.3,7,No,Low,Tier 1,Yes,Low,Placed
Male,IT,8.13,76.3,72.1,0,2.6,70.0,8,1,5,3,4,5,5,7.4,2,No,Medium,Tier 3,Yes,Low,Placed
Male,ME,8.35,69.8,72.0,0,7.5,89.8,7,4,5,4,4,6,3,6.5,7,No,Medium,Tier 3,Yes,Medium,Placed
Female,CSE,8.37,79.5,71.7,0,1.0,64.2,2,3,2,3,5,2,5,7.2,3,No,Low,Tier 3,Yes,,Placed
Male,ECE,6.7,56.9,61.6,3,3.3,59.8,5,2,2,5,3,0,4,8.3,9,Yes,Medium,Tier 2,Yes,Low,Not Placed
Male,CSE,8.81,75.3,82.1,0,5.7,69.9,7,3,5,3,4,5,4,9.0,4,No,Medium,Tier 2,No,Low,Placed
Male,IT,6.57,53.3,50.0,1,1.1,58.2,7,2,5,4,3,4,6,7.2,9,No,Low,Tier 2,Yes,Low,Placed
Female,CSE,8.01,71.6,73.8,0,1.6,59.0,6,2,4,3,4,4,3,7.4,5,Yes,Medium,Tier 2,No,Medium,Placed
Male,CSE,8.55,78.3,79.3,0,3.6,77.7,5,3,4,1,4,4,2,6.0,2,No,Low,Tier 3,Yes,Low,Placed
Male,ECE,9.96,87.5,96.8,0,4.6,74.6,5,4,4,5,4,5,3,6.4,5,Yes,Medium,Tier 1,Yes,,Placed
Male,CSE,9.32,83.6,89.0,0,0.2,65.3,5,2,3,4,5,2,3,6.8,5,No,Medium,Tier 2,Yes,High,Placed
Male,CSE,9.44,83.6,82.5,0,6.3,77.5,8,4,5,3,5,6,6,8.4,8,No,Medium,Tier 2,Yes,High,Placed
Male,ME,8.43,80.3,70.8,0,3.7,70.2,8,2,5,1,4,6,4,8.0,3,No,Medium,Tier 1,Yes,High,Placed
Female,CSE,8.5,75.3,73.6,0,5.4,73.4,6,3,5,2,4,3,3,9.0,9,No,Medium,Tier 1,Yes,Low,Placed
Female,CSE,6.29,56.9,58.8,1,2.5,66.9,6,1,4,3,4,5,5,5.2,10,No,Low,Tier 1,No,,Placed
Female,ECE,6.15,63.1,53.7,0,3.2,68.1,1,1,1,3,3,0,0,5.4,10,No,High,Tier 2,Yes,,Not Placed
Male,CE,9.73,100.0,90.1,0,4.6,76.2,8,3,5,2,5,5,4,8.3,3,No,Medium,Tier 2,Yes,Low,Placed
Female,ME,7.9,67.0,80.2,0,4.3,71.6,8,2,5,2,4,5,3,8.7,9,Yes,Low,Tier 1,Yes,Low,Placed
Male,ECE,7.66,75.8,73.8,0,5.3,76.6,6,2,3,1,3,4,3,7.0,6,No,High,Tier 3,Yes,High,Placed
Male,ME,6.54,54.0,60.7,0,5.4,77.8,5,1,3,4,4,3,1,4.0,8,No,Low,Tier 3,Yes,High,Placed
Female,ECE,8.29,78.2,74.5,0,1.7,65.1,2,3,1,3,5,0,3,6.1,2,No,Medium,Tier 3,Yes,High,Placed
Male,IT,8.06,81.4,71.9,1,4.4,83.6,5,2,3,5,4,3,2,7.4,8,No,Medium,Tier 1,Yes,Medium,Placed
Male,CSE,7.37,69.4,70.4,1,3.7,68.4,7,0,5,3,3,3,2,5.9,10,Yes,Medium,Tier 2,Yes,Medium,Placed
Female,ME,7.95,71.4,71.6,2,4.8,71.9,7,2,4,4,4,2,3,7.2,2,No,High,Tier 2,Yes,Medium,Not Placed
Male,IT,8.67,68.7,80.7,1,3.4,64.9,7,2,5,2,4,6,3,9.0,5,Yes,Medium,Tier 3,Yes,High,Placed
Female,IT,8.55,74.1,73.4,0,4.1,73.2,6,4,5,1,4,5,5,8.7,5,No,Low,Tier 3,Yes,Medium,Placed
Male,CSE,6.71,57.3,60.6,1,7.9,87.9,7,1,5,3,3,4,1,8.0,9,No,High,Tier 2,No,,Placed
Female,CSE,6.89,58.5,62.3,0,1.6,65.3,6,0,5,2,3,5,1,6.9,10,No,High,Tier 3,Yes,,Placed
Male,CE,9.24,83.2,85.5,0,3.1,80.6,4,3,3,4,5,2,2,6.4,2,No,Medium,Tier 1,Yes,Medium,Placed
Male,CSE,6.98,64.1,56.3,1,0.0,57.9,8,3,5,5,3,3,5,7.9,7,No,Medium,Tier 1,Yes,Low,Placed
Female,IT,9.15,71.0,85.1,0,2.9,62.1,5,3,5,5,5,5,6,7.0,5,No,Low,Tier 2,Yes,High,Placed
Male,CE,8.22,65.7,74.4,0,1.8,64.1,2,2,1,5,4,2,0,7.1,2,No,Medium,Tier 1,Yes,Medium,Not Placed
Male,CE,8.15,79.4,65.4,0,7.9,75.9,2,3,1,2,5,0,2,5.1,10,Yes,Low,Tier 1,Yes,Medium,Not Placed
Male,CSE,7.94,69.7,77.1,1,3.3,72.3,8,3,5,3,4,5,2,6.1,3,No,Low,Tier 3,Yes,,Placed
Male,CE,8.9,77.0,74.6,0,3.2,62.6,7,3,5,2,4,6,5,7.9,5,No,Medium,Tier 1,Yes,Low,Placed
Male,ME,7.33,67.6,64.4,0,5.3,74.4,0,1,1,4,4,2,2,5.7,10,No,Low,Tier 2,Yes,Low,Placed
Male,IT,6.95,68.6,52.6,0,1.9,61.8,6,0,5,4,3,6,5,7.3,1,No,Low,Tier 3,Yes,Medium,Placed
Female,CSE,7.82,61.8,73.9,1,5.5,75.4,8,3,5,3,5,4,3,7.5,7,No,Medium,Tier 2,Yes,Low,Placed
Male,CSE,7.59,62.0,69.1,0,5.5,71.6,4,2,3,5,3,3,3,7.6,1,No,Low,Tier 1,Yes,High,Placed
Male,ECE,7.77,67.4,77.1,1,7.1,77.1,1,4,1,4,4,0,1,7.7,6,No,Low,Tier 1,Yes,Medium,Placed
Male,CSE,7.46,73.7,65.9,1,5.1,75.9,4,2,3,5,4,2,0,7.8,6,No,Low,Tier 1,Yes,Medium,Placed
Male,ME,8.14,81.5,75.8,1,0.3,63.8,7,0,4,1,4,4,7,6.3,1,No,Low,Tier 1,Yes,High,Placed
Female,IT,6.48,58.6,62.0,0,6.3,72.1,5,1,5,5,3,4,4,5.2,9,No,Medium,Tier 1,Yes,High,Placed
Male,ECE,9.19,84.8,83.9,0,10.0,96.1,7,3,5,2,4,5,6,6.0,8,No,High,Tier 2,Yes,,Placed
Female,IT,7.95,68.4,69.5,1,3.9,70.2,8,1,5,2,4,5,4,7.9,4,Yes,Medium,Tier 2,No,High,Placed
Male,CSE,8.79,78.7,74.5,1,4.0,71.6,7,4,4,1,5,4,4,5.6,10,No,Medium,Tier 3,Yes,,Placed
Female,CSE,8.59,77.4,73.0,0,3.0,69.9,7,4,5,3,4,6,3,5.8,3,No,Low,Tier 3,Yes,Low,Placed
Male,CSE,8.15,67.5,76.8,0,0.7,59.8,8,1,4,1,4,4,1,5.7,4,No,Low,Tier 3,Yes,,Placed
Female,ECE,7.48,68.8,63.8,1,4.7,80.9,8,2,5,2,4,4,1,4.8,3,No,Low,Tier 2,Yes,Medium,Placed
Male,IT,7.49,71.2,64.1,2,2.9,67.6,6,1,5,2,4,6,2,5.6,10,Yes,Medium,Tier 1,Yes,Low,Placed
Male,CSE,7.08,66.9,59.6,0,4.7,67.8,5,2,4,2,4,5,4,8.2,4,No,Medium,Tier 3,Yes,Medium,Placed
Male,ME,9.52,80.9,85.3,0,4.7,83.0,8,2,5,3,4,6,5,6.1,7,No,Medium,Tier 2,Yes,Medium,Placed
Male,ECE,10.0,86.9,91.7,0,7.8,93.1,8,4,5,3,5,5,1,4.9,7,No,Medium,Tier 1,Yes,Medium,Placed
Female,IT,8.49,74.1,79.2,0,3.2,65.5,4,1,2,5,4,1,5,6.4,9,No,Low,Tier 3,Yes,Low,Placed
Male,CSE,6.62,61.1,55.3,1,1.5,68.2,8,2,5,4,4,5,4,7.6,9,No,Medium,Tier 2,Yes,High,Placed
Male,CSE,8.81,80.4,79.4,0,4.6,83.7,8,2,5,4,4,5,5,4.8,9,Yes,Medium,Tier 1,Yes,Medium,Placed
Female,CSE,7.95,77.4,59.6,0,3.8,72.7,6,3,5,2,4,5,6,8.1,5,No,Medium,Tier 3,Yes,Low,Placed
Male,ECE,6.94,63.4,63.5,1,7.7,84.9,7,3,5,4,3,5,4,5.3,10,No,Medium,Tier 3,Yes,High,Placed
Female,CSE,8.04,78.7,69.7,0,5.7,82.8,5,3,3,4,4,3,5,6.5,1,No,Medium,Tier 2,No,Low,Placed
Female,IT,9.39,90.9,74.1,0,3.7,77.7,8,4,5,1,5,6,3,6.5,4,No,High,Tier 2,Yes,Medium,Placed
Male,ME,8.44,73.0,70.3,0,6.0,81.4,5,4,3,3,4,3,0,6.3,5,No,High,Tier 2,Yes,Medium,Placed
Female,ME,8.22,74.5,73.6,1,6.2,71.8,7,2,4,4,4,6,3,6.9,9,No,Medium,Tier 3,No,,Placed
Male,ECE,7.1,63.0,60.8,0,2.1,60.6,2,1,1,1,3,2,1,7.9,2,No,Medium,Tier 1,Yes,Low,Not Placed
Male,CSE,8.38,78.2,75.6,0,4.9,73.4,3,3,2,5,5,1,1,7.0,3,Yes,Low,Tier 2,Yes,High,Placed
Male,ECE,8.84,82.3,80.2,1,8.4,92.2,6,4,5,5,4,4,4,6.3,3,No,High,Tier 3,Yes,Low,Placed
Male,IT,7.04,66.0,64.8,1,1.0,57.0,4,1,3,5,4,4,2,7.5,3,No,Medium,Tier 1,Yes,Low,Placed
Female,IT,8.25,74.0,73.9,0,2.5,66.7,4,3,2,5,4,2,6,7.2,7,No,Low,Tier 3,Yes,Medium,Placed
Female,IT,8.21,74.6,68.0,0,3.6,76.0,4,1,3,4,4,4,2,6.2,1,No,Medium,Tier 3,Yes,Medium,Placed
Male,IT,9.24,92.2,86.6,0,5.0,71.0,8,1,5,3,5,4,5,7.1,2,No,Low,Tier 1,Yes,Medium,Placed
Male,CSE,8.12,71.0,73.4,0,4.7,71.6,6,4,5,2,4,4,2,6.1,1,No,Medium,Tier 3,Yes,High,Placed
Female,CSE,8.34,72.7,67.9,0,4.4,65.3,8,1,5,2,4,5,6,6.0,9,No,Medium,Tier 1,Yes,Low,Placed
Male,CSE,7.39,63.0,62.7,2,3.6,67.2,3,2,2,2,4,3,1,8.0,10,No,Medium,Tier 3,Yes,Medium,Not Placed
Male,ECE,6.65,63.1,64.3,0,4.6,69.2,1,2,1,1,4,0,5,7.5,10,Yes,Low,Tier 3,Yes,Medium,Not Placed
Male,CSE,10.0,92.1,83.0,0,6.8,79.8,1,4,3,1,5,3,1,7.9,3,No,High,Tier 1,Yes,Low,Placed
Female,ECE,8.56,77.5,82.6,0,7.4,76.9,3,2,2,5,5,3,2,7.8,3,No,Medium,Tier 3,Yes,High,Placed
Male,ME,7.84,68.1,81.3,0,6.2,84.1,7,2,5,1,4,5,2,5.9,3,No,High,Tier 3,Yes,High,Placed
Female,IT,9.27,84.7,80.4,0,6.4,73.9,7,3,4,4,4,4,0,8.2,6,Yes,Medium,Tier 2,Yes,Low,Placed
Female,CE,8.51,79.5,72.6,0,4.2,70.3,6,2,4,3,4,5,3,6.6,3,No,Medium,Tier 1,Yes,Medium,Placed
Male,IT,8.05,67.2,76.0,1,9.2,83.9,6,4,5,3,5,6,7,8.1,2,No,Medium,Tier 1,Yes,Medium,Placed
Male,CSE,7.83,73.6,68.4,0,1.1,61.0,2,1,2,1,3,2,4,6.8,3,No,Low,Tier 2,Yes,Low,Not Placed
Female,CSE,6.67,53.8,57.5,3,4.5,87.3,5,0,2,5,3,2,3,7.4,8,No,Low,Tier 3,Yes,High,Not Placed
Male,ME,7.41,76.3,69.5,1,5.5,72.4,1,2,1,3,3,1,0,7.4,8,No,Medium,Tier 3,No,Medium,Not Placed
Female,CSE,10.0,89.3,86.9,0,4.1,75.1,7,2,5,2,5,4,3,8.0,1,No,Low,Tier 2,Yes,Medium,Placed
Female,CSE,7.15,70.8,62.9,1,6.2,73.1,4,3,3,4,3,3,1,5.0,5,Yes,High,Tier 2,No,Low,Placed
Female,ECE,7.58,67.9,66.3,0,3.7,77.1,2,2,1,1,3,1,2,5.1,4,Yes,Low,Tier 1,Yes,Low,Not Placed
Female,CSE,8.42,82.4,75.6,0,6.6,80.7,8,3,5,1,4,6,4,7.8,9,Yes,Medium,Tier 1,No,Low,Placed
Female,ECE,7.58,75.9,60.7,0,4.3,74.3,0,3,1,1,3,0,1,7.4,1,No,Medium,Tier 2,Yes,Medium,Placed
Female,ECE,7.05,65.9,61.3,0,3.2,72.5,3,2,3,4,4,4,1,6.1,6,No,Medium,Tier 2,No,Medium,Placed
Male,ECE,9.04,76.9,76.8,0,3.0,75.6,8,3,4,4,4,3,0,7.4,10,Yes,Medium,Tier 2,Yes,,Placed
Male,ME,6.82,57.2,56.4,1,4.6,81.9,5,0,3,1,3,4,4,5.3,10,No,Low,Tier 3,No,Low,Not Placed
Male,ECE,7.91,72.9,78.7,1,2.8,75.4,4,3,3,4,5,4,3,9.0,8,No,Medium,Tier 2,Yes,Low,Placed
Female,CSE,7.06,64.2,74.5,0,0.0,54.9,6,1,5,2,4,4,6,8.6,7,No,Medium,Tier 2,Yes,Medium,Placed
Male,CSE,7.19,69.3,59.7,2,0.2,65.1,2,0,2,3,4,1,2,7.7,8,No,Medium,Tier 1,Yes,Medium,Not Placed
Female,ECE,8.23,73.4,76.3,0,3.0,68.3,5,0,4,5,5,3,3,7.1,8,No,Medium,Tier 3,Yes,Low,Not Placed
Male,CE,8.01,74.4,69.3,1,3.3,76.6,7,3,5,4,3,5,3,6.3,10,Yes,High,Tier 3,Yes,,Placed
Female,CE,7.69,69.3,72.3,1,6.5,69.2,3,2,2,2,4,2,2,5.4,5,No,High,Tier 3,No,Low,Not Placed
Male,ME,8.52,78.8,67.3,0,4.7,75.2,8,4,5,2,3,6,2,6.9,2,No,Medium,Tier 2,Yes,Low,Placed
Female,CSE,9.36,86.0,81.0,0,4.3,66.3,4,2,3,1,4,3,3,6.0,4,No,Medium,Tier 2,Yes,Medium,Placed
Male,ME,7.97,75.7,71.0,1,2.5,70.5,7,2,5,5,4,5,5,6.0,6,Yes,Medium,Tier 2,Yes,,Placed
Male,ME,9.15,84.3,72.6,0,9.7,86.1,5,3,4,3,5,4,0,5.3,5,Yes,Medium,Tier 1,Yes,Low,Placed
Male,ECE,7.48,74.4,68.7,0,4.0,66.6,7,1,5,4,3,6,7,7.3,9,Yes,High,Tier 2,Yes,Medium,Placed
Female,ECE,9.02,91.0,73.3,2,5.9,68.2,4,1,4,4,4,5,1,6.5,8,No,Low,Tier 3,Yes,High,Not Placed
Male,ECE,7.48,72.8,71.2,2,4.1,68.8,7,0,5,1,3,5,6,7.6,4,No,Medium,Tier 1,Yes,High,Not Placed
Male,ME,9.88,88.6,85.1,0,5.2,76.8,5,3,3,2,5,4,6,7.5,6,Yes,Medium,Tier 1,Yes,High,Not Placed
Female,CE,7.88,75.2,68.2,0,1.2,65.8,2,2,1,5,4,0,1,7.3,5,No,Medium,Tier 3,Yes,Medium,Not Placed
Female,CSE,8.31,78.7,74.6,0,4.8,73.4,5,1,2,3,4,4,0,9.0,5,No,Medium,Tier 1,Yes,Medium,Placed
Female,CE,9.41,81.6,83.1,0,4.2,70.7,8,2,5,2,4,4,1,8.0,10,Yes,Medium,Tier 2,Yes,Medium,Placed
Male,CSE,8.81,89.1,80.7,0,4.2,75.2,8,4,5,3,4,6,4,5.5,10,No,Medium,Tier 2,Yes,High,Placed
Male,CSE,10.0,96.1,99.1,0,6.2,91.8,6,4,4,3,5,3,3,7.6,4,No,High,Tier 2,Yes,High,Placed
Female,IT,9.01,80.4,86.8,0,0.8,64.4,7,4,5,5,5,5,2,6.9,1,No,Medium,Tier 3,Yes,Low,Placed
Male,IT,7.33,66.3,58.7,2,3.1,64.2,3,3,2,2,4,3,3,5.4,10,No,Low,Tier 2,Yes,Low,Not Placed
Female,CSE,7.31,60.1,61.8,0,0.0,53.4,6,2,4,5,3,5,4,5.3,3,No,Low,Tier 3,Yes,Low,Placed
Male,ECE,8.48,76.6,74.9,0,3.5,69.3,5,3,2,1,4,2,1,7.5,7,No,Low,Tier 3,Yes,Medium,Placed
Male,CSE,8.49,78.9,69.4,0,6.2,82.1,5,3,3,1,4,4,3,7.8,4,No,Medium,Tier 3,Yes,Medium,Placed
Male,ECE,9.64,86.0,87.5,0,6.0,74.0,8,4,4,1,5,3,7,5.7,4,Yes,Medium,Tier 1,Yes,High,Placed
Male,IT,7.51,62.0,74.7,2,3.6,66.5,7,2,5,3,3,5,2,8.2,4,No,Low,Tier 1,Yes,Low,Not Placed
Male,IT,8.24,77.2,72.4,0,4.4,68.3,2,3,3,2,4,4,1,7.3,7,No,Medium,Tier 1,Yes,Low,Placed
Male,ME,7.84,69.2,71.8,0,3.3,64.9,5,4,2,4,4,3,1,8.4,8,No,Medium,Tier 2,Yes,High,Placed
Female,ECE,8.23,70.2,69.3,0,4.1,75.7,6,2,4,4,4,4,4,8.3,2,No,Low,Tier 3,Yes,Low,Placed
Male,ME,8.49,78.4,76.8,0,6.2,76.2,2,0,1,1,5,1,1,6.8,9,No,Medium,Tier 2,Yes,Low,Not Placed
Female,ECE,8.59,71.8,76.2,0,7.4,85.5,8,1,5,1,4,4,4,9.0,5,No,High,Tier 3,Yes,Medium,Placed
Female,IT,7.89,71.6,69.7,2,5.4,74.1,7,3,5,4,4,3,6,5.7,10,No,Medium,Tier 2,Yes,,Not Placed
Male,IT,7.48,73.5,64.2,1,3.9,64.1,8,1,5,1,3,6,1,9.0,3,Yes,Medium,Tier 2,Yes,Low,Not Placed
Male,ME,8.86,84.2,84.8,0,7.5,93.8,8,4,5,1,5,5,3,5.9,4,No,Medium,Tier 3,Yes,Low,Placed
Female,ECE,7.91,73.7,74.0,1,5.2,73.3,2,3,1,1,4,1,0,6.9,4,No,Medium,Tier 2,Yes,,Not Placed
Female,CSE,7.55,68.3,71.2,0,3.5,74.7,8,0,5,1,4,3,1,6.3,5,Yes,Medium,Tier 3,Yes,Medium,Placed
Female,CSE,8.32,64.5,73.7,2,3.7,70.4,5,2,3,3,4,3,2,6.5,3,No,Medium,Tier 1,Yes,Low,Not Placed
Female,IT,8.22,72.5,73.6,1,3.1,77.2,3,3,2,1,5,0,2,9.0,5,No,High,Tier 3,No,Low,Placed
Female,ECE,10.0,90.0,86.3,0,5.5,82.0,8,2,5,4,5,3,5,6.4,2,No,High,Tier 2,Yes,,Placed
Male,ECE,8.09,76.7,70.0,0,4.6,83.2,3,3,3,2,5,2,1,8.0,1,No,Medium,Tier 3,Yes,Medium,Placed
Male,ECE,8.76,74.5,76.6,0,4.4,73.9,8,3,5,5,4,6,3,6.7,5,Yes,Low,Tier 1,No,Low,Placed
Female,IT,7.9,73.8,67.8,0,2.8,65.1,3,2,2,4,5,2,1,8.1,7,Yes,Medium,Tier 2,Yes,Low,Placed
Male,CSE,10.0,93.2,88.1,0,8.0,81.3,4,4,3,2,5,3,3,6.3,6,No,Medium,Tier 3,Yes,Low,Placed
Female,IT,10.0,90.4,98.3,0,3.7,75.3,6,3,4,4,5,4,2,7.3,2,No,Medium,Tier 3,Yes,Low,Placed
Male,IT,7.76,74.3,72.6,2,6.3,72.3,4,4,4,1,4,3,2,7.8,6,No,Low,Tier 1,Yes,Low,Not Placed
Male,IT,7.79,64.0,71.2,2,2.0,63.8,6,1,5,4,4,6,2,6.1,5,Yes,Low,Tier 2,No,Medium,Placed
Female,ECE,8.76,74.3,74.0,0,5.1,72.0,6,4,4,1,4,4,5,9.0,10,No,Medium,Tier 2,Yes,High,Placed
Male,CSE,9.45,85.6,80.0,0,2.8,63.4,8,4,5,5,4,6,2,7.8,1,No,Low,Tier 1,No,High,Placed
